{
  "activity_weights": [
    -0.28006740740371644,
    0.050494396426655104,
    0.03453479651171897,
    0.24148662552762387,
    0.12554478705198951,
    0.1746570904918541,
    0.17399329669796446,
    0.1867723001508432,
    0.3355721166949683,
    0.25038864146860534,
    -0.21687244168816902
  ],
  "boundary_weights": [
    -0.6544267640711258,
    -0.2882292711447434,
    -0.367438220999658,
    0.005331083751144608,
    -0.4172716589771659,
    0.2153096862382523,
    0.16665445844641133,
    0.3092807627836097,
    0.29173855467757437,
    0.4755558578605808,
    -0.028769853033723036
  ],
  "feature_mean": [
    0.20170001139091362,
    0.2014729203730902,
    0.22342212387689894,
    0.1592134992344755,
    0.06200899912865941,
    0.061340769515081044,
    0.08904495744535984,
    0.7798057435777259,
    0.3891753990365995,
    0.9218749999999923
  ],
  "feature_scale": [
    0.2220226620322141,
    0.22305257598282313,
    0.38773128957627034,
    0.38547073859629616,
    0.08831396459223556,
    0.08872595086276706,
    0.14355140095087002,
    0.9071545055992236,
    0.5263313854605358,
    0.19945354678772556
  ],
  "lexical_supervision_used": false,
  "randomized_mapping_used": false,
  "referent_supervision_used": false,
  "schema_version": "synthetic-sensor-event-detector-v2",
  "training_digest": "92c1b21876ff5007ae666cf2744e87176b1e6bfce9bbab30ef1eaaca243538b5"
}
