d2a384ba53d8f4043c47828d62539df30aab5233950caa3691a52bdb16164198	110	babyworld_lite/development_launch_v1/__init__.py
44a03535dc9ad70911c1726d86ed5db8b01b1b1e269ad329ff4762d989439bbe	4962	babyworld_lite/development_launch_v1/adjudicator.py
089a2371f2799ab9a8752cacd6fa411a3c56afbbbc136da419b1d45677659c99	32467	babyworld_lite/development_launch_v1/integrity.py
acfaa90271a7356088b66a38cef083fe5c865d8bf47699e7bcb101208e2f9fe0	12848	babyworld_lite/development_launch_v1/protocol.py
349808987e84083758a7023e039044ff5ab72d85844ebf923d01394a31438d94	10628	babyworld_lite/development_launch_v1/statistics.py
ac48574f053f46fec33d6b3341e7d6968e25f49cdbe08bcc74fc9c0ac0fa51a8	53295	babyworld_lite/development_launch_v1/study.py
c57a0e190b8f02bf89a698a272dc0f4fd254a6324cd39ca639165a623e68978c	157	babyworld_lite/sensor_alignment_v2/__init__.py
9355717efa7e0336d22a6a5d78630cf5ecdb7f0ed712749e65608fea45dea7bb	325	babyworld_lite/sensor_alignment_v2/__pycache__/__init__.cpython-312.pyc
8dd7811ded0f250b879551d3bb9910a906b29c86ba21b3bda35c7b52f7a9ce63	365	babyworld_lite/sensor_alignment_v2/__pycache__/__init__.cpython-314.pyc
d5b0563a02345a54a4b7ff9630cf4ec244b8949338f6a6f2e1fa2b510f1ffda6	37123	babyworld_lite/sensor_alignment_v2/__pycache__/analysis.cpython-312.pyc
3107fd29df8973dae40d6e37d7ea2253485c6b667034786714d6bf577ae7881b	43248	babyworld_lite/sensor_alignment_v2/__pycache__/analysis.cpython-314.pyc
91a4a34447226b099c9eb4cb81babea51027d1f6097186436c3fd121cd70d28c	23188	babyworld_lite/sensor_alignment_v2/__pycache__/detector.cpython-312.pyc
ca9009f4de9914ebf21476ce2a3c6ecf5d727c7c71f60f2d80c44ff1e0822235	26664	babyworld_lite/sensor_alignment_v2/__pycache__/detector.cpython-314.pyc
c4d30dff84e0d72336ca30696a3e5638442a7a6e945e3654e8d46c4fabd56fe9	42917	babyworld_lite/sensor_alignment_v2/__pycache__/learners.cpython-312.pyc
d5f28a2ec362ef9bf20cd43a81ac2e078a014f5a2430a49c16d92432d90979a0	49777	babyworld_lite/sensor_alignment_v2/__pycache__/learners.cpython-314.pyc
a509ca0efbc56ad9bd758a46e374457dee96d69cb2fa8811d65c4c54a31102dd	24373	babyworld_lite/sensor_alignment_v2/__pycache__/protocol.cpython-312.pyc
748c0b9cb164ddc4afeb3490770d5a38b7d63a4cc830fef3b3664bb92b1ad7d2	28420	babyworld_lite/sensor_alignment_v2/__pycache__/protocol.cpython-314.pyc
fb840c6811424aee82e91bea1cbb4c58fc46655ed724ba64f0acae80fd48bceb	48921	babyworld_lite/sensor_alignment_v2/__pycache__/study.cpython-312.pyc
505ebe542cb53c9ec884771b3cedd0e6dfb72874ca27f675a7468a490d2588bb	62566	babyworld_lite/sensor_alignment_v2/__pycache__/synthetic.cpython-312.pyc
fb12f87699d1156a99b296272e023a9d7653ea6160387b46f9deea9d9eebf595	73082	babyworld_lite/sensor_alignment_v2/__pycache__/synthetic.cpython-314.pyc
4e99ed5d5d567eeba165309831e78d47148d4cbac6025f0ef4f677975b1ff720	29889	babyworld_lite/sensor_alignment_v2/analysis.py
6d74817b5bb30b4b265f2ec246b71be432d68ca6f545d50b04a153d77df33b6d	16759	babyworld_lite/sensor_alignment_v2/detector.py
1600c96642b3303d3f12b437a281b8295bae3ddf147f636dd1fb06fb09ea78ef	35563	babyworld_lite/sensor_alignment_v2/learners.py
a66d16f515d275fcd08c1db7293ca9ba50c14e7e60b820bba5d2eca3c8338bd8	16903	babyworld_lite/sensor_alignment_v2/protocol.py
a707c89e224ebf0c4fd5014f38fd55c29d787a0b2ec6572ea455ffff2f86c346	45005	babyworld_lite/sensor_alignment_v2/study.py
31aaba45e98455138ba798806497fbc83ab9f02e6843c0364f3378d1056eae1f	46948	babyworld_lite/sensor_alignment_v2/synthetic.py
0794535877a795564d47ff2b677591ccdf2342caa2a59f496226bb2a3c9dbc1f	213	babyworld_lite/sensor_alignment_v3/__init__.py
cb17df3c2aed5c7d16ffe1338abed381a4f52f4362b1ea01648d13c54f2276d2	396	babyworld_lite/sensor_alignment_v3/__pycache__/__init__.cpython-312.pyc
f2ef7ec768cb492c12a84db3b54275a30887173927bc0dd4428b32f961242d8f	393	babyworld_lite/sensor_alignment_v3/__pycache__/__init__.cpython-314.pyc
f144fe4fe9fd7b4da5cd6cac7d9bf4dd0a1588f98608068e0c3b88ba1e9aa58a	58066	babyworld_lite/sensor_alignment_v3/__pycache__/study.cpython-312.pyc
f8e10f2fc0d867c08d6e1eba881ce00ef0229ced76498f47646fbdf1df5c73e8	65431	babyworld_lite/sensor_alignment_v3/__pycache__/study.cpython-314.pyc
e11c486f4903c6cca8b3b67446b95ddd12d42f7bc2ffa3def9c8845270f7d9f1	29306	babyworld_lite/sensor_alignment_v3/study.py
a70a42b77748b90f2543096ff4cb51c601019b7d44679029e87199d71927e5c3	125	babyworld_lite/sensor_alignment_v4/__init__.py
65f986c3279ca3a063a8186e81e665fda40da15b38fb4459315b7f63026a9811	5755	babyworld_lite/sensor_alignment_v4/analysis.py
77acb81bfb4e90180940dbaa4d718bdf902858befe8c585ea654b7e35a8317fe	4300	babyworld_lite/sensor_alignment_v4/controls.py
4c10d958abb1eaae554410cdf6eafb78cb353b0c11422d1f93946ed45e60070d	15789	babyworld_lite/sensor_alignment_v4/corpus.py
f8f4593d451187c5ca70eb9a553eabe782882094388470fbed4ad6bb91e23b1b	4845	babyworld_lite/sensor_alignment_v4/detector_runtime.py
72904c943c4c673d637927d0c3fc3cb2fe2e40136b62e188e8887d8d191ead0b	14231	babyworld_lite/sensor_alignment_v4/learner.py
412695ba2623a10758adbbf2023a977c082d3f435060c1501ed0304177b21508	6992	babyworld_lite/sensor_alignment_v4/protocol.py
3d20169d8613deaaa32420f603783ffe2d00414489bb754f0e0310671c77e5c6	38191	babyworld_lite/sensor_alignment_v4/study.py
b1c49a9df3a83e6087c245d72619d9330ca1f788e4247bed88e5dee07ee89346	140	babyworld_lite/sensor_alignment_v5/__init__.py
e876b659d7e813fdeb5593f7e87b70348231457eda368f3a4e2f8a934058ff0d	3429	babyworld_lite/sensor_alignment_v5/adjudicator.py
b9d31e52435f320cde3ca5b4d99c2164cc184c82b446b14ddae35bdd8c210217	27315	babyworld_lite/sensor_alignment_v5/benchmark.py
8168e05ba6778f02575cfb229fb72d04d853e9cfdd332aad2bb32b700d19fd1c	4073	babyworld_lite/sensor_alignment_v5/controls.py
d876b48f138cbe307c885f9ef406012a881f77f330553c3907d100f7c6f87f0a	7692	babyworld_lite/sensor_alignment_v5/detector_runtime.py
8f736716ca9fe4dc49833c01df585719bf786aec59fedfe0a31cd44a88c2115d	23692	babyworld_lite/sensor_alignment_v5/integrity.py
c98319c3a3eb4956224db061f2d738c956f8f37f5343665b9530bdfff1a134c0	17736	babyworld_lite/sensor_alignment_v5/learner.py
d41a0f0f8c565797bafcbc683ea25ac580cde43a6cec34942e286d003e7df009	11751	babyworld_lite/sensor_alignment_v5/protocol.py
ee5df0a1628ac0fda3e9347749ded4ec66185385f04040f860882fa3b950f24d	29576	babyworld_lite/sensor_alignment_v5/study.py
bf2fd07c266dc1f12c4725f42b8053163bc48271edbb561916636d66b24ac5d2	140	babyworld_lite/sensor_alignment_v6/__init__.py
04f7765a1952721138b9b3b6dd250d5b39dcd82d688ddd117232b03158cacfdf	3569	babyworld_lite/sensor_alignment_v6/adjudicator.py
ebd20e0a4a943acf9e68646b49a72a7fe5ad11afd255d69307901ae459a55165	43748	babyworld_lite/sensor_alignment_v6/benchmark.py
3ce2388a96b46a7fc0c98030de4e3c160daa7ab06880c251a390fc3c7c61a6a3	6244	babyworld_lite/sensor_alignment_v6/controls.py
1737686c116eabbbc1cd71bc6e1eb9d65fe62381a56cedd25757a7104ecae24a	7692	babyworld_lite/sensor_alignment_v6/detector_runtime.py
b6b029c6cf4ce2c72521e804fdbb28ef7b2bc999c4eea4277780f55b7ed88c64	23753	babyworld_lite/sensor_alignment_v6/integrity.py
ca79544fe0b335145861c0074098523d21fe4136b5c888d2e4a92b8f076d7ebe	25739	babyworld_lite/sensor_alignment_v6/learner.py
6255b2f15caa6c8768d0b6e5c9188b1f10bfdae53b588016e707eccaafeb76b2	12274	babyworld_lite/sensor_alignment_v6/protocol.py
edcc3e863c881c6b102e2e17e6267cbc78ba35bece3717db2913df0d022b0e86	43624	babyworld_lite/sensor_alignment_v6/study.py
16e9e72ab238a27dcba2a9b871aec8abd266a75417c2d5d212c5fe420418f086	140	babyworld_lite/sensor_alignment_v7/__init__.py
71954e71d385c11b30ab7dcfc61b2618572400f229f269d4d07b717f3c5a6b0a	3689	babyworld_lite/sensor_alignment_v7/adjudicator.py
9d017ffcfc48f8f0b9ad8803ea378a09385e9690e7647ef7ec936f7e00b5da18	43724	babyworld_lite/sensor_alignment_v7/benchmark.py
72de2b8c3643c9f6eb7b5c3b7cda0fdd1d6be7d464fb51d998e3e784199d1936	4073	babyworld_lite/sensor_alignment_v7/controls.py
2c2508d4d3cb83afcde1e7d870795a74bcc427e2535e697070592e134e4966ad	7692	babyworld_lite/sensor_alignment_v7/detector_runtime.py
917aae4cff4726565bbbc26b19dfa563251342cd2814ba686b979819f551df38	27401	babyworld_lite/sensor_alignment_v7/integrity.py
4dd17af4940c3464ba99ea4703d9c97a69b20dc551a8274bd1acaebdb4d9ad9b	34033	babyworld_lite/sensor_alignment_v7/learner.py
f69dd1e92b876f372449124425da889d9fa768aebc9c1e26bb735b8c09b6c516	12144	babyworld_lite/sensor_alignment_v7/protocol.py
78361182be14c8c1d47794dce012211b7e8485883e0d170825023a0ef69ddfbf	44558	babyworld_lite/sensor_alignment_v7/study.py
e8b18c5acdcaef72f814dc4d07e5c026252aff062315fa796030f84a7a72545c	140	babyworld_lite/sensor_alignment_v8/__init__.py
860bb59a2500ae1ed141c0bf4a7399e68d32d4091a170f11965599c0332fa5e4	3689	babyworld_lite/sensor_alignment_v8/adjudicator.py
d6c378326f676ca5f8ca166c3e746de2eedb99e2d22a34464d02f38dd5d6f373	51021	babyworld_lite/sensor_alignment_v8/benchmark.py
2099594a925d87d33fca7169fec009dea150573ac3571d32d26393af4692dc4b	4073	babyworld_lite/sensor_alignment_v8/controls.py
06ed68541aa1e0ab404adfd584385bf35106fc9491e5e474f557440ae89a4f0f	7692	babyworld_lite/sensor_alignment_v8/detector_runtime.py
61017fa2f5ab5e26e6b256cf01365104729c9198d581c4d1bbfca9f79542499d	27407	babyworld_lite/sensor_alignment_v8/integrity.py
442a45d899b9b490a5c2f066dff10df82f79ac374f063fd8950c67e4e6435a0d	34033	babyworld_lite/sensor_alignment_v8/learner.py
c54ad24a7d12ec409e6a8c043e611d2ea6011d4a43a460dc7587c64155563cd3	12144	babyworld_lite/sensor_alignment_v8/protocol.py
16e9e72ab238a27dcba2a9b871aec8abd266a75417c2d5d212c5fe420418f086	140	babyworld_lite/sensor_alignment_v8/sensor_alignment_v7/__init__.py
71954e71d385c11b30ab7dcfc61b2618572400f229f269d4d07b717f3c5a6b0a	3689	babyworld_lite/sensor_alignment_v8/sensor_alignment_v7/adjudicator.py
9d017ffcfc48f8f0b9ad8803ea378a09385e9690e7647ef7ec936f7e00b5da18	43724	babyworld_lite/sensor_alignment_v8/sensor_alignment_v7/benchmark.py
72de2b8c3643c9f6eb7b5c3b7cda0fdd1d6be7d464fb51d998e3e784199d1936	4073	babyworld_lite/sensor_alignment_v8/sensor_alignment_v7/controls.py
2c2508d4d3cb83afcde1e7d870795a74bcc427e2535e697070592e134e4966ad	7692	babyworld_lite/sensor_alignment_v8/sensor_alignment_v7/detector_runtime.py
917aae4cff4726565bbbc26b19dfa563251342cd2814ba686b979819f551df38	27401	babyworld_lite/sensor_alignment_v8/sensor_alignment_v7/integrity.py
4dd17af4940c3464ba99ea4703d9c97a69b20dc551a8274bd1acaebdb4d9ad9b	34033	babyworld_lite/sensor_alignment_v8/sensor_alignment_v7/learner.py
f69dd1e92b876f372449124425da889d9fa768aebc9c1e26bb735b8c09b6c516	12144	babyworld_lite/sensor_alignment_v8/sensor_alignment_v7/protocol.py
78361182be14c8c1d47794dce012211b7e8485883e0d170825023a0ef69ddfbf	44558	babyworld_lite/sensor_alignment_v8/sensor_alignment_v7/study.py
aa74c33bf5bd4a4f83f7b2d9d61ad26ced1df6316d68d21dc4c88b4b138f117d	44558	babyworld_lite/sensor_alignment_v8/study.py
375fb2dcb05d5afb890295e17eabe9d39e49a2e9601309e73765f858cc8c488a	155	babyworld_lite/weak_alignment/__init__.py
5157358d16cd0649c393af21639c5e2f99bd427b7f9075edb807282092a639fc	317	babyworld_lite/weak_alignment/__pycache__/__init__.cpython-312.pyc
138c15b3cde2ee6e849d7db5d22c4e1e04220824be35a800fc8b61ed4d0d6870	357	babyworld_lite/weak_alignment/__pycache__/__init__.cpython-314.pyc
a105f1ff27184159d6143c1e3141fc92667654039614f93802a47577e1ea3d33	33918	babyworld_lite/weak_alignment/__pycache__/analysis.cpython-312.pyc
05070b8a93c0b2cfb88b587ac35ccaabfdb45a91ff15377af5156f3714612d43	38435	babyworld_lite/weak_alignment/__pycache__/analysis.cpython-314.pyc
495ab22a5a943fa6eccb5fe7dec773053b748c34f28d1e46e5919e568f3ea633	27083	babyworld_lite/weak_alignment/__pycache__/learners.cpython-312.pyc
65ea41344a6443055d1aeace6d1250a02119df1487bc0d1d020ad555afbef90f	31647	babyworld_lite/weak_alignment/__pycache__/learners.cpython-314.pyc
7d281f8c5c61c56e1a1cf1f3887747095ff61faeeeda4e1b0d1aac560bd6aef9	22663	babyworld_lite/weak_alignment/__pycache__/protocol.cpython-312.pyc
6bc0c0dcc233a9863a60c180cb122138a5ac190239d7406953b589e345f70550	26534	babyworld_lite/weak_alignment/__pycache__/protocol.cpython-314.pyc
5d05654b822feb71258c9589896569f4a227512eb71eb8dc7f68dc02b481d8e5	30242	babyworld_lite/weak_alignment/__pycache__/study.cpython-312.pyc
1eb596e49f09c3159d816fde4307df6a63d1d85c10b225a3d29f0c1357921b3e	36461	babyworld_lite/weak_alignment/__pycache__/synthetic.cpython-312.pyc
8ddb72989797fd1ff2e9c473e6f5774cd634689571a5cbedba66134e9b873033	41461	babyworld_lite/weak_alignment/__pycache__/synthetic.cpython-314.pyc
2f1579c96288accbd4ce50f3a5531e5add0ace2baf86f428330df51068a8f36e	25724	babyworld_lite/weak_alignment/analysis.py
e76352afcd478973a20bb00429ffefe7f9e20d4e2383392244d4e079614ae881	18494	babyworld_lite/weak_alignment/learners.py
8184e97e13e866d1d262daabc36d4f546985532b4c887de8c3680ca0c9f07a28	15901	babyworld_lite/weak_alignment/protocol.py
3b56a1e5b344b57cfcb323fc9bebc4bfbdd3a37faf7f9b1a973180296b84b158	27453	babyworld_lite/weak_alignment/study.py
5e7c90418ff5ea5af29b68d8e17d6376744c66501cbcd91279bac670141d93a6	27142	babyworld_lite/weak_alignment/synthetic.py
176eb21e52f6910e22702022a23f31a56d3ccb8cf5b66533cebd35636482ee7e	3544	configs/synthetic_component_robustness_v3.yaml
003a8b4196fddf940911a65bf6aa7cd6ff64d238fae32c635b10f8e01118744a	8150	configs/synthetic_development_launch_v1.yaml
5921aa7e70b507b5c5c0a706e508f1ae7da1ab54398f4f96c296b902aa244b18	3273	configs/synthetic_identifiability_qualification_v5.yaml
5c896116d5fd4cf9efa94d0178989f28f15fc7776fc0d740c3022faf672cf94c	5408	configs/synthetic_identifiability_qualification_v6.yaml
cb519a936f8d4486fdd7a2f71f199644d266ac855277ad3fef34bc04121bcf34	5407	configs/synthetic_identifiability_qualification_v7.yaml
066bb65a0b9c86350eeab65143c9115790a66ae4fbacdbb9b30105408ff03557	5561	configs/synthetic_identifiability_qualification_v8.yaml
4d1aa3bac16f463dfef9081d15c4032cc8206e799b3a68390e1ac6df1c074690	3427	configs/synthetic_protocol_fidelity_v4.yaml
c1e90423ad197bf97e12f1bb719c92886218c1c4873e55ee849ed62dede30d10	7278	configs/synthetic_sensor_event_robustness_v2.yaml
19de1000f0eca2250e63e64a87e9691fce70616bf99f0bef7b80a6eb3b0879ef	4534	configs/synthetic_weak_alignment_recovery_v1.yaml
8f5e189fca3c5855f4b85624e3163fe361b9b4a36cd12a5e95faa336a203b7a3	3918	docs/synthetic_component_robustness_v3_forensic_audit_v4.md
c2e589129857779fc3a59ba1aa412ff27d0929da1f03151b1840b7e17167fadf	1846	docs/synthetic_component_robustness_v3_primary_sources.json
dab18e7704c34e116d9dac6aad456ef71c0995eb8844bb67755909b1ecdecafd	3665	docs/synthetic_component_robustness_v3_protocol.md
866d173a1a09ee218a2ab376a3dd833271caacb09eea7e45fc7185d5e6d9c60b	1232	docs/synthetic_component_robustness_v3_source_record.md
e808bd30997b1ba6b9178b6ee01843163e6c6e5f142c70e766d0fbed6933ae45	1452	docs/synthetic_development_launch_v1_limitations.md
e8ac6f21017ac57ff19e8cedc1013a59834012640c4af8301262d6d452cc98df	957	docs/synthetic_development_launch_v1_primary_sources.json
5d997f0d29a7a4a55dd65c5b50a6c2ba864a033516f2291a7ef1112672d87424	5066	docs/synthetic_development_launch_v1_protocol.md
c30a4b6a9812b4a8d8d1ab4b406816a9628d49fd72c1669ae08626491c6cc658	3731	docs/synthetic_development_launch_v1_repair_ledger.json
efb2e89d354f44421a5def1a93e8b9e3f5b1cc1a59f2f882502600b8182d2cf9	994	docs/synthetic_development_launch_v1_sample_size.md
fe646877a9aa8bc4cf8db3aee40ef2c6fb22b00b4f58a660a8a2d4306e972141	6355	docs/synthetic_development_launch_v1_traceability.json
2b55587c0b91e51ec5884b732ca13fc4bc453a0e416b52f99c40cb8374e9182e	1164	docs/synthetic_identifiability_qualification_v5_limitations.md
c2ae1814d2b22f596543bc03e038ed2ff159e3b59f2fbbe156938082a9549abe	419	docs/synthetic_identifiability_qualification_v5_primary_sources.json
00bb972b5cb1c8b68eede602ad078c40fd50a4b205558b6f1b20abc8f945b96d	3374	docs/synthetic_identifiability_qualification_v5_protocol.md
90bb291c92ef04ac2e78956fd04c08813180bb5ddc7acd5e79e356e64f6b9273	8271	docs/synthetic_identifiability_qualification_v5_traceability.json
5e03ca321d5b2c5368598420036629f0b722df540c993b86241fce65f911460e	1350	docs/synthetic_identifiability_qualification_v5_v4_disposition.md
a8107cd723e3ac993bdac331b82d4d70d29edd7268919c04613260dee126c4ad	1164	docs/synthetic_identifiability_qualification_v6_limitations.md
c2ae1814d2b22f596543bc03e038ed2ff159e3b59f2fbbe156938082a9549abe	419	docs/synthetic_identifiability_qualification_v6_primary_sources.json
42f59f233fe0ff95c9f7636d9d246aa2aa79298a7234ab102fd94f672b42f8aa	3374	docs/synthetic_identifiability_qualification_v6_protocol.md
caf8b40ee5680cefe6c0ca14bc0e5259a513fbfe3da2550f3c6fb01e6de31170	8271	docs/synthetic_identifiability_qualification_v6_traceability.json
8f16bae6a91c32f4a0afae9ef9deadd1bd8b7aa3311b4597f0399f6135aa8abd	1573	docs/synthetic_identifiability_qualification_v7_limitations.md
1c1ee6d85cc02e5b98d213004cefbcf87f38eba764c581a1151c73338a2be4f0	546	docs/synthetic_identifiability_qualification_v7_primary_sources.json
9129792fa73a96b48c296586d1d30da1c60c5dd08807831ba4d066132baf3d7f	4185	docs/synthetic_identifiability_qualification_v7_protocol.md
1f22c667d8488ea62001bcd99b23ad5e361074bfb6a5c1654dcf45681baffebf	3906	docs/synthetic_identifiability_qualification_v7_repair_ledger.json
49c44066c9e55c37a73d2ac0e47f5e6f0c657c5e9434e988f9d432d874b01309	8781	docs/synthetic_identifiability_qualification_v7_traceability.json
bbb837b2eb63ad7ef2c35ac916b4ce19f91e66752ba8b77154045b7adb3b31ec	2877	docs/synthetic_identifiability_qualification_v7_v5_v6_audit.json
ce96ba5d70d00f76b73f0f6df729f2c0a994f35ef8df1a059f7ba85f14f70194	1573	docs/synthetic_identifiability_qualification_v8_limitations.md
888d51cfe7863612014892b7c762532b18488f90b053c7c226c4fd32d2015d78	822	docs/synthetic_identifiability_qualification_v8_primary_sources.json
b60b6adc52cf15ff623620e8f40531b94dbae3e4f3dff3ed10009e68db5188d8	4951	docs/synthetic_identifiability_qualification_v8_protocol.md
1da369f900245e175a83312e90d073d5565be731f6d32ae064feafd2546c50c0	8770	docs/synthetic_identifiability_qualification_v8_repair_ledger.json
43fb933f27b6d499ad1df3894935fc3607b7baa071f4a50eb42c1ab24052645a	8781	docs/synthetic_identifiability_qualification_v8_traceability.json
4874d3bfed0b0e92b8462ade04bd916a336d13736887a24c3c42013450ee9280	4938	docs/synthetic_identifiability_qualification_v8_v5_v7_audit.json
9aafc86d7b9959ac190c698ce7b03427f86ee588cb0984c177ea3b762753a4e6	1736	docs/synthetic_protocol_fidelity_v4_fixture_repair_log.md
ea1858a08fde17c68f64bd1598879a4e3afe27952b11b28e37580ac29e9b8c6e	2291	docs/synthetic_protocol_fidelity_v4_primary_sources.json
5e916c5b0deba6d3075511dad7d4cce863c60a09a9579224085b74ce157e965d	7306	docs/synthetic_protocol_fidelity_v4_protocol.md
6f4ccfed3fbc310494075bbb476c2a2064cfd9884fae2b0ba34ccb6e108b70dd	1204	docs/synthetic_protocol_fidelity_v4_scientific_limitations.md
667dc53bff35221918c9592a517a66db10ccd2899834407726ec5aed040b1c1d	3233	docs/synthetic_protocol_fidelity_v4_traceability.md
8eb65b00eb7c475793e00f0c8d521582fb41ee220fe84575dc8e0135eed961a9	6169	docs/synthetic_sensor_event_robustness_v2_primary_sources.json
9eb8951e837f6b84f6113060a147a0bbc8d55ca4e72e73255c3e9ad9166c404e	12704	docs/synthetic_sensor_event_robustness_v2_protocol.md
5507d369b0569e93021fd76665a346c1ad8c598a858887d1cdf0b7d8a26c55a9	4794	docs/synthetic_weak_alignment_recovery_v1_primary_sources.json
82ade872a4fe75bd43b0db3138d4bf98ec8b12ebf00f451a195f0941f28b0f90	12156	docs/synthetic_weak_alignment_recovery_v1_protocol.md
2646c917b8fd575c8202d2ba0ca4fb479518b522b3853505f7ed24ecf9a84018	1501	output/synthetic_component_robustness_v3/aggregate_results.json
8c14f9296d377d692b1fdb4f97615cd1776a31d624ecd208954936df26d1bd21	652	output/synthetic_component_robustness_v3/artifact_manifest.json
c437b9fbf878405935d684689ba109b2a4b2f76b8f4333c8ed7dce932838ce5d	180	output/synthetic_component_robustness_v3/audits/design_nonfloor.json
416ee81dda3079f07e639662327e502fbc76580bbc9f000df02328fceccdab03	226	output/synthetic_component_robustness_v3/audits/freeze_integrity.json
8d0f617ba8f7a9f4d0656f4482ecebb3f61db8fb0864b9ae7c5334cc7a74daea	267	output/synthetic_component_robustness_v3/audits/independent_validation.json
775100a8f3a9b2dbe19cc05a051aef5f7758898308a10e9fa48937fc0d460df2	123	output/synthetic_component_robustness_v3/audits/preservation.json
13cadd32d486e4213ff7023df0206168623cbb41a5cbd202dca84f20fe104522	245	output/synthetic_component_robustness_v3/audits/selectivity_and_corruption.json
5e13552289f3c03a8dc6cf3b62f676e132b37409d65887d8af35b06601c28926	326	output/synthetic_component_robustness_v3/confirmation_reserve_manifest.json
b898f7332ef3ce425076acfdc8aa57b65dabdc53d4f9c41c646129816057097f	236	output/synthetic_component_robustness_v3/development_run_manifest.json
0490c72d0b640cc9594c29eec2274c3fd46e907d10bade28c948a8b261adb677	401	output/synthetic_component_robustness_v3/factor_results.json
fe9b7a6c1b6b5ed1dcc678451c2db82fae656958556e888d24a63f6eb8a504f2	1392	output/synthetic_component_robustness_v3/freeze_receipt.json
176eb21e52f6910e22702022a23f31a56d3ccb8cf5b66533cebd35636482ee7e	3544	output/synthetic_component_robustness_v3/frozen_config_snapshot.yaml
dab18e7704c34e116d9dac6aad456ef71c0995eb8844bb67755909b1ecdecafd	3665	output/synthetic_component_robustness_v3/frozen_protocol_snapshot.md
d08dfec4efa31b0930ee20baa462291ecc7337ead8be9bc7f9a0325b47cc2a2e	42530	output/synthetic_component_robustness_v3/preserved_v1_v2_hashes.json
c2e589129857779fc3a59ba1aa412ff27d0929da1f03151b1840b7e17167fadf	1846	output/synthetic_component_robustness_v3/primary_sources_snapshot.json
ddca0a84b70d165a83f8931a8e3242bd13ebaae3bef6768f17e715d6b7e2aee2	38268	output/synthetic_component_robustness_v3/raw/corpora/corpus_31013/adversarial_plus3_secondary/evaluation_items.jsonl
4db13547242477236c9c98c9785970c6e0d2508c80c883791363d1bca6f5cc3b	296	output/synthetic_component_robustness_v3/raw/corpora/corpus_31013/adversarial_plus3_secondary/generation_audit.json
001de8f6ab44e64195f5a47536a9fc4fed13d6ba1704d656ee867704b930ab9a	398	output/synthetic_component_robustness_v3/raw/corpora/corpus_31013/adversarial_plus3_secondary/lexicon_oracle.json
25727482c7583d84891873a50b01c3fc93d66e70dd1668682ebc7e244fc16b60	4890	output/synthetic_component_robustness_v3/raw/corpora/corpus_31013/adversarial_plus3_secondary/oracle_episodes.jsonl.gz
c34b05edb98ea9a4e89a3cb9f428600f3fd6c9b60d5af6195bd06d476ffbbe8c	624566	output/synthetic_component_robustness_v3/raw/corpora/corpus_31013/adversarial_plus3_secondary/visible_episodes.jsonl.gz
ddca0a84b70d165a83f8931a8e3242bd13ebaae3bef6768f17e715d6b7e2aee2	38268	output/synthetic_component_robustness_v3/raw/corpora/corpus_31013/unbiased_primary/evaluation_items.jsonl
9a551133ecbf846fb69e7e97104c1326d0d655a98b9745fad7e46f378f6f276b	371	output/synthetic_component_robustness_v3/raw/corpora/corpus_31013/unbiased_primary/generation_audit.json
001de8f6ab44e64195f5a47536a9fc4fed13d6ba1704d656ee867704b930ab9a	398	output/synthetic_component_robustness_v3/raw/corpora/corpus_31013/unbiased_primary/lexicon_oracle.json
bab8f9a736af03b0e11a5f835fdcb37159382908d7d9b1b45ef1d836e7ea97a7	5876	output/synthetic_component_robustness_v3/raw/corpora/corpus_31013/unbiased_primary/oracle_episodes.jsonl.gz
a46e795033f08528365eed34b11301d5cf45813344c78a0fd9b34a114f6f2777	628160	output/synthetic_component_robustness_v3/raw/corpora/corpus_31013/unbiased_primary/visible_episodes.jsonl.gz
8eb8a9785483c9f20966769190d66a9cc45048bf6749fb9b403c363729c70287	38268	output/synthetic_component_robustness_v3/raw/corpora/corpus_31019/adversarial_plus3_secondary/evaluation_items.jsonl
46ac7fd20c23d3556338213d6fa66b25d2fc9313e79a1ce1f48fef2a2c3dc35b	296	output/synthetic_component_robustness_v3/raw/corpora/corpus_31019/adversarial_plus3_secondary/generation_audit.json
8bc3a960d6092f59ac8fb7b9c8043363980336f3ff94ed644f66cc2896d0d869	398	output/synthetic_component_robustness_v3/raw/corpora/corpus_31019/adversarial_plus3_secondary/lexicon_oracle.json
a57253e9ec8c77bf8ea91d11861ab91820b971f90220b6b1ea32017bf9fc2151	4876	output/synthetic_component_robustness_v3/raw/corpora/corpus_31019/adversarial_plus3_secondary/oracle_episodes.jsonl.gz
2bd0d92b9ec06a9083dd44e6791cf9bba7431ff2957e1c02872c07b6cbe761b7	625005	output/synthetic_component_robustness_v3/raw/corpora/corpus_31019/adversarial_plus3_secondary/visible_episodes.jsonl.gz
8eb8a9785483c9f20966769190d66a9cc45048bf6749fb9b403c363729c70287	38268	output/synthetic_component_robustness_v3/raw/corpora/corpus_31019/unbiased_primary/evaluation_items.jsonl
cc98bb4261419ccea010611ad76460c195fbff86ce55531ff4e70232eb5e8204	371	output/synthetic_component_robustness_v3/raw/corpora/corpus_31019/unbiased_primary/generation_audit.json
8bc3a960d6092f59ac8fb7b9c8043363980336f3ff94ed644f66cc2896d0d869	398	output/synthetic_component_robustness_v3/raw/corpora/corpus_31019/unbiased_primary/lexicon_oracle.json
98cdba7fb078ca195017b1f0d3e140cc89ccc852862a307197e257d909b7f23c	5833	output/synthetic_component_robustness_v3/raw/corpora/corpus_31019/unbiased_primary/oracle_episodes.jsonl.gz
a1f58e940170f8edc818966a6aca83f01f2779a26c9d5e9a41fdf8caf3476c8b	628026	output/synthetic_component_robustness_v3/raw/corpora/corpus_31019/unbiased_primary/visible_episodes.jsonl.gz
3d9fa7ac5053d9c8bca8f2a2c62a432d229d83d2ed6dda43450653607608361b	38268	output/synthetic_component_robustness_v3/raw/corpora/corpus_31033/adversarial_plus3_secondary/evaluation_items.jsonl
6a499afd28811c9e79a7285b63d59915e4c564f863977dfe99d4fde8ca11bdf8	296	output/synthetic_component_robustness_v3/raw/corpora/corpus_31033/adversarial_plus3_secondary/generation_audit.json
905c05d59da165776e734ec707262add9773c71525ec8dc2840dea985e8d8b85	398	output/synthetic_component_robustness_v3/raw/corpora/corpus_31033/adversarial_plus3_secondary/lexicon_oracle.json
8ffb4dd8e91933709b3254f729e4100dc4fea24a794cf1c37160ae57023b4942	4842	output/synthetic_component_robustness_v3/raw/corpora/corpus_31033/adversarial_plus3_secondary/oracle_episodes.jsonl.gz
701c7aa2f45dac750aa529004a4ca91bb5ea0c342e5ce9bd6704ce151bd992ec	623373	output/synthetic_component_robustness_v3/raw/corpora/corpus_31033/adversarial_plus3_secondary/visible_episodes.jsonl.gz
3d9fa7ac5053d9c8bca8f2a2c62a432d229d83d2ed6dda43450653607608361b	38268	output/synthetic_component_robustness_v3/raw/corpora/corpus_31033/unbiased_primary/evaluation_items.jsonl
e0c477a0f3d488bbb438e1085d3fd8af624ad7230b090380faff3dc9ac2590ef	371	output/synthetic_component_robustness_v3/raw/corpora/corpus_31033/unbiased_primary/generation_audit.json
905c05d59da165776e734ec707262add9773c71525ec8dc2840dea985e8d8b85	398	output/synthetic_component_robustness_v3/raw/corpora/corpus_31033/unbiased_primary/lexicon_oracle.json
2e84d8e40d6d60f4380f4beeffc297b5402773297066e9d6f3d1437a6c05410f	5808	output/synthetic_component_robustness_v3/raw/corpora/corpus_31033/unbiased_primary/oracle_episodes.jsonl.gz
11f96f4e0e2cee070aed1574106a2948721564c071052d2649a58e042c4d2e9f	628979	output/synthetic_component_robustness_v3/raw/corpora/corpus_31033/unbiased_primary/visible_episodes.jsonl.gz
1c2ef9f0b2f86db0b4e603b2b702e8ba10e1f8428e907d991274b1b5e1a307b4	38268	output/synthetic_component_robustness_v3/raw/corpora/corpus_31039/adversarial_plus3_secondary/evaluation_items.jsonl
936b22a4b223956f720398700cbef7b810f88950ab0f54e39faef62c96bb8285	296	output/synthetic_component_robustness_v3/raw/corpora/corpus_31039/adversarial_plus3_secondary/generation_audit.json
bffdef091adcd0c64a2cbac2205cfee1ee01f5b3d3c02a642bcac0915855bb5f	398	output/synthetic_component_robustness_v3/raw/corpora/corpus_31039/adversarial_plus3_secondary/lexicon_oracle.json
e799ae0ef22543cccc45eee7803717c743dbd912bec63f4a007893315ff2d643	4869	output/synthetic_component_robustness_v3/raw/corpora/corpus_31039/adversarial_plus3_secondary/oracle_episodes.jsonl.gz
5898869b0497739d7d921885dda09ce0c61425d4bfb47196430356ecc549de60	625026	output/synthetic_component_robustness_v3/raw/corpora/corpus_31039/adversarial_plus3_secondary/visible_episodes.jsonl.gz
1c2ef9f0b2f86db0b4e603b2b702e8ba10e1f8428e907d991274b1b5e1a307b4	38268	output/synthetic_component_robustness_v3/raw/corpora/corpus_31039/unbiased_primary/evaluation_items.jsonl
fd61b402e48e35ebaeb10dafaa4a6a2382c84584896fd0084b1b4de7ddfddd3b	371	output/synthetic_component_robustness_v3/raw/corpora/corpus_31039/unbiased_primary/generation_audit.json
bffdef091adcd0c64a2cbac2205cfee1ee01f5b3d3c02a642bcac0915855bb5f	398	output/synthetic_component_robustness_v3/raw/corpora/corpus_31039/unbiased_primary/lexicon_oracle.json
6da636ddec68f16affc145af8e92376a0c42b065c8e6603d355cdf6b1ebf7536	5880	output/synthetic_component_robustness_v3/raw/corpora/corpus_31039/unbiased_primary/oracle_episodes.jsonl.gz
441225d527c977d8dd160595a5aef43c4225c38c643e491940dbee781733635d	628316	output/synthetic_component_robustness_v3/raw/corpora/corpus_31039/unbiased_primary/visible_episodes.jsonl.gz
d40b00802fc3746847df761284cf4b1aacce3d2fa4ec3739ed8d78d568ef4729	38268	output/synthetic_component_robustness_v3/raw/corpora/corpus_31051/adversarial_plus3_secondary/evaluation_items.jsonl
99c111c716ff2427f4ea59e068b50fcd44aecd2f7e467cecf147a2b9dbed076c	296	output/synthetic_component_robustness_v3/raw/corpora/corpus_31051/adversarial_plus3_secondary/generation_audit.json
25e9d6cabca7ef88d2783fca169c6e9f5e78655bb76ba8f6410581c83c18922d	398	output/synthetic_component_robustness_v3/raw/corpora/corpus_31051/adversarial_plus3_secondary/lexicon_oracle.json
4fc46caa1b2bad6f1510ddb91a9c85d075ce959ff997a6ea98dd190694ee872f	4904	output/synthetic_component_robustness_v3/raw/corpora/corpus_31051/adversarial_plus3_secondary/oracle_episodes.jsonl.gz
85f9442285b8f371337c03abaebcd17ca77ee577b94101aca2d078ceb4b8f203	625059	output/synthetic_component_robustness_v3/raw/corpora/corpus_31051/adversarial_plus3_secondary/visible_episodes.jsonl.gz
d40b00802fc3746847df761284cf4b1aacce3d2fa4ec3739ed8d78d568ef4729	38268	output/synthetic_component_robustness_v3/raw/corpora/corpus_31051/unbiased_primary/evaluation_items.jsonl
e24d954da6d10a0c841a6a293e9026f036057566fca43da7fe2dd759d60646c7	371	output/synthetic_component_robustness_v3/raw/corpora/corpus_31051/unbiased_primary/generation_audit.json
25e9d6cabca7ef88d2783fca169c6e9f5e78655bb76ba8f6410581c83c18922d	398	output/synthetic_component_robustness_v3/raw/corpora/corpus_31051/unbiased_primary/lexicon_oracle.json
e0b19138dcab3e4c89c6dfabe2ae71702d8a994a1d8f26967f28dd5ae2241b30	5884	output/synthetic_component_robustness_v3/raw/corpora/corpus_31051/unbiased_primary/oracle_episodes.jsonl.gz
ef5db8f29d783e6dad0e980e66582b20c362d29f9bfcc9d174d3f68aec24b0b5	628576	output/synthetic_component_robustness_v3/raw/corpora/corpus_31051/unbiased_primary/visible_episodes.jsonl.gz
bdb3025177715e987dfaf185b3ec3ee8a94f4581f90f0df4afd563e5559eb265	38268	output/synthetic_component_robustness_v3/raw/corpora/corpus_31063/adversarial_plus3_secondary/evaluation_items.jsonl
41de462b050627cd46fc07d9a05886ab43682f1cfcba6ae5579abf083a1c1946	296	output/synthetic_component_robustness_v3/raw/corpora/corpus_31063/adversarial_plus3_secondary/generation_audit.json
e6fee010da38d32b60d09a15bf2d2903519a1018411e0eeccd4c1b7aee612b33	398	output/synthetic_component_robustness_v3/raw/corpora/corpus_31063/adversarial_plus3_secondary/lexicon_oracle.json
11c3205a21515102799895d8d8f2496d663219e2f9088ce8cd5df8ed28ab3a66	4865	output/synthetic_component_robustness_v3/raw/corpora/corpus_31063/adversarial_plus3_secondary/oracle_episodes.jsonl.gz
1ab96021894457181497da4c230b90497ee23c2081dd5e54f123bcdebbdc26c1	624934	output/synthetic_component_robustness_v3/raw/corpora/corpus_31063/adversarial_plus3_secondary/visible_episodes.jsonl.gz
bdb3025177715e987dfaf185b3ec3ee8a94f4581f90f0df4afd563e5559eb265	38268	output/synthetic_component_robustness_v3/raw/corpora/corpus_31063/unbiased_primary/evaluation_items.jsonl
e0b088da5ff09acd1c86c2c520ea8cced27e58a5e1e97e91f68c3d7d33f651d0	371	output/synthetic_component_robustness_v3/raw/corpora/corpus_31063/unbiased_primary/generation_audit.json
e6fee010da38d32b60d09a15bf2d2903519a1018411e0eeccd4c1b7aee612b33	398	output/synthetic_component_robustness_v3/raw/corpora/corpus_31063/unbiased_primary/lexicon_oracle.json
928592cbf4367cfce45dea539d274ab3369b14799d69c3176504a65e41e1321f	5819	output/synthetic_component_robustness_v3/raw/corpora/corpus_31063/unbiased_primary/oracle_episodes.jsonl.gz
a31004180eec6bea775608d3495f944eb23083e0c801ec3485c6d737f157e4a2	628058	output/synthetic_component_robustness_v3/raw/corpora/corpus_31063/unbiased_primary/visible_episodes.jsonl.gz
71d3533c9d1299d82ac25865cf61892c4d919091b4923be189ac9653a1c0fe79	38268	output/synthetic_component_robustness_v3/raw/corpora/corpus_31069/adversarial_plus3_secondary/evaluation_items.jsonl
5db0369b2c33f8f5ff506b6321ba34136eaa1b6973a66ea6fc8990be74d79f47	296	output/synthetic_component_robustness_v3/raw/corpora/corpus_31069/adversarial_plus3_secondary/generation_audit.json
26b60430deee8be469d3988255e548cf0d1dec46cf8ddca847091f6b83feb1ac	398	output/synthetic_component_robustness_v3/raw/corpora/corpus_31069/adversarial_plus3_secondary/lexicon_oracle.json
0123232e9204b5f5171106b5c4c450647561ff37ee860e3bc6f7b7489e3abefb	4885	output/synthetic_component_robustness_v3/raw/corpora/corpus_31069/adversarial_plus3_secondary/oracle_episodes.jsonl.gz
f73ce0722f2e9a47fc667978793f20dacd744d87aa9ce6dfcc117c7b6ab8a502	624766	output/synthetic_component_robustness_v3/raw/corpora/corpus_31069/adversarial_plus3_secondary/visible_episodes.jsonl.gz
71d3533c9d1299d82ac25865cf61892c4d919091b4923be189ac9653a1c0fe79	38268	output/synthetic_component_robustness_v3/raw/corpora/corpus_31069/unbiased_primary/evaluation_items.jsonl
b793d307298f45814853039bc163f8d7f52f6da6018831180175fc4d41460fee	371	output/synthetic_component_robustness_v3/raw/corpora/corpus_31069/unbiased_primary/generation_audit.json
26b60430deee8be469d3988255e548cf0d1dec46cf8ddca847091f6b83feb1ac	398	output/synthetic_component_robustness_v3/raw/corpora/corpus_31069/unbiased_primary/lexicon_oracle.json
2ab34d0387e08bab70e5b4dda927e39eb4b0d8a9b018e44481cf6196eccae98b	5820	output/synthetic_component_robustness_v3/raw/corpora/corpus_31069/unbiased_primary/oracle_episodes.jsonl.gz
cbe6231f97cc896816d466acf5928d8f6083fd81dc519cbf3164084f6f36365f	628497	output/synthetic_component_robustness_v3/raw/corpora/corpus_31069/unbiased_primary/visible_episodes.jsonl.gz
56e0fee0b6323787b328438ca22cdbd586bd43edb5e5b6b2e04df36b3267c662	38268	output/synthetic_component_robustness_v3/raw/corpora/corpus_31079/adversarial_plus3_secondary/evaluation_items.jsonl
ed4f1e897d6938644f92af596e1f5e2d246c24a05568d3a82e09d5ab5947f290	296	output/synthetic_component_robustness_v3/raw/corpora/corpus_31079/adversarial_plus3_secondary/generation_audit.json
cf310f8886bd8caa69975cb9972adbb4455341b9976dba26766113b6ab095cd2	398	output/synthetic_component_robustness_v3/raw/corpora/corpus_31079/adversarial_plus3_secondary/lexicon_oracle.json
937e51361bccc74420c06058f896867338435993c7359acbcbc12706f411e930	4872	output/synthetic_component_robustness_v3/raw/corpora/corpus_31079/adversarial_plus3_secondary/oracle_episodes.jsonl.gz
cfb61197109fbfb4ffb3aac74ef181d3f1d0dca39d740af6d9cee748a6d91c46	624239	output/synthetic_component_robustness_v3/raw/corpora/corpus_31079/adversarial_plus3_secondary/visible_episodes.jsonl.gz
56e0fee0b6323787b328438ca22cdbd586bd43edb5e5b6b2e04df36b3267c662	38268	output/synthetic_component_robustness_v3/raw/corpora/corpus_31079/unbiased_primary/evaluation_items.jsonl
e063efbb3eb6e493823be3042d8de4a3f28c130ae0885a283a9de4ffce6d429f	371	output/synthetic_component_robustness_v3/raw/corpora/corpus_31079/unbiased_primary/generation_audit.json
cf310f8886bd8caa69975cb9972adbb4455341b9976dba26766113b6ab095cd2	398	output/synthetic_component_robustness_v3/raw/corpora/corpus_31079/unbiased_primary/lexicon_oracle.json
6b99d776e60915768fc29d3447e28b58fec6c1d740561cd170695c207464a086	5863	output/synthetic_component_robustness_v3/raw/corpora/corpus_31079/unbiased_primary/oracle_episodes.jsonl.gz
1ad6fd2e37293d6016b474483b92c9d8633078e277eee0e14bf558e31d034584	629217	output/synthetic_component_robustness_v3/raw/corpora/corpus_31079/unbiased_primary/visible_episodes.jsonl.gz
feae07548dfd1f8ac811be07a831411130460eafa092f2be02eb26efbeeda3c3	38268	output/synthetic_component_robustness_v3/raw/corpora/corpus_31091/adversarial_plus3_secondary/evaluation_items.jsonl
0da185e3b660359715c212095a46bab8aa783553ab43a2dd2f3853f6a5806b44	296	output/synthetic_component_robustness_v3/raw/corpora/corpus_31091/adversarial_plus3_secondary/generation_audit.json
46eda4ae17ab93558e63430ef2d6b2265bb0af7320fb71fe5f50913fbc496c6d	398	output/synthetic_component_robustness_v3/raw/corpora/corpus_31091/adversarial_plus3_secondary/lexicon_oracle.json
327fbe520bf9c9ee50ee6f13853b825afd53f9d877ebb207596759f2a1b5947f	4869	output/synthetic_component_robustness_v3/raw/corpora/corpus_31091/adversarial_plus3_secondary/oracle_episodes.jsonl.gz
829e524aeee31439b8664ddf098e9879274c3309da240ea5352d2b5cd08a1262	624216	output/synthetic_component_robustness_v3/raw/corpora/corpus_31091/adversarial_plus3_secondary/visible_episodes.jsonl.gz
feae07548dfd1f8ac811be07a831411130460eafa092f2be02eb26efbeeda3c3	38268	output/synthetic_component_robustness_v3/raw/corpora/corpus_31091/unbiased_primary/evaluation_items.jsonl
b89d7ece91ff1497387c7379b40723a0d4a3146bb6abafd4910c9cc44054edfa	371	output/synthetic_component_robustness_v3/raw/corpora/corpus_31091/unbiased_primary/generation_audit.json
46eda4ae17ab93558e63430ef2d6b2265bb0af7320fb71fe5f50913fbc496c6d	398	output/synthetic_component_robustness_v3/raw/corpora/corpus_31091/unbiased_primary/lexicon_oracle.json
ed10274ef9cab527a728e1ba120b706b0f63006933d458af3981f9ccdd4ffd06	5841	output/synthetic_component_robustness_v3/raw/corpora/corpus_31091/unbiased_primary/oracle_episodes.jsonl.gz
20a6f75a7f72f033eac9b918bbcbafb26ce1d5d477b616925e57f09ae80a1f95	628452	output/synthetic_component_robustness_v3/raw/corpora/corpus_31091/unbiased_primary/visible_episodes.jsonl.gz
c1c4bdc7a50e451195e585d3b1855ccda030b3202f37621fc511073b872e783c	38268	output/synthetic_component_robustness_v3/raw/corpora/corpus_31121/adversarial_plus3_secondary/evaluation_items.jsonl
f80900b40954186729935e325ad9a0460560ad022e5b27a692a110e2bfc4376a	296	output/synthetic_component_robustness_v3/raw/corpora/corpus_31121/adversarial_plus3_secondary/generation_audit.json
d8941448646d68494eb24a0a0bf685c188479fe11c8ee3055e6013e3bb9ecd02	398	output/synthetic_component_robustness_v3/raw/corpora/corpus_31121/adversarial_plus3_secondary/lexicon_oracle.json
4fc934fa82dd2c5e4f70fde9556264974882e87d892bd6f609fd3afcace5e4f0	4846	output/synthetic_component_robustness_v3/raw/corpora/corpus_31121/adversarial_plus3_secondary/oracle_episodes.jsonl.gz
66f3b5211fa32d243ea88f063848e835bf48c15a28a53e3863105d8bc38e80a7	624154	output/synthetic_component_robustness_v3/raw/corpora/corpus_31121/adversarial_plus3_secondary/visible_episodes.jsonl.gz
c1c4bdc7a50e451195e585d3b1855ccda030b3202f37621fc511073b872e783c	38268	output/synthetic_component_robustness_v3/raw/corpora/corpus_31121/unbiased_primary/evaluation_items.jsonl
acacc9f987eb936dcad8cb01f54a72bb63f813af2a409e2348f734073961f9e6	371	output/synthetic_component_robustness_v3/raw/corpora/corpus_31121/unbiased_primary/generation_audit.json
d8941448646d68494eb24a0a0bf685c188479fe11c8ee3055e6013e3bb9ecd02	398	output/synthetic_component_robustness_v3/raw/corpora/corpus_31121/unbiased_primary/lexicon_oracle.json
2ca5637e1bbd2cca2281973f4c756cf0ea2edc91cb7f7383dae341cf151ed82f	5851	output/synthetic_component_robustness_v3/raw/corpora/corpus_31121/unbiased_primary/oracle_episodes.jsonl.gz
eefbc78e399b38a8501a850cb9ca913029a250c0b1298e0a336ebb6902449118	628427	output/synthetic_component_robustness_v3/raw/corpora/corpus_31121/unbiased_primary/visible_episodes.jsonl.gz
ac890eaa4dd7fa24b4e36934ccf3e87729080edd8f8378289baa760bb6771031	38268	output/synthetic_component_robustness_v3/raw/corpora/corpus_31123/adversarial_plus3_secondary/evaluation_items.jsonl
f4c8c0de5345acc4c134902b38dfd486b7760035da673d8ad19a9bda2e45175b	296	output/synthetic_component_robustness_v3/raw/corpora/corpus_31123/adversarial_plus3_secondary/generation_audit.json
ae4de668144b18c0c25bd6a8b929f465423948c9c337dc7ee88715225059f500	398	output/synthetic_component_robustness_v3/raw/corpora/corpus_31123/adversarial_plus3_secondary/lexicon_oracle.json
22edd719c267d54a4a778ddfaf17b38311377c39c40a453760d43487054929a0	4874	output/synthetic_component_robustness_v3/raw/corpora/corpus_31123/adversarial_plus3_secondary/oracle_episodes.jsonl.gz
d3f7d9a22da6447ffcc566b623218743256e1ecd30f4ce0b3204f2272d37ff77	624606	output/synthetic_component_robustness_v3/raw/corpora/corpus_31123/adversarial_plus3_secondary/visible_episodes.jsonl.gz
ac890eaa4dd7fa24b4e36934ccf3e87729080edd8f8378289baa760bb6771031	38268	output/synthetic_component_robustness_v3/raw/corpora/corpus_31123/unbiased_primary/evaluation_items.jsonl
1f84e43c488734372f783a410f2e56b783a94944a8fba9ec1b86a7d58c6310b5	371	output/synthetic_component_robustness_v3/raw/corpora/corpus_31123/unbiased_primary/generation_audit.json
ae4de668144b18c0c25bd6a8b929f465423948c9c337dc7ee88715225059f500	398	output/synthetic_component_robustness_v3/raw/corpora/corpus_31123/unbiased_primary/lexicon_oracle.json
5073b298397f714fd0ead3d5af22bdd9cb76c6bf456466806fef7a0c915bc81b	5841	output/synthetic_component_robustness_v3/raw/corpora/corpus_31123/unbiased_primary/oracle_episodes.jsonl.gz
42b74e2b5f22f9f3d6cdb656008c6681d284bf046485e5e5343c992cfd13f4a4	628886	output/synthetic_component_robustness_v3/raw/corpora/corpus_31123/unbiased_primary/visible_episodes.jsonl.gz
8713fa5725f1f99dc942d79782b7be86d330cca5f5d58bcc5d3033e3d870742b	38268	output/synthetic_component_robustness_v3/raw/corpora/corpus_31139/adversarial_plus3_secondary/evaluation_items.jsonl
d293314a0500dcb47cf4ebdfee25f9a0122e3e1f78dfb30ab89b08ac0d68a4bb	296	output/synthetic_component_robustness_v3/raw/corpora/corpus_31139/adversarial_plus3_secondary/generation_audit.json
6ef8dde0e380ca24a0dff4fdae7f11ab0b9027e634b6a439c8defb9edfe67638	398	output/synthetic_component_robustness_v3/raw/corpora/corpus_31139/adversarial_plus3_secondary/lexicon_oracle.json
b5d905b7c2729efc5c11d08658ae96944cd82e28163c8139ecf8f9914737aded	4890	output/synthetic_component_robustness_v3/raw/corpora/corpus_31139/adversarial_plus3_secondary/oracle_episodes.jsonl.gz
8610e37bdf2fd90c77bc14d10d65c3b2cd5e976786dcfa58f1c95b2bf27682bf	624872	output/synthetic_component_robustness_v3/raw/corpora/corpus_31139/adversarial_plus3_secondary/visible_episodes.jsonl.gz
8713fa5725f1f99dc942d79782b7be86d330cca5f5d58bcc5d3033e3d870742b	38268	output/synthetic_component_robustness_v3/raw/corpora/corpus_31139/unbiased_primary/evaluation_items.jsonl
c1286568ea38139405eb7a1ab091ba5fd0d2a09de1149835a7ba64846e5dcf85	371	output/synthetic_component_robustness_v3/raw/corpora/corpus_31139/unbiased_primary/generation_audit.json
6ef8dde0e380ca24a0dff4fdae7f11ab0b9027e634b6a439c8defb9edfe67638	398	output/synthetic_component_robustness_v3/raw/corpora/corpus_31139/unbiased_primary/lexicon_oracle.json
cf6ba232be3c028f3c6e607f23a86310bfb296febee57047a3ed3d6f7ec88fe5	5903	output/synthetic_component_robustness_v3/raw/corpora/corpus_31139/unbiased_primary/oracle_episodes.jsonl.gz
9a5e733de63cad2029d23116e9a106551cb01e8afaa5e9c16515317722254c69	629241	output/synthetic_component_robustness_v3/raw/corpora/corpus_31139/unbiased_primary/visible_episodes.jsonl.gz
cd42b7e5c6cd718bcffdb774560990415040d448b73152a21f37d4a8d73ae7f6	38268	output/synthetic_component_robustness_v3/raw/corpora/corpus_31147/adversarial_plus3_secondary/evaluation_items.jsonl
5d72771080fbbe2a82c6e998c5c24074d9c416470571ad7b3dd20f26a0271ec6	296	output/synthetic_component_robustness_v3/raw/corpora/corpus_31147/adversarial_plus3_secondary/generation_audit.json
89846ae764b657f0bdc75306a848451e06953f42ed1785854b955a91b0001ccf	398	output/synthetic_component_robustness_v3/raw/corpora/corpus_31147/adversarial_plus3_secondary/lexicon_oracle.json
1b57154d496b690556fc45b3e28a19c286bd0ae77115e829010c97a791f78427	4864	output/synthetic_component_robustness_v3/raw/corpora/corpus_31147/adversarial_plus3_secondary/oracle_episodes.jsonl.gz
4d97bdd8646130bf775b55928e24c6c403d607b5803d4b8c9c06fcffd9c0e4e2	625340	output/synthetic_component_robustness_v3/raw/corpora/corpus_31147/adversarial_plus3_secondary/visible_episodes.jsonl.gz
cd42b7e5c6cd718bcffdb774560990415040d448b73152a21f37d4a8d73ae7f6	38268	output/synthetic_component_robustness_v3/raw/corpora/corpus_31147/unbiased_primary/evaluation_items.jsonl
f420dc3bec11dadca2a3eaabf2d0b16e033e49eda8f8df85c9e333994f6a1a2f	371	output/synthetic_component_robustness_v3/raw/corpora/corpus_31147/unbiased_primary/generation_audit.json
89846ae764b657f0bdc75306a848451e06953f42ed1785854b955a91b0001ccf	398	output/synthetic_component_robustness_v3/raw/corpora/corpus_31147/unbiased_primary/lexicon_oracle.json
8be6cbc9d7bb7524d3eaf79d5695dcbc53fa71a31bc70894b7efbe0a4daad73e	5880	output/synthetic_component_robustness_v3/raw/corpora/corpus_31147/unbiased_primary/oracle_episodes.jsonl.gz
de6b6bd5fce4b315681d75d1502cd71637e462ec9c30ac85945318a2f2dc39d9	629002	output/synthetic_component_robustness_v3/raw/corpora/corpus_31147/unbiased_primary/visible_episodes.jsonl.gz
40b852200f57825e73ff047c7920644c7f041b3bbb078d5770d27a254ea0082d	38268	output/synthetic_component_robustness_v3/raw/corpora/corpus_31151/adversarial_plus3_secondary/evaluation_items.jsonl
ad93fc554991da7c297f6486c2ce8aaf9c749ef5cd470f102f7269842cbb4ebb	296	output/synthetic_component_robustness_v3/raw/corpora/corpus_31151/adversarial_plus3_secondary/generation_audit.json
9567ed17fd3dc890c0562e01a0c2e2a0b0f9186d15483687e924aba69b4f4058	398	output/synthetic_component_robustness_v3/raw/corpora/corpus_31151/adversarial_plus3_secondary/lexicon_oracle.json
a0d3374e4923529f53d17d57fa707ad2561cb97964b644ccd5551f4962bf1b7d	4846	output/synthetic_component_robustness_v3/raw/corpora/corpus_31151/adversarial_plus3_secondary/oracle_episodes.jsonl.gz
65775ba5b35bfc760b298d723603d13fd8991fb73263877a40190816e88efa72	625650	output/synthetic_component_robustness_v3/raw/corpora/corpus_31151/adversarial_plus3_secondary/visible_episodes.jsonl.gz
40b852200f57825e73ff047c7920644c7f041b3bbb078d5770d27a254ea0082d	38268	output/synthetic_component_robustness_v3/raw/corpora/corpus_31151/unbiased_primary/evaluation_items.jsonl
603c8c5f521c858716c462418c29bfdf0f86891782cb5daacb52844818bc2130	371	output/synthetic_component_robustness_v3/raw/corpora/corpus_31151/unbiased_primary/generation_audit.json
9567ed17fd3dc890c0562e01a0c2e2a0b0f9186d15483687e924aba69b4f4058	398	output/synthetic_component_robustness_v3/raw/corpora/corpus_31151/unbiased_primary/lexicon_oracle.json
d704d75a88410af5be0e8db670761d89cd8cdf2504b3965d6675a8365f6ad995	5882	output/synthetic_component_robustness_v3/raw/corpora/corpus_31151/unbiased_primary/oracle_episodes.jsonl.gz
ceea343e68109b45fbed7a03ceeffc395482dacf9222cdb26731a71416f58385	628564	output/synthetic_component_robustness_v3/raw/corpora/corpus_31151/unbiased_primary/visible_episodes.jsonl.gz
eaf03758e1b29a967e298348b546f8307c57cb17b76056301f3e4020b0a2983b	38268	output/synthetic_component_robustness_v3/raw/corpora/corpus_31153/adversarial_plus3_secondary/evaluation_items.jsonl
46ac7fd20c23d3556338213d6fa66b25d2fc9313e79a1ce1f48fef2a2c3dc35b	296	output/synthetic_component_robustness_v3/raw/corpora/corpus_31153/adversarial_plus3_secondary/generation_audit.json
7ef54ab54601b2ed60b355dfaa027f6d812275a4822dc42275aaa45f4d46226c	398	output/synthetic_component_robustness_v3/raw/corpora/corpus_31153/adversarial_plus3_secondary/lexicon_oracle.json
9e518e78be0566bf46da9bff08c176a1a935d9ae586dced6df65239bd60235c9	4892	output/synthetic_component_robustness_v3/raw/corpora/corpus_31153/adversarial_plus3_secondary/oracle_episodes.jsonl.gz
2d5a1ace6cb3ed23d1bf38e9f1a3a02d6c6450bf14fab71858dc10ed0de7b1fe	626029	output/synthetic_component_robustness_v3/raw/corpora/corpus_31153/adversarial_plus3_secondary/visible_episodes.jsonl.gz
eaf03758e1b29a967e298348b546f8307c57cb17b76056301f3e4020b0a2983b	38268	output/synthetic_component_robustness_v3/raw/corpora/corpus_31153/unbiased_primary/evaluation_items.jsonl
ef0d74f000e821d7c7ebcb787b6593d5adaa74d8e793c2b55cd1a41cd10bb5b9	371	output/synthetic_component_robustness_v3/raw/corpora/corpus_31153/unbiased_primary/generation_audit.json
7ef54ab54601b2ed60b355dfaa027f6d812275a4822dc42275aaa45f4d46226c	398	output/synthetic_component_robustness_v3/raw/corpora/corpus_31153/unbiased_primary/lexicon_oracle.json
c861c77ea5cd543c9b18a1323809bba3c94fd89a919df9171f4546f4a4144ffb	5867	output/synthetic_component_robustness_v3/raw/corpora/corpus_31153/unbiased_primary/oracle_episodes.jsonl.gz
13bb168e4eaa1721528d4bc1f3aac6f267889605d6c4967b43d456f569025570	628218	output/synthetic_component_robustness_v3/raw/corpora/corpus_31153/unbiased_primary/visible_episodes.jsonl.gz
b3360e3dc946486cdaa5bcbbaf9fbd7ebc0cfbd53934ecadf651d787b4c11321	38268	output/synthetic_component_robustness_v3/raw/corpora/corpus_31159/adversarial_plus3_secondary/evaluation_items.jsonl
6a3f4dab596931e09a4f433d3fdc573b983095cd46be5a127a8faada54708b09	296	output/synthetic_component_robustness_v3/raw/corpora/corpus_31159/adversarial_plus3_secondary/generation_audit.json
7a204e5040e47889935295777e14ab9faafc10699bb1b37a9ea026114656f73d	398	output/synthetic_component_robustness_v3/raw/corpora/corpus_31159/adversarial_plus3_secondary/lexicon_oracle.json
eef21d18a639a438ff02d2c0e77763a78c37d237ce13e28d2f9bb9cc1c2f3b02	4874	output/synthetic_component_robustness_v3/raw/corpora/corpus_31159/adversarial_plus3_secondary/oracle_episodes.jsonl.gz
4834bdf0c4830fdf232ef2f36b5e4dd16fa22a8dae5f20e8ca06fa204afc0947	624582	output/synthetic_component_robustness_v3/raw/corpora/corpus_31159/adversarial_plus3_secondary/visible_episodes.jsonl.gz
b3360e3dc946486cdaa5bcbbaf9fbd7ebc0cfbd53934ecadf651d787b4c11321	38268	output/synthetic_component_robustness_v3/raw/corpora/corpus_31159/unbiased_primary/evaluation_items.jsonl
20a7f164fc03038d5e79d0df79ea475dcada4d8336c67432b4e39db5751ad87b	371	output/synthetic_component_robustness_v3/raw/corpora/corpus_31159/unbiased_primary/generation_audit.json
7a204e5040e47889935295777e14ab9faafc10699bb1b37a9ea026114656f73d	398	output/synthetic_component_robustness_v3/raw/corpora/corpus_31159/unbiased_primary/lexicon_oracle.json
7f8868d2e9419ae6abdd50938ba1e5ebf6a1a5464a810d0853731912cc8a48e4	5800	output/synthetic_component_robustness_v3/raw/corpora/corpus_31159/unbiased_primary/oracle_episodes.jsonl.gz
e54d19b5c2577564317b00e81fbad6895f3c7c7cef8e8d93a14fd927b26903b7	628597	output/synthetic_component_robustness_v3/raw/corpora/corpus_31159/unbiased_primary/visible_episodes.jsonl.gz
80b5ce03ba9519447f11705cfced209f5f6455bf1949a85b5791221c4cd35ad3	38268	output/synthetic_component_robustness_v3/raw/corpora/corpus_31177/adversarial_plus3_secondary/evaluation_items.jsonl
8f7b6f8a2ccbc0d9b5e4e3d76e5bc01d74a9b0de2603b05b2dba46a251e2454d	296	output/synthetic_component_robustness_v3/raw/corpora/corpus_31177/adversarial_plus3_secondary/generation_audit.json
5c9bef4f2b6a76149c2f25b314ede1ee7dbf1835f49dea1e2d59ecbc69251b78	398	output/synthetic_component_robustness_v3/raw/corpora/corpus_31177/adversarial_plus3_secondary/lexicon_oracle.json
29cb3968b18ac5ff42bcb2cd507b8d1205dcbc7a1e8d284fa9702320397c2fb9	4865	output/synthetic_component_robustness_v3/raw/corpora/corpus_31177/adversarial_plus3_secondary/oracle_episodes.jsonl.gz
f05835ea3a82e5f15a206861fcccc78230df6a341233cd4bb3aaf09781937d01	624442	output/synthetic_component_robustness_v3/raw/corpora/corpus_31177/adversarial_plus3_secondary/visible_episodes.jsonl.gz
80b5ce03ba9519447f11705cfced209f5f6455bf1949a85b5791221c4cd35ad3	38268	output/synthetic_component_robustness_v3/raw/corpora/corpus_31177/unbiased_primary/evaluation_items.jsonl
a27d9458be514771ae042e66e38cb7c0666f9e29f5f9ac46d4d618a1ca82b956	371	output/synthetic_component_robustness_v3/raw/corpora/corpus_31177/unbiased_primary/generation_audit.json
5c9bef4f2b6a76149c2f25b314ede1ee7dbf1835f49dea1e2d59ecbc69251b78	398	output/synthetic_component_robustness_v3/raw/corpora/corpus_31177/unbiased_primary/lexicon_oracle.json
25d74538f78796265abd1c2fab27d9b2c1fb53b804dabe2d31be39c36b578521	5887	output/synthetic_component_robustness_v3/raw/corpora/corpus_31177/unbiased_primary/oracle_episodes.jsonl.gz
ffc28ac8c065ce1a19cf8c9fa2f475d04ce4a5577dde8859070fba8794265bdf	629054	output/synthetic_component_robustness_v3/raw/corpora/corpus_31177/unbiased_primary/visible_episodes.jsonl.gz
0ed2fa39bc462c66724a6cf633e6699bcf2df395fdfbea0ffe6bb835f6068484	38268	output/synthetic_component_robustness_v3/raw/corpora/corpus_31181/adversarial_plus3_secondary/evaluation_items.jsonl
0acdb02dccc0c82801303a2106fc3f1fd827026361381474d88f6addd4f34c2d	296	output/synthetic_component_robustness_v3/raw/corpora/corpus_31181/adversarial_plus3_secondary/generation_audit.json
685769edb067bf212a4ab89dd8da04d340cb0ef6e377fb183e69ee158ebbce52	398	output/synthetic_component_robustness_v3/raw/corpora/corpus_31181/adversarial_plus3_secondary/lexicon_oracle.json
aed2bb06ae7cfdf57325dae21c065a4900ffb61c969f1740806a2be75eae7beb	4855	output/synthetic_component_robustness_v3/raw/corpora/corpus_31181/adversarial_plus3_secondary/oracle_episodes.jsonl.gz
aa4399925a4ac419be2ff2f31f0a698b3f6cbfab8ca3982da030bd7ff2feec55	624452	output/synthetic_component_robustness_v3/raw/corpora/corpus_31181/adversarial_plus3_secondary/visible_episodes.jsonl.gz
0ed2fa39bc462c66724a6cf633e6699bcf2df395fdfbea0ffe6bb835f6068484	38268	output/synthetic_component_robustness_v3/raw/corpora/corpus_31181/unbiased_primary/evaluation_items.jsonl
61cec8af3b4dfdc2f9231b074a58a70d123daa8d9161a9e7b20ed98019da0fa2	371	output/synthetic_component_robustness_v3/raw/corpora/corpus_31181/unbiased_primary/generation_audit.json
685769edb067bf212a4ab89dd8da04d340cb0ef6e377fb183e69ee158ebbce52	398	output/synthetic_component_robustness_v3/raw/corpora/corpus_31181/unbiased_primary/lexicon_oracle.json
fe52e7d91227f04f14edd95f98c4c75daf27160e77f0d71c56f7cac31fb82cce	5848	output/synthetic_component_robustness_v3/raw/corpora/corpus_31181/unbiased_primary/oracle_episodes.jsonl.gz
fbb64e7f10da62b472b95727f2f6b7edc655701892c3897baa71fa1fdf046523	628629	output/synthetic_component_robustness_v3/raw/corpora/corpus_31181/unbiased_primary/visible_episodes.jsonl.gz
da9a7b6d86f07f45e369594dd01a887d47d01a78ee02018c4c6cb43060c6d307	38268	output/synthetic_component_robustness_v3/raw/corpora/corpus_31183/adversarial_plus3_secondary/evaluation_items.jsonl
ec62504cff789844676b0e3ca2a7f206ba4e639c0c3a46f3610b37a087d20973	296	output/synthetic_component_robustness_v3/raw/corpora/corpus_31183/adversarial_plus3_secondary/generation_audit.json
1dec24da2d7c0e9624111203898d215487ca3de62ae1f3b1c3b864cf87d0a723	398	output/synthetic_component_robustness_v3/raw/corpora/corpus_31183/adversarial_plus3_secondary/lexicon_oracle.json
66acfa2298b496e1a17573390eb8ebde7b50586230cd96b2e7ed86cf0052e72e	4862	output/synthetic_component_robustness_v3/raw/corpora/corpus_31183/adversarial_plus3_secondary/oracle_episodes.jsonl.gz
8472afc7e186ed1cbb8ec32e2b16e079e6b4deff9b9d0091545d2138b490a462	626249	output/synthetic_component_robustness_v3/raw/corpora/corpus_31183/adversarial_plus3_secondary/visible_episodes.jsonl.gz
da9a7b6d86f07f45e369594dd01a887d47d01a78ee02018c4c6cb43060c6d307	38268	output/synthetic_component_robustness_v3/raw/corpora/corpus_31183/unbiased_primary/evaluation_items.jsonl
a9f7338bf38b53879688eaac3495d6815f6d3d34c7736da80ed0f6eb35931da8	371	output/synthetic_component_robustness_v3/raw/corpora/corpus_31183/unbiased_primary/generation_audit.json
1dec24da2d7c0e9624111203898d215487ca3de62ae1f3b1c3b864cf87d0a723	398	output/synthetic_component_robustness_v3/raw/corpora/corpus_31183/unbiased_primary/lexicon_oracle.json
d38da32b834c6247fdd54b5268c7cdc94232f41bea4e2d85abeb910726dbffe7	5808	output/synthetic_component_robustness_v3/raw/corpora/corpus_31183/unbiased_primary/oracle_episodes.jsonl.gz
bda7e6499f993d973bc4e0648f9fb8ed147c63bce155a0333f9cb54679c89558	628521	output/synthetic_component_robustness_v3/raw/corpora/corpus_31183/unbiased_primary/visible_episodes.jsonl.gz
def7cd2a81eea8f7c36028f4c3a4a3853cb535eaeb756401279dd09e68cd4b28	38268	output/synthetic_component_robustness_v3/raw/corpora/corpus_31189/adversarial_plus3_secondary/evaluation_items.jsonl
8c59f71f3890418c070c9f91044106774d597ff7eeb457d32404ef24493ae261	296	output/synthetic_component_robustness_v3/raw/corpora/corpus_31189/adversarial_plus3_secondary/generation_audit.json
658b58d4de877797dd878f42a732067b7a8b07df7767e7da2055fe494bb85d65	398	output/synthetic_component_robustness_v3/raw/corpora/corpus_31189/adversarial_plus3_secondary/lexicon_oracle.json
35e9cda381501e823286b85a6357ef1228d8499ba9d162039550ee3762dabc80	4847	output/synthetic_component_robustness_v3/raw/corpora/corpus_31189/adversarial_plus3_secondary/oracle_episodes.jsonl.gz
3c99e0669f15597668664a511c7b5e62612412214bceaca3883f2091f282b460	625487	output/synthetic_component_robustness_v3/raw/corpora/corpus_31189/adversarial_plus3_secondary/visible_episodes.jsonl.gz
def7cd2a81eea8f7c36028f4c3a4a3853cb535eaeb756401279dd09e68cd4b28	38268	output/synthetic_component_robustness_v3/raw/corpora/corpus_31189/unbiased_primary/evaluation_items.jsonl
4a6bdd3807a98616e93f968c97fe5de9c6b8ee54de85a197a6ec9bdde347761b	371	output/synthetic_component_robustness_v3/raw/corpora/corpus_31189/unbiased_primary/generation_audit.json
658b58d4de877797dd878f42a732067b7a8b07df7767e7da2055fe494bb85d65	398	output/synthetic_component_robustness_v3/raw/corpora/corpus_31189/unbiased_primary/lexicon_oracle.json
4013a27f9b9e10be8abd1be12eb8217f8acd578ed962463a0c9af11720598321	5870	output/synthetic_component_robustness_v3/raw/corpora/corpus_31189/unbiased_primary/oracle_episodes.jsonl.gz
b0632117f7542c79f584514660867430bad607294a629180fcde98a745722499	629000	output/synthetic_component_robustness_v3/raw/corpora/corpus_31189/unbiased_primary/visible_episodes.jsonl.gz
6d5a7696e58db941e8119ac694d6ff2223281a945c314ff6c115831f1cabf1b9	38268	output/synthetic_component_robustness_v3/raw/corpora/corpus_31193/adversarial_plus3_secondary/evaluation_items.jsonl
befff9c405feffde1ce6efa8e3c40683b505727f4798052082a59847c9713a8f	296	output/synthetic_component_robustness_v3/raw/corpora/corpus_31193/adversarial_plus3_secondary/generation_audit.json
885f29ecc62abda0b93802367fed4bed8ffdd4f3d26d3da283bdea58d1afbcba	398	output/synthetic_component_robustness_v3/raw/corpora/corpus_31193/adversarial_plus3_secondary/lexicon_oracle.json
4b28c9dd7c8c22fdf3e45f9f74605b4baeed02041423f2603cfe499b8e7ce5ee	4892	output/synthetic_component_robustness_v3/raw/corpora/corpus_31193/adversarial_plus3_secondary/oracle_episodes.jsonl.gz
796aa789a7b491d86ad1db26f25c4b492f6bbd571e79bd8553a8650aeb4d2b90	624934	output/synthetic_component_robustness_v3/raw/corpora/corpus_31193/adversarial_plus3_secondary/visible_episodes.jsonl.gz
6d5a7696e58db941e8119ac694d6ff2223281a945c314ff6c115831f1cabf1b9	38268	output/synthetic_component_robustness_v3/raw/corpora/corpus_31193/unbiased_primary/evaluation_items.jsonl
c74eb6f2682b0216bdffd0b4fdf5cf8f3963574f5e2317bfccd221ea5e473ddf	371	output/synthetic_component_robustness_v3/raw/corpora/corpus_31193/unbiased_primary/generation_audit.json
885f29ecc62abda0b93802367fed4bed8ffdd4f3d26d3da283bdea58d1afbcba	398	output/synthetic_component_robustness_v3/raw/corpora/corpus_31193/unbiased_primary/lexicon_oracle.json
af6d7f91c919aab8511a6d4d886dbdbade72b309e896bcfa697e824c0fbf3929	5863	output/synthetic_component_robustness_v3/raw/corpora/corpus_31193/unbiased_primary/oracle_episodes.jsonl.gz
103693ef387030a727777d12d6365b6f5286a50a745e18c34d002bb79e3a279e	628181	output/synthetic_component_robustness_v3/raw/corpora/corpus_31193/unbiased_primary/visible_episodes.jsonl.gz
48f9d5dbfdd16db882e0defac29c2da5fe2ba458e08ed0b8f2ec7e5726240159	38268	output/synthetic_component_robustness_v3/raw/corpora/corpus_31219/adversarial_plus3_secondary/evaluation_items.jsonl
936b22a4b223956f720398700cbef7b810f88950ab0f54e39faef62c96bb8285	296	output/synthetic_component_robustness_v3/raw/corpora/corpus_31219/adversarial_plus3_secondary/generation_audit.json
824429a80721de408ffb328ac94869ac7f8a2130a6ef2c740190b52a27ce9c03	398	output/synthetic_component_robustness_v3/raw/corpora/corpus_31219/adversarial_plus3_secondary/lexicon_oracle.json
7467adfba57401e67b60ae72a1d532dd13147d0ad75d6755ed5b5d722266ffeb	4847	output/synthetic_component_robustness_v3/raw/corpora/corpus_31219/adversarial_plus3_secondary/oracle_episodes.jsonl.gz
eced3c670e1995fb3bd0b61f0c565effbce6168729c0fe480257886f0a2e3f2d	624812	output/synthetic_component_robustness_v3/raw/corpora/corpus_31219/adversarial_plus3_secondary/visible_episodes.jsonl.gz
48f9d5dbfdd16db882e0defac29c2da5fe2ba458e08ed0b8f2ec7e5726240159	38268	output/synthetic_component_robustness_v3/raw/corpora/corpus_31219/unbiased_primary/evaluation_items.jsonl
97894420a7a9d76114d600dc5f1950ecff4529abb6aa4b08752da36801f33a6e	371	output/synthetic_component_robustness_v3/raw/corpora/corpus_31219/unbiased_primary/generation_audit.json
824429a80721de408ffb328ac94869ac7f8a2130a6ef2c740190b52a27ce9c03	398	output/synthetic_component_robustness_v3/raw/corpora/corpus_31219/unbiased_primary/lexicon_oracle.json
77d74731931b5c97e57185c13281e485d65d30e4976bd870dd18c0606930c461	5841	output/synthetic_component_robustness_v3/raw/corpora/corpus_31219/unbiased_primary/oracle_episodes.jsonl.gz
e891b90918ad3060ea831119ab53ae5c5188bc5c5df50d7d8a627c30eee63584	628036	output/synthetic_component_robustness_v3/raw/corpora/corpus_31219/unbiased_primary/visible_episodes.jsonl.gz
90f75ed63d7786d1aa6067c08fcf5ba697852319766d33cb39b8ed5dcccadaff	38268	output/synthetic_component_robustness_v3/raw/corpora/corpus_31223/adversarial_plus3_secondary/evaluation_items.jsonl
ed4f1e897d6938644f92af596e1f5e2d246c24a05568d3a82e09d5ab5947f290	296	output/synthetic_component_robustness_v3/raw/corpora/corpus_31223/adversarial_plus3_secondary/generation_audit.json
194e3046c6bd22b0e010b5e147ce89c5df14dfb20389ea8506054f027f8d6743	398	output/synthetic_component_robustness_v3/raw/corpora/corpus_31223/adversarial_plus3_secondary/lexicon_oracle.json
fd78ef3494dd3b9d881849f5a6427977b5283f5eb4004fb7d5923086bf72870d	4871	output/synthetic_component_robustness_v3/raw/corpora/corpus_31223/adversarial_plus3_secondary/oracle_episodes.jsonl.gz
12f1c60c540cd498ab6e14947acb47ea521e247144bbc1235ead1693d7b1218f	625489	output/synthetic_component_robustness_v3/raw/corpora/corpus_31223/adversarial_plus3_secondary/visible_episodes.jsonl.gz
90f75ed63d7786d1aa6067c08fcf5ba697852319766d33cb39b8ed5dcccadaff	38268	output/synthetic_component_robustness_v3/raw/corpora/corpus_31223/unbiased_primary/evaluation_items.jsonl
07e6e5b5d817577379c2fba983167459c4c6f8bf8f6c69e4aedd97b4a43eae83	371	output/synthetic_component_robustness_v3/raw/corpora/corpus_31223/unbiased_primary/generation_audit.json
194e3046c6bd22b0e010b5e147ce89c5df14dfb20389ea8506054f027f8d6743	398	output/synthetic_component_robustness_v3/raw/corpora/corpus_31223/unbiased_primary/lexicon_oracle.json
d43625c097889e48e8396fd817d578500575ad75ce269176d0e134a24b7e676c	5786	output/synthetic_component_robustness_v3/raw/corpora/corpus_31223/unbiased_primary/oracle_episodes.jsonl.gz
ef853aa40b1617ab0ffd60d43f80b4533cf3267f740b907bc322cf35545b5790	628742	output/synthetic_component_robustness_v3/raw/corpora/corpus_31223/unbiased_primary/visible_episodes.jsonl.gz
5d0c69a14db741a5f444e3c95c376e528e3ef2dddf74c83e7be7042e906f632f	38268	output/synthetic_component_robustness_v3/raw/corpora/corpus_31231/adversarial_plus3_secondary/evaluation_items.jsonl
2c515585960ab6ad71619202f435b46c16b2bbbe46e506363b91815608d945a9	296	output/synthetic_component_robustness_v3/raw/corpora/corpus_31231/adversarial_plus3_secondary/generation_audit.json
a19fbe9978d946a252e48ef61a358b6b6b382ceeee8121d900c9e0c67d56d0f5	398	output/synthetic_component_robustness_v3/raw/corpora/corpus_31231/adversarial_plus3_secondary/lexicon_oracle.json
9ca2ecba87ae1f6972c8267bcb1105ae7a17519ff643fd8b3b4f8dcf87a51c44	4886	output/synthetic_component_robustness_v3/raw/corpora/corpus_31231/adversarial_plus3_secondary/oracle_episodes.jsonl.gz
2a98b78e917a264ffcf71cecbe6ad2c5fb0f612b0aabfd5e9a14952188bc5da7	623965	output/synthetic_component_robustness_v3/raw/corpora/corpus_31231/adversarial_plus3_secondary/visible_episodes.jsonl.gz
5d0c69a14db741a5f444e3c95c376e528e3ef2dddf74c83e7be7042e906f632f	38268	output/synthetic_component_robustness_v3/raw/corpora/corpus_31231/unbiased_primary/evaluation_items.jsonl
f87b56c8f682d7fbdcfc9d8ba09e173de17191d16c166e6d8b3c7deb0201d8c1	371	output/synthetic_component_robustness_v3/raw/corpora/corpus_31231/unbiased_primary/generation_audit.json
a19fbe9978d946a252e48ef61a358b6b6b382ceeee8121d900c9e0c67d56d0f5	398	output/synthetic_component_robustness_v3/raw/corpora/corpus_31231/unbiased_primary/lexicon_oracle.json
9c45d566e5b7bff2215e77f56c094a0ed1fdee5bb3a2eafcf07bc7ecd9e97872	5918	output/synthetic_component_robustness_v3/raw/corpora/corpus_31231/unbiased_primary/oracle_episodes.jsonl.gz
b08ca7ead7733bc085d33acdf998eabdf62d9c5d34d93190d33f89287e782c90	629007	output/synthetic_component_robustness_v3/raw/corpora/corpus_31231/unbiased_primary/visible_episodes.jsonl.gz
e99d820e1f21c548f17c1a39612d35941ca00e4867e132d3a1b48f6df83f70c7	38268	output/synthetic_component_robustness_v3/raw/corpora/corpus_31237/adversarial_plus3_secondary/evaluation_items.jsonl
4db13547242477236c9c98c9785970c6e0d2508c80c883791363d1bca6f5cc3b	296	output/synthetic_component_robustness_v3/raw/corpora/corpus_31237/adversarial_plus3_secondary/generation_audit.json
dcdd7e481d86fe38dfd1a969a4b1468275bce1eae16d267cef925db38402f3f7	398	output/synthetic_component_robustness_v3/raw/corpora/corpus_31237/adversarial_plus3_secondary/lexicon_oracle.json
e896647b9685aabb469972d4b53d97b075bdb6e5c4c00c8169c70606bf8a5cee	4854	output/synthetic_component_robustness_v3/raw/corpora/corpus_31237/adversarial_plus3_secondary/oracle_episodes.jsonl.gz
761ce6e7334204a68fa69c4be31f5d6dc94992d587851a154212d9b9ad98e882	624327	output/synthetic_component_robustness_v3/raw/corpora/corpus_31237/adversarial_plus3_secondary/visible_episodes.jsonl.gz
e99d820e1f21c548f17c1a39612d35941ca00e4867e132d3a1b48f6df83f70c7	38268	output/synthetic_component_robustness_v3/raw/corpora/corpus_31237/unbiased_primary/evaluation_items.jsonl
741b63d14536cc7343f41623d9a5e89c8a334ac173fc07dbae930226a9bf5fff	371	output/synthetic_component_robustness_v3/raw/corpora/corpus_31237/unbiased_primary/generation_audit.json
dcdd7e481d86fe38dfd1a969a4b1468275bce1eae16d267cef925db38402f3f7	398	output/synthetic_component_robustness_v3/raw/corpora/corpus_31237/unbiased_primary/lexicon_oracle.json
3d35115fd70d14283e457c46985f6d1055c4f5b082c813b2043a2803a8a14faf	5857	output/synthetic_component_robustness_v3/raw/corpora/corpus_31237/unbiased_primary/oracle_episodes.jsonl.gz
ce9daa3f24c6a7165154d40170cb54cb69b64c7176d8a3c3cb3b92468d2ec7f2	628653	output/synthetic_component_robustness_v3/raw/corpora/corpus_31237/unbiased_primary/visible_episodes.jsonl.gz
60412349e7bef7cb03c2ab9817aed48148f7852d9093b041d102cf1309673a1d	38268	output/synthetic_component_robustness_v3/raw/corpora/corpus_31247/adversarial_plus3_secondary/evaluation_items.jsonl
c69aeaf91e24a73d5237a3fc5d7c48b72a116f95940672d96323b57186996a3f	296	output/synthetic_component_robustness_v3/raw/corpora/corpus_31247/adversarial_plus3_secondary/generation_audit.json
914d956ae7b6d71b8b2a60c8603bc4a516a942eb62789c4358e2846eaa1becb1	398	output/synthetic_component_robustness_v3/raw/corpora/corpus_31247/adversarial_plus3_secondary/lexicon_oracle.json
768a1f5c6f499d4e42225df142401b9bfd18703ee96b29388ef2eb72ec87e968	4866	output/synthetic_component_robustness_v3/raw/corpora/corpus_31247/adversarial_plus3_secondary/oracle_episodes.jsonl.gz
d3b6783202b01ff3e0532b030b2364fcc4ade744c0ba948b674bf34e6b21be5f	624039	output/synthetic_component_robustness_v3/raw/corpora/corpus_31247/adversarial_plus3_secondary/visible_episodes.jsonl.gz
60412349e7bef7cb03c2ab9817aed48148f7852d9093b041d102cf1309673a1d	38268	output/synthetic_component_robustness_v3/raw/corpora/corpus_31247/unbiased_primary/evaluation_items.jsonl
48aec068cd59742e0b24ab76105bda215b4c0c5530d72a615f840f7b76d92a5f	371	output/synthetic_component_robustness_v3/raw/corpora/corpus_31247/unbiased_primary/generation_audit.json
914d956ae7b6d71b8b2a60c8603bc4a516a942eb62789c4358e2846eaa1becb1	398	output/synthetic_component_robustness_v3/raw/corpora/corpus_31247/unbiased_primary/lexicon_oracle.json
b30d6ff5b3eb9e244c8a5206a2745c03746ae029b8a23794c9615e4bfbc656b0	5873	output/synthetic_component_robustness_v3/raw/corpora/corpus_31247/unbiased_primary/oracle_episodes.jsonl.gz
08b2fbe422109942e214111a446c845cb147c16045842efe419d2303cbe4fdd4	629328	output/synthetic_component_robustness_v3/raw/corpora/corpus_31247/unbiased_primary/visible_episodes.jsonl.gz
f06a81dc499753eea076d349d08ccf73a902a4e36ceac45b385ca2efdd2e0d1e	38268	output/synthetic_component_robustness_v3/raw/corpora/corpus_31249/adversarial_plus3_secondary/evaluation_items.jsonl
e972cab0c995fb86209d49caae65e3a2ff1b5c18c86671a5caec6cd8e4570e1e	296	output/synthetic_component_robustness_v3/raw/corpora/corpus_31249/adversarial_plus3_secondary/generation_audit.json
1db440d8e6ed3c9eb92435e4148e96220b99af12cd3d6e71ed469e5d552adf17	398	output/synthetic_component_robustness_v3/raw/corpora/corpus_31249/adversarial_plus3_secondary/lexicon_oracle.json
8db90a3d87eebfec8e1a5e0ffc64752b51ae03eaff604acad8538f8fb6a7932c	4897	output/synthetic_component_robustness_v3/raw/corpora/corpus_31249/adversarial_plus3_secondary/oracle_episodes.jsonl.gz
53fb8b8faf8df21f2c3a30a170eac7814752c7d0a8bd8b99dc0363276374b8d9	624667	output/synthetic_component_robustness_v3/raw/corpora/corpus_31249/adversarial_plus3_secondary/visible_episodes.jsonl.gz
f06a81dc499753eea076d349d08ccf73a902a4e36ceac45b385ca2efdd2e0d1e	38268	output/synthetic_component_robustness_v3/raw/corpora/corpus_31249/unbiased_primary/evaluation_items.jsonl
c2fd9043fb4f2a04095a96e86e00d90506e35e209bbd4c741433f7b4cc4fe7de	371	output/synthetic_component_robustness_v3/raw/corpora/corpus_31249/unbiased_primary/generation_audit.json
1db440d8e6ed3c9eb92435e4148e96220b99af12cd3d6e71ed469e5d552adf17	398	output/synthetic_component_robustness_v3/raw/corpora/corpus_31249/unbiased_primary/lexicon_oracle.json
206ad0dfe6467800d9778996cd944b4a6a1d14a7360c34da840a9b08ba9774eb	5817	output/synthetic_component_robustness_v3/raw/corpora/corpus_31249/unbiased_primary/oracle_episodes.jsonl.gz
ab26f855394de011fad041c7ab4f70f5981c80bcae8c2a463368c9e23000a555	629130	output/synthetic_component_robustness_v3/raw/corpora/corpus_31249/unbiased_primary/visible_episodes.jsonl.gz
a11670175413e9a7797e9b0f2b0f6592ee4fa2a04fc83c0e4a3279469da5f610	38268	output/synthetic_component_robustness_v3/raw/corpora/corpus_31253/adversarial_plus3_secondary/evaluation_items.jsonl
6a499afd28811c9e79a7285b63d59915e4c564f863977dfe99d4fde8ca11bdf8	296	output/synthetic_component_robustness_v3/raw/corpora/corpus_31253/adversarial_plus3_secondary/generation_audit.json
c7587782a88b52806879da58e56905390a2ceeceb42c4f81976c5b0a8f73bfa4	398	output/synthetic_component_robustness_v3/raw/corpora/corpus_31253/adversarial_plus3_secondary/lexicon_oracle.json
9a3e339b8b1300ec5e6ad224e2ba619796fdc9aa8dd25ee59dce21e4ad8a5b15	4876	output/synthetic_component_robustness_v3/raw/corpora/corpus_31253/adversarial_plus3_secondary/oracle_episodes.jsonl.gz
67150d9d4cd0ee067fb5dfbd93cfad6c632035484ec173132bc6ae1473fdd97f	624903	output/synthetic_component_robustness_v3/raw/corpora/corpus_31253/adversarial_plus3_secondary/visible_episodes.jsonl.gz
a11670175413e9a7797e9b0f2b0f6592ee4fa2a04fc83c0e4a3279469da5f610	38268	output/synthetic_component_robustness_v3/raw/corpora/corpus_31253/unbiased_primary/evaluation_items.jsonl
d1c5900794e86c4949b9d575e614a65f5ca9e4cd429af9196baa22f9262e8b6f	371	output/synthetic_component_robustness_v3/raw/corpora/corpus_31253/unbiased_primary/generation_audit.json
c7587782a88b52806879da58e56905390a2ceeceb42c4f81976c5b0a8f73bfa4	398	output/synthetic_component_robustness_v3/raw/corpora/corpus_31253/unbiased_primary/lexicon_oracle.json
d80bc8e2feb758e69a3066467e3610a2d50ac3440b098000aea6dd6d7a96b873	5877	output/synthetic_component_robustness_v3/raw/corpora/corpus_31253/unbiased_primary/oracle_episodes.jsonl.gz
095e28e58ff36c3ff95ed3d13b438f2ffb34aee0d9d39a4df6b9d2b7a5d65b24	628637	output/synthetic_component_robustness_v3/raw/corpora/corpus_31253/unbiased_primary/visible_episodes.jsonl.gz
fca785fb8a487a76e4e174ec6b47373b088e8fcf73dcd1293eb6a9aaa12d9782	38268	output/synthetic_component_robustness_v3/raw/corpora/corpus_31259/adversarial_plus3_secondary/evaluation_items.jsonl
467c581646fe8c8600c32fbf6c1875d878c19fcd4ebbb06bc9b9c44b1720c2c7	296	output/synthetic_component_robustness_v3/raw/corpora/corpus_31259/adversarial_plus3_secondary/generation_audit.json
105cb8240460e2bc328cc0461b673c9fdb5ad9a8e98ef5bf929315c377803860	398	output/synthetic_component_robustness_v3/raw/corpora/corpus_31259/adversarial_plus3_secondary/lexicon_oracle.json
8556c0f41573fba8350855174d10ef8fabb3de23e6c85fae5dd51c8c798d14b1	4865	output/synthetic_component_robustness_v3/raw/corpora/corpus_31259/adversarial_plus3_secondary/oracle_episodes.jsonl.gz
43f2089cd9cd902873a3680054b9b270bd8480e942a185b563ac5e6fdddf484d	625360	output/synthetic_component_robustness_v3/raw/corpora/corpus_31259/adversarial_plus3_secondary/visible_episodes.jsonl.gz
fca785fb8a487a76e4e174ec6b47373b088e8fcf73dcd1293eb6a9aaa12d9782	38268	output/synthetic_component_robustness_v3/raw/corpora/corpus_31259/unbiased_primary/evaluation_items.jsonl
4596009e76240770f752f69ba25cd9ee8c8100ff8dd4e844230f4079be94246a	371	output/synthetic_component_robustness_v3/raw/corpora/corpus_31259/unbiased_primary/generation_audit.json
105cb8240460e2bc328cc0461b673c9fdb5ad9a8e98ef5bf929315c377803860	398	output/synthetic_component_robustness_v3/raw/corpora/corpus_31259/unbiased_primary/lexicon_oracle.json
9f723040204eec632e4db4fd3f084abfc7829dcafa00a8fd31223b1201c5e5ce	5796	output/synthetic_component_robustness_v3/raw/corpora/corpus_31259/unbiased_primary/oracle_episodes.jsonl.gz
034640059274963a7028fdea453cd47f54bab0b364ef5519c9c3b45e8ba045b3	628468	output/synthetic_component_robustness_v3/raw/corpora/corpus_31259/unbiased_primary/visible_episodes.jsonl.gz
bdcbcadd4147db32681f0c9e29c5190b16770f0da2dc613204caf01067d9beec	38268	output/synthetic_component_robustness_v3/raw/corpora/corpus_31267/adversarial_plus3_secondary/evaluation_items.jsonl
a8bb69bc41921a368032446f655caaa9140ad41a1a155b21e6da02d7aaa722cb	296	output/synthetic_component_robustness_v3/raw/corpora/corpus_31267/adversarial_plus3_secondary/generation_audit.json
4988fddc7a55e5adbcd4a820e9b8b9675790ba084b2666be029b6b5d3f6ea3ab	398	output/synthetic_component_robustness_v3/raw/corpora/corpus_31267/adversarial_plus3_secondary/lexicon_oracle.json
c753705ca4278d837906f53c4cb9b81e10159f321bc0c4f7bfba687f9a2e0c9a	4911	output/synthetic_component_robustness_v3/raw/corpora/corpus_31267/adversarial_plus3_secondary/oracle_episodes.jsonl.gz
b35bd8dcdceba3a84615ad45275918d562784912588c5fd3409d88c833f95cb5	624547	output/synthetic_component_robustness_v3/raw/corpora/corpus_31267/adversarial_plus3_secondary/visible_episodes.jsonl.gz
bdcbcadd4147db32681f0c9e29c5190b16770f0da2dc613204caf01067d9beec	38268	output/synthetic_component_robustness_v3/raw/corpora/corpus_31267/unbiased_primary/evaluation_items.jsonl
7a807c427b6c4813b91cf80499a79344b7a3219c53273098ab19f60d24efcb3a	371	output/synthetic_component_robustness_v3/raw/corpora/corpus_31267/unbiased_primary/generation_audit.json
4988fddc7a55e5adbcd4a820e9b8b9675790ba084b2666be029b6b5d3f6ea3ab	398	output/synthetic_component_robustness_v3/raw/corpora/corpus_31267/unbiased_primary/lexicon_oracle.json
664e2a6560f54e0b05bbbea94c517bb185ec91478ec8cde2132992233c7f3b90	5849	output/synthetic_component_robustness_v3/raw/corpora/corpus_31267/unbiased_primary/oracle_episodes.jsonl.gz
d55ada125706f3094bcb537e56b647972b4eb901c6ad230ab51ca3a733a79185	629676	output/synthetic_component_robustness_v3/raw/corpora/corpus_31267/unbiased_primary/visible_episodes.jsonl.gz
9ee01c8e697a5a3523e678ebf1c59ba219f831caff32a89f415eb14d7a19d383	38268	output/synthetic_component_robustness_v3/raw/corpora/corpus_31271/adversarial_plus3_secondary/evaluation_items.jsonl
67115d7aba70d903d1fa0db48d802ca9aaca02753c448db627a41e4953035256	296	output/synthetic_component_robustness_v3/raw/corpora/corpus_31271/adversarial_plus3_secondary/generation_audit.json
902d5aa9753af92992e64bf3a8418692c95bbf620a7e2788d2db8270293743b7	398	output/synthetic_component_robustness_v3/raw/corpora/corpus_31271/adversarial_plus3_secondary/lexicon_oracle.json
3c53d91a9a5165ab36e05cfb6303d6a0b2c1c4a1cb2af4772f7b9b0280bc0ddc	4890	output/synthetic_component_robustness_v3/raw/corpora/corpus_31271/adversarial_plus3_secondary/oracle_episodes.jsonl.gz
0579ae02af08aa7595349b5866778940b03f8ce3225415b441c6d62facb1c9d3	624569	output/synthetic_component_robustness_v3/raw/corpora/corpus_31271/adversarial_plus3_secondary/visible_episodes.jsonl.gz
9ee01c8e697a5a3523e678ebf1c59ba219f831caff32a89f415eb14d7a19d383	38268	output/synthetic_component_robustness_v3/raw/corpora/corpus_31271/unbiased_primary/evaluation_items.jsonl
654070aa95a9d6282a7d3ac5d217bb4ddfad7e4d7ebe7c9bc7d39d0446599507	371	output/synthetic_component_robustness_v3/raw/corpora/corpus_31271/unbiased_primary/generation_audit.json
902d5aa9753af92992e64bf3a8418692c95bbf620a7e2788d2db8270293743b7	398	output/synthetic_component_robustness_v3/raw/corpora/corpus_31271/unbiased_primary/lexicon_oracle.json
8dc9d3b3c8f15ce4c1232d13791e2bbcae97a42e75adc968a3485661007b236c	5781	output/synthetic_component_robustness_v3/raw/corpora/corpus_31271/unbiased_primary/oracle_episodes.jsonl.gz
30464dfc5731c64ac742a0588b55c83980dee29ad0c5139642823fb82e558474	628498	output/synthetic_component_robustness_v3/raw/corpora/corpus_31271/unbiased_primary/visible_episodes.jsonl.gz
e1c99346e6a9c1c08a30eb2608128d29bee5150cfc6e3912a89df397c7c68e26	38268	output/synthetic_component_robustness_v3/raw/corpora/corpus_31277/adversarial_plus3_secondary/evaluation_items.jsonl
467c581646fe8c8600c32fbf6c1875d878c19fcd4ebbb06bc9b9c44b1720c2c7	296	output/synthetic_component_robustness_v3/raw/corpora/corpus_31277/adversarial_plus3_secondary/generation_audit.json
62c494da52332fad9ed2d1a575662a15cb9a969a4ca276352a36e76d0457f733	398	output/synthetic_component_robustness_v3/raw/corpora/corpus_31277/adversarial_plus3_secondary/lexicon_oracle.json
243a2718ce255ebeb38578f7f82917cefd68e4f3b299373d549b60d9e853fc54	4851	output/synthetic_component_robustness_v3/raw/corpora/corpus_31277/adversarial_plus3_secondary/oracle_episodes.jsonl.gz
7c06965eb5a721b569d76f75d7242f1d11641e5c3332d077778b83cd3742a121	624700	output/synthetic_component_robustness_v3/raw/corpora/corpus_31277/adversarial_plus3_secondary/visible_episodes.jsonl.gz
e1c99346e6a9c1c08a30eb2608128d29bee5150cfc6e3912a89df397c7c68e26	38268	output/synthetic_component_robustness_v3/raw/corpora/corpus_31277/unbiased_primary/evaluation_items.jsonl
9231cbfdd2f289e0bf71218cf80a0930c391a9b7b0a38ef69fa30fc65b360d02	371	output/synthetic_component_robustness_v3/raw/corpora/corpus_31277/unbiased_primary/generation_audit.json
62c494da52332fad9ed2d1a575662a15cb9a969a4ca276352a36e76d0457f733	398	output/synthetic_component_robustness_v3/raw/corpora/corpus_31277/unbiased_primary/lexicon_oracle.json
e27ce05a3dad5256c94defde72637984d2a71351f939f5961723e74cf3d85f6a	5835	output/synthetic_component_robustness_v3/raw/corpora/corpus_31277/unbiased_primary/oracle_episodes.jsonl.gz
c6b037845fe260f8462b39e57bb8285c0b1e91f5dd25f87ee60ae8ad9d432bc2	629353	output/synthetic_component_robustness_v3/raw/corpora/corpus_31277/unbiased_primary/visible_episodes.jsonl.gz
9a9f72ed4c7de2170726b65f735eb1afd0d6347987c6f53d8c0a8969f7b882bc	38268	output/synthetic_component_robustness_v3/raw/corpora/corpus_31279/adversarial_plus3_secondary/evaluation_items.jsonl
0c836238d5fe5a777b42b4003a8f9c5565ab2d7414761626ac70c96d1ae4cea0	296	output/synthetic_component_robustness_v3/raw/corpora/corpus_31279/adversarial_plus3_secondary/generation_audit.json
f4efcdc9608e5c913b6508cbe770df389e00b3af8571136377e3225775eec334	398	output/synthetic_component_robustness_v3/raw/corpora/corpus_31279/adversarial_plus3_secondary/lexicon_oracle.json
35523ff2d0ffe584d7ec60d442348639138b6fb0b21b7cf7dbd73d4f88f88fc5	4855	output/synthetic_component_robustness_v3/raw/corpora/corpus_31279/adversarial_plus3_secondary/oracle_episodes.jsonl.gz
0e2bfa9363fefb8ee79e44495b400d285dd14041563b40d689c0f68f1708f314	625980	output/synthetic_component_robustness_v3/raw/corpora/corpus_31279/adversarial_plus3_secondary/visible_episodes.jsonl.gz
9a9f72ed4c7de2170726b65f735eb1afd0d6347987c6f53d8c0a8969f7b882bc	38268	output/synthetic_component_robustness_v3/raw/corpora/corpus_31279/unbiased_primary/evaluation_items.jsonl
e246a86155ed88110c374776f5da426f5611ab861eeb6a0ee1aa953c65177001	371	output/synthetic_component_robustness_v3/raw/corpora/corpus_31279/unbiased_primary/generation_audit.json
f4efcdc9608e5c913b6508cbe770df389e00b3af8571136377e3225775eec334	398	output/synthetic_component_robustness_v3/raw/corpora/corpus_31279/unbiased_primary/lexicon_oracle.json
f96de4c6b737e6c4d62caad73e2312381fcda8c6caca8fbc09251a88bc3ba79c	5810	output/synthetic_component_robustness_v3/raw/corpora/corpus_31279/unbiased_primary/oracle_episodes.jsonl.gz
2590619c6bb5f30a52440aa95123bfe004e668bccc6d3d4e9c3d50147f1591d7	628722	output/synthetic_component_robustness_v3/raw/corpora/corpus_31279/unbiased_primary/visible_episodes.jsonl.gz
c101ec58de7c75e14f246e2c75aef99156a908dc3dd7a8e7b421361c8b0aa7c3	38268	output/synthetic_component_robustness_v3/raw/corpora/corpus_31283/adversarial_plus3_secondary/evaluation_items.jsonl
486d2edaaba6e80d17416646e84c0ce388616f5f330812fa3050fabaa3803c28	296	output/synthetic_component_robustness_v3/raw/corpora/corpus_31283/adversarial_plus3_secondary/generation_audit.json
bdbedb71b363ca16b6d4cdc614b58a61239239e7f99d3dc8a291728fd4def1e2	398	output/synthetic_component_robustness_v3/raw/corpora/corpus_31283/adversarial_plus3_secondary/lexicon_oracle.json
27f33fbbc2a86619adce203c4d8e5815657bd36216aad58b5c03b65278a23d7f	4878	output/synthetic_component_robustness_v3/raw/corpora/corpus_31283/adversarial_plus3_secondary/oracle_episodes.jsonl.gz
b010a795ba268a773eb353ef8d50bc764a947ad19a1bf81d89e7749b39bf194a	625379	output/synthetic_component_robustness_v3/raw/corpora/corpus_31283/adversarial_plus3_secondary/visible_episodes.jsonl.gz
c101ec58de7c75e14f246e2c75aef99156a908dc3dd7a8e7b421361c8b0aa7c3	38268	output/synthetic_component_robustness_v3/raw/corpora/corpus_31283/unbiased_primary/evaluation_items.jsonl
4ea22c11175a108650392c1a377cde9e20e54150cfaf04fc79f963707c409860	371	output/synthetic_component_robustness_v3/raw/corpora/corpus_31283/unbiased_primary/generation_audit.json
bdbedb71b363ca16b6d4cdc614b58a61239239e7f99d3dc8a291728fd4def1e2	398	output/synthetic_component_robustness_v3/raw/corpora/corpus_31283/unbiased_primary/lexicon_oracle.json
e5692363a85fd0778ab6c6747a89ebdd2517d4180ad7962c6b7a2caf6fce7290	5845	output/synthetic_component_robustness_v3/raw/corpora/corpus_31283/unbiased_primary/oracle_episodes.jsonl.gz
a57dcaeac4f6212e7da1f681178ff516d8d254fc1106c0e010adb952697e7616	628972	output/synthetic_component_robustness_v3/raw/corpora/corpus_31283/unbiased_primary/visible_episodes.jsonl.gz
3cc47676cb7bcf8bdc5ec7d80688132c4b45845f30c934ab4e374e82304ca234	38268	output/synthetic_component_robustness_v3/raw/corpora/corpus_31289/adversarial_plus3_secondary/evaluation_items.jsonl
76cadbc0437c417da6a8b6331f3b8cc211f64c9da34f2f1d98c657289831f5ff	296	output/synthetic_component_robustness_v3/raw/corpora/corpus_31289/adversarial_plus3_secondary/generation_audit.json
7a5f297165e094cc611432b71ffcebb8cd776370c66c136027bc1232b3850bdc	398	output/synthetic_component_robustness_v3/raw/corpora/corpus_31289/adversarial_plus3_secondary/lexicon_oracle.json
efa57282ff6450c07e9223001e57cd9bd60bd7f0d50283dee71265d71edcc09e	4841	output/synthetic_component_robustness_v3/raw/corpora/corpus_31289/adversarial_plus3_secondary/oracle_episodes.jsonl.gz
fa2a12d89026ba97d22068c69d02cd4b081fc3f29e143ecd99decda5bb532a6b	624857	output/synthetic_component_robustness_v3/raw/corpora/corpus_31289/adversarial_plus3_secondary/visible_episodes.jsonl.gz
3cc47676cb7bcf8bdc5ec7d80688132c4b45845f30c934ab4e374e82304ca234	38268	output/synthetic_component_robustness_v3/raw/corpora/corpus_31289/unbiased_primary/evaluation_items.jsonl
5594fed609e6a225ff4c679b9508ab2df3ba08049f7ee4f6f17d2503281cf694	371	output/synthetic_component_robustness_v3/raw/corpora/corpus_31289/unbiased_primary/generation_audit.json
7a5f297165e094cc611432b71ffcebb8cd776370c66c136027bc1232b3850bdc	398	output/synthetic_component_robustness_v3/raw/corpora/corpus_31289/unbiased_primary/lexicon_oracle.json
c857a3f89cd1cdbdc2d311bea17fcc51100f4ed13abe50071b4dd56014ed195c	5821	output/synthetic_component_robustness_v3/raw/corpora/corpus_31289/unbiased_primary/oracle_episodes.jsonl.gz
39b4342ec7d0de28323ec2730246802672876ccb30baf773bb77ccae85b2e9e6	628424	output/synthetic_component_robustness_v3/raw/corpora/corpus_31289/unbiased_primary/visible_episodes.jsonl.gz
33ac39b5acb98c7fd6bee740807cd5c917bd9800daade2f46d757bb0d8d7ea6f	38268	output/synthetic_component_robustness_v3/raw/corpora/corpus_31307/adversarial_plus3_secondary/evaluation_items.jsonl
0acdb02dccc0c82801303a2106fc3f1fd827026361381474d88f6addd4f34c2d	296	output/synthetic_component_robustness_v3/raw/corpora/corpus_31307/adversarial_plus3_secondary/generation_audit.json
88e621176254ddc9b88c55820d848c92c5876944dbd8ab725f183862f52a5f26	398	output/synthetic_component_robustness_v3/raw/corpora/corpus_31307/adversarial_plus3_secondary/lexicon_oracle.json
eaa30c1052144d035194e26f677371b0ef6f05228eae6dbadec475b2ebcf2b55	4917	output/synthetic_component_robustness_v3/raw/corpora/corpus_31307/adversarial_plus3_secondary/oracle_episodes.jsonl.gz
b91b9a6943b4d88aee09a3073af021eb997f7086d4679cc72a0c55e5de23b7dd	624940	output/synthetic_component_robustness_v3/raw/corpora/corpus_31307/adversarial_plus3_secondary/visible_episodes.jsonl.gz
33ac39b5acb98c7fd6bee740807cd5c917bd9800daade2f46d757bb0d8d7ea6f	38268	output/synthetic_component_robustness_v3/raw/corpora/corpus_31307/unbiased_primary/evaluation_items.jsonl
42b534752e4b773efdfcd72ca144c7e174fc078e9ad53d576cf2c808b6d35b29	371	output/synthetic_component_robustness_v3/raw/corpora/corpus_31307/unbiased_primary/generation_audit.json
88e621176254ddc9b88c55820d848c92c5876944dbd8ab725f183862f52a5f26	398	output/synthetic_component_robustness_v3/raw/corpora/corpus_31307/unbiased_primary/lexicon_oracle.json
dcc36dc0beedd77f4718eecfb5417cf74588e4e7ea9ec9c1f000fad8d651d8f1	5891	output/synthetic_component_robustness_v3/raw/corpora/corpus_31307/unbiased_primary/oracle_episodes.jsonl.gz
2be5f59e75cfda845d8508ddcf551b3b3e6e8197dfaf74a11c6ea1d729ad6165	628694	output/synthetic_component_robustness_v3/raw/corpora/corpus_31307/unbiased_primary/visible_episodes.jsonl.gz
80d338548e460d69a78a80eb0e12a17b58bcd06ada949e07df3377ea44c17c8a	38268	output/synthetic_component_robustness_v3/raw/corpora/corpus_31319/adversarial_plus3_secondary/evaluation_items.jsonl
67115d7aba70d903d1fa0db48d802ca9aaca02753c448db627a41e4953035256	296	output/synthetic_component_robustness_v3/raw/corpora/corpus_31319/adversarial_plus3_secondary/generation_audit.json
52f34e37cc1b2c4b04b641c570df7e366e33d93b81baaaf02929c9485754fe3f	398	output/synthetic_component_robustness_v3/raw/corpora/corpus_31319/adversarial_plus3_secondary/lexicon_oracle.json
e58eb2252bd3b154baefb01c8e6919ebb0fee01ff87d578c11dbecc260e3015e	4883	output/synthetic_component_robustness_v3/raw/corpora/corpus_31319/adversarial_plus3_secondary/oracle_episodes.jsonl.gz
2952224d20ca7d762118c421f559fda6baee9095fd331355bc280d9fd7137e27	625816	output/synthetic_component_robustness_v3/raw/corpora/corpus_31319/adversarial_plus3_secondary/visible_episodes.jsonl.gz
80d338548e460d69a78a80eb0e12a17b58bcd06ada949e07df3377ea44c17c8a	38268	output/synthetic_component_robustness_v3/raw/corpora/corpus_31319/unbiased_primary/evaluation_items.jsonl
26df2ab71cd02d107cc37503679c714deaba9b15eb8c1ceaf1fe194cafc3bc24	371	output/synthetic_component_robustness_v3/raw/corpora/corpus_31319/unbiased_primary/generation_audit.json
52f34e37cc1b2c4b04b641c570df7e366e33d93b81baaaf02929c9485754fe3f	398	output/synthetic_component_robustness_v3/raw/corpora/corpus_31319/unbiased_primary/lexicon_oracle.json
87ce8e3840958ab02315d165595d4f0ba20a03001e7edc9969f2f4c76bbbcc25	5846	output/synthetic_component_robustness_v3/raw/corpora/corpus_31319/unbiased_primary/oracle_episodes.jsonl.gz
0a56906638777840a66a62dee5fafd6228886a86f6265c269c516bc60ff4c466	629550	output/synthetic_component_robustness_v3/raw/corpora/corpus_31319/unbiased_primary/visible_episodes.jsonl.gz
371af9a3ad091c9cb2ec28ea531500c847d7ec35690ba78832e07939bf997095	38268	output/synthetic_component_robustness_v3/raw/corpora/corpus_31321/adversarial_plus3_secondary/evaluation_items.jsonl
f1ce42bc0759e63f2f435a40fedbaea9f4ab6204c426afeeef5ab0afd5e647a9	296	output/synthetic_component_robustness_v3/raw/corpora/corpus_31321/adversarial_plus3_secondary/generation_audit.json
8f519c608910c6af2b025e2b9fc037298c69878250d9ec23571b65017c5bc235	398	output/synthetic_component_robustness_v3/raw/corpora/corpus_31321/adversarial_plus3_secondary/lexicon_oracle.json
26cc3e8be2a96483cc75002cc079730ac2df8d030a59a7eab9782bfbc3e2e3fe	4861	output/synthetic_component_robustness_v3/raw/corpora/corpus_31321/adversarial_plus3_secondary/oracle_episodes.jsonl.gz
f9cf204a934483821bbeb8e1eea043855f2a65288c1e445a3f14417e3f8ea470	625824	output/synthetic_component_robustness_v3/raw/corpora/corpus_31321/adversarial_plus3_secondary/visible_episodes.jsonl.gz
371af9a3ad091c9cb2ec28ea531500c847d7ec35690ba78832e07939bf997095	38268	output/synthetic_component_robustness_v3/raw/corpora/corpus_31321/unbiased_primary/evaluation_items.jsonl
2232d944e231757bfc70f7bbbb6ec9bead9b00f9e138da031ca4cc31f8c710c6	371	output/synthetic_component_robustness_v3/raw/corpora/corpus_31321/unbiased_primary/generation_audit.json
8f519c608910c6af2b025e2b9fc037298c69878250d9ec23571b65017c5bc235	398	output/synthetic_component_robustness_v3/raw/corpora/corpus_31321/unbiased_primary/lexicon_oracle.json
c68f6a2bf185bc04b6d9611d4cf32ca8afd14260e95c59b2fce922b0421890ab	5866	output/synthetic_component_robustness_v3/raw/corpora/corpus_31321/unbiased_primary/oracle_episodes.jsonl.gz
a05555c6786ed8011c850f0362340c0d3585c6cfcde324c6d74253336ade7a07	628395	output/synthetic_component_robustness_v3/raw/corpora/corpus_31321/unbiased_primary/visible_episodes.jsonl.gz
2315af27e3db1655b382d9bf3010114c541664399248535c530f50a3c64c4b6a	38268	output/synthetic_component_robustness_v3/raw/corpora/corpus_31327/adversarial_plus3_secondary/evaluation_items.jsonl
bff992252d8286a122186f529629dd2e3bcb75ca77ac53c663cb37b0d25ed71b	296	output/synthetic_component_robustness_v3/raw/corpora/corpus_31327/adversarial_plus3_secondary/generation_audit.json
d384b6a4b9424a88c15a3a6bcef03ba753dfc40e68c7e00c1bfdbfc09a977d0d	398	output/synthetic_component_robustness_v3/raw/corpora/corpus_31327/adversarial_plus3_secondary/lexicon_oracle.json
c6ec7abbcdb39efd446ba855c9d9703663016d4654b2ddb12d54069f69cfeda5	4852	output/synthetic_component_robustness_v3/raw/corpora/corpus_31327/adversarial_plus3_secondary/oracle_episodes.jsonl.gz
9a3ad3f0b4b5c61b362410c844060b3fcca9efa4b94a53099243ab836a196c3b	624163	output/synthetic_component_robustness_v3/raw/corpora/corpus_31327/adversarial_plus3_secondary/visible_episodes.jsonl.gz
2315af27e3db1655b382d9bf3010114c541664399248535c530f50a3c64c4b6a	38268	output/synthetic_component_robustness_v3/raw/corpora/corpus_31327/unbiased_primary/evaluation_items.jsonl
e0a22463058e6139f2bc85723d8aec520535c3f3b9457ecb001028db34494633	371	output/synthetic_component_robustness_v3/raw/corpora/corpus_31327/unbiased_primary/generation_audit.json
d384b6a4b9424a88c15a3a6bcef03ba753dfc40e68c7e00c1bfdbfc09a977d0d	398	output/synthetic_component_robustness_v3/raw/corpora/corpus_31327/unbiased_primary/lexicon_oracle.json
73401e83d7db2f847910b9ad6c367873029c703bd684b7191ddd78fc0a10858b	5820	output/synthetic_component_robustness_v3/raw/corpora/corpus_31327/unbiased_primary/oracle_episodes.jsonl.gz
25d89cb4e07c5dd58c1d2e279b15648cb08070e906c1952c266a3020d64d4f94	628952	output/synthetic_component_robustness_v3/raw/corpora/corpus_31327/unbiased_primary/visible_episodes.jsonl.gz
6ec2c2c2a7e313b6b4ac99e94345eba5779bb46aa3626a51ed5edd8f24a1c3dc	38268	output/synthetic_component_robustness_v3/raw/corpora/corpus_31333/adversarial_plus3_secondary/evaluation_items.jsonl
962b48e56584b965758f36b0147f8de73d45dba63a2c19ee6a23ff5588d6f47e	296	output/synthetic_component_robustness_v3/raw/corpora/corpus_31333/adversarial_plus3_secondary/generation_audit.json
ef1e00272a214d7bbc6843296780a41493ab6a1d40e5e8a90883e985db954aa2	398	output/synthetic_component_robustness_v3/raw/corpora/corpus_31333/adversarial_plus3_secondary/lexicon_oracle.json
05b1a56719ca77a75d9e198ae1b65c0da2dea7decc652e00889674bb5715c052	4871	output/synthetic_component_robustness_v3/raw/corpora/corpus_31333/adversarial_plus3_secondary/oracle_episodes.jsonl.gz
4bc7b078d3f6d0c1d3018323ff8551305bdd9c46752682f7c01ff6a99754deec	625091	output/synthetic_component_robustness_v3/raw/corpora/corpus_31333/adversarial_plus3_secondary/visible_episodes.jsonl.gz
6ec2c2c2a7e313b6b4ac99e94345eba5779bb46aa3626a51ed5edd8f24a1c3dc	38268	output/synthetic_component_robustness_v3/raw/corpora/corpus_31333/unbiased_primary/evaluation_items.jsonl
16d60f66124b1511e3f1d61e6e2d85520dc0d63e851095d049ae61ca5caebab1	371	output/synthetic_component_robustness_v3/raw/corpora/corpus_31333/unbiased_primary/generation_audit.json
ef1e00272a214d7bbc6843296780a41493ab6a1d40e5e8a90883e985db954aa2	398	output/synthetic_component_robustness_v3/raw/corpora/corpus_31333/unbiased_primary/lexicon_oracle.json
2a052f12448a9da8ecf6119c852bb3756313b5dbdf9653684b7f37229e7b16fb	5799	output/synthetic_component_robustness_v3/raw/corpora/corpus_31333/unbiased_primary/oracle_episodes.jsonl.gz
ba7069372272e5b88efd771dba0b872b5408bd7c56ea34bc068e289ff2cb44cd	629258	output/synthetic_component_robustness_v3/raw/corpora/corpus_31333/unbiased_primary/visible_episodes.jsonl.gz
c82f4656a17583f2356b44bcb4badd9b8159046a747642dcf810e199c325d52d	40756227	output/synthetic_component_robustness_v3/raw/development_runs.jsonl
72928da76112d9d585a0f4a9414bcd2f6901d8967745fa0b3c64ce35e4964023	1203480	output/synthetic_component_robustness_v3/raw/factor_results.jsonl
070f317f74b2fe9ba17f9f1612fea4249d1fa636a737d4166fe65f678714f355	389	output/synthetic_component_robustness_v3/reproducibility.json
c6dbccc4dbd4937896d7468dc5f708635b348c6db47e93e24e25f51fcd1731b6	2401	output/synthetic_component_robustness_v3/scientific_report.md
ccdd927b8ff3ac63154d741dab6dc9926398ae1c56f229ea67152892c5081399	1483	output/synthetic_component_robustness_v3/terminal_decision.json
50c49d63ed26eeadaac97c4c3c962c36613476cc4b4097f3d26cc6d3fc614d57	635	output/synthetic_component_robustness_v3/validation_report.json
0d119e54b8039bd21d37605d88282b72b72f3f57961f825ebed4682c9248c667	3431	output/synthetic_development_launch_package_v1/collected_tests_pre_freeze.json
929f599ac9214a704c24d802d34022a2332da6abcf47caea6d726e1a0d94f5da	2247	output/synthetic_development_launch_package_v1/excluded_rehearsal/cohort_summary.json
88394742fcb03d1600aa4d8dae649d0926d12f62f36ffb07147292047b1cfa86	2191	output/synthetic_development_launch_package_v1/excluded_rehearsal/condition_audits.json
1e9583d5cc3dc85a0254a3457ab3a1228d8d6195877150bcb41b8053800ef5f6	921043	output/synthetic_development_launch_package_v1/excluded_rehearsal/corpus_audits.json
bce33cd36a02adbfeeb9c558eae57bd698464cdddb098e4e35baa1233c335e85	1365601	output/synthetic_development_launch_package_v1/excluded_rehearsal/detector_capacity_audit.json
8ad3f4edc6f3cffb3416a550493fe4493b0b4b6a3299edc3882ea0744bf30ca4	909	output/synthetic_development_launch_package_v1/excluded_rehearsal/detector_runtime_audit.json
29e4f661b6cb0408882b9f726f1b2a2aebedbbb965a586b2b7c10d563f9dea77	813	output/synthetic_development_launch_package_v1/excluded_rehearsal/identifier_reference_audit.json
63a4da180e796a0e51ff41a47ec5329eb8b067690c30102ec0cad3f4b625f2a3	324	output/synthetic_development_launch_package_v1/excluded_rehearsal/persisted_inputs/cohort_metadata.json
8db3c3beb670ae6ebc338962482e32663c06def4c39aab179bf9400af92ac8fc	18724	output/synthetic_development_launch_package_v1/excluded_rehearsal/persisted_inputs/config.json
9f6e6d8472e7edce5e1742d2cdd1edf7b5b518cf04c1ffbaaacf0962a9f8b396	4223212	output/synthetic_development_launch_package_v1/excluded_rehearsal/persisted_inputs/corpus_290201/conditions/absent_channel.jsonl
cdac3b76922fe6e572f64502ca9f1721da01923b9e3db027edc386a047df22f4	33748838	output/synthetic_development_launch_package_v1/excluded_rehearsal/persisted_inputs/corpus_290201/conditions/randomized_shuffle.jsonl
6d561013c9754960392307444d1e192ea5fb5414ee64096c825e9b89ee188129	31660783	output/synthetic_development_launch_package_v1/excluded_rehearsal/persisted_inputs/corpus_290201/conditions/sensor_corrupted.jsonl
cad7b1e17dc8de2cdf958bc4ba69322acb83f7d20303af4fe2ba106b8800a54c	32468125	output/synthetic_development_launch_package_v1/excluded_rehearsal/persisted_inputs/corpus_290201/conditions/shift_minus_8.jsonl
24ac539be7f3707cee9af45e36611e2fd9fd2b341a717769d387fd90fa5ae9e2	32463280	output/synthetic_development_launch_package_v1/excluded_rehearsal/persisted_inputs/corpus_290201/conditions/shift_plus_8.jsonl
a1e5621e47370916670416d110a6d0452dc4452eecb1bc9d16741afaad36f55d	33748838	output/synthetic_development_launch_package_v1/excluded_rehearsal/persisted_inputs/corpus_290201/conditions/synchronized.jsonl
4319f5ccb247b431af19641d441f13788b7ae6ceff798f1583ae2ddcb2c0de34	22231420	output/synthetic_development_launch_package_v1/excluded_rehearsal/persisted_inputs/corpus_290201/conditions/uninformative.jsonl
fbf4895db31a627833646a626ddf80d63d81ae3cd5b2f91b931a7297b1d1ed7d	217930	output/synthetic_development_launch_package_v1/excluded_rehearsal/persisted_inputs/corpus_290201/corpus_audit.json
70939b8c419689d2ce8083d82f5555a023ca0028747cc445c73f3d05c15667c7	154275	output/synthetic_development_launch_package_v1/excluded_rehearsal/persisted_inputs/corpus_290201/donor_maps/absent_channel.json
0e9ddb758b96c0f072cdb5014051d547368750eb7efcaa618aac09494fc249b9	164451	output/synthetic_development_launch_package_v1/excluded_rehearsal/persisted_inputs/corpus_290201/donor_maps/randomized_shuffle.json
7d5d942060221740c4cc34189279d94abcbbf8140930f3ddde127a5ef24b93e1	304755	output/synthetic_development_launch_package_v1/excluded_rehearsal/persisted_inputs/corpus_290201/donor_maps/sensor_corrupted.json
d280a7267c9fb1a826b61edde054d0c0cac0a4f4007bd0bb066d1ff4da0360c9	304755	output/synthetic_development_launch_package_v1/excluded_rehearsal/persisted_inputs/corpus_290201/donor_maps/shift_minus_8.json
33cb7d04f9dad8a580425306770bbc9d3213a462ec5d46d4532a2f2d86701cca	300963	output/synthetic_development_launch_package_v1/excluded_rehearsal/persisted_inputs/corpus_290201/donor_maps/shift_plus_8.json
7dcf75493ccba1899f45c88d8858055e577073ab2dc9d5aecdc3c32b95b08883	164451	output/synthetic_development_launch_package_v1/excluded_rehearsal/persisted_inputs/corpus_290201/donor_maps/synchronized.json
b79b0f64eb3e8789e983d510751605711db8295e60ee0124a87764feddefad4e	207363	output/synthetic_development_launch_package_v1/excluded_rehearsal/persisted_inputs/corpus_290201/donor_maps/uninformative.json
c492a05fdb2caf16b9ed5784bba526a7425139cd303188e092408f74588080df	3581	output/synthetic_development_launch_package_v1/excluded_rehearsal/persisted_inputs/corpus_290201/evaluation_keys.jsonl
3e77489f1e2ac7f99821371ee94acd8f119c7cb6810f4efada96eaa22f3e0292	23736	output/synthetic_development_launch_package_v1/excluded_rehearsal/persisted_inputs/corpus_290201/evaluation_prompts.jsonl
e3b0c44298fc1c149afbf4c8996fb92427ae41e4649b934ca495991b7852b855	0	output/synthetic_development_launch_package_v1/excluded_rehearsal/persisted_inputs/corpus_290201/evidence/absent_channel.jsonl
b81abcbfdb48f9e0b7dbadbc90ebb4e31fa62447b3347572d4d63b91188676af	1209584	output/synthetic_development_launch_package_v1/excluded_rehearsal/persisted_inputs/corpus_290201/evidence/randomized_shuffle.jsonl
38a15c9601d45d5e82f9a2c4d7589b431f498421574fe241f3f39dafbc730a3e	1272904	output/synthetic_development_launch_package_v1/excluded_rehearsal/persisted_inputs/corpus_290201/evidence/sensor_corrupted.jsonl
88674429119e9dae6c3247a69c533a4ce9f56bb282f0b29b9e0b4f2e9f58bc62	1297717	output/synthetic_development_launch_package_v1/excluded_rehearsal/persisted_inputs/corpus_290201/evidence/shift_minus_8.jsonl
934b7d507eb9bca57ed276c78c2083b317cc2759f1c3709c98397751e2ae1889	1301398	output/synthetic_development_launch_package_v1/excluded_rehearsal/persisted_inputs/corpus_290201/evidence/shift_plus_8.jsonl
14458c628eb2646d97f1640591600a5a8df5cc2fc11534fc9d5377101db87831	1209840	output/synthetic_development_launch_package_v1/excluded_rehearsal/persisted_inputs/corpus_290201/evidence/synchronized.jsonl
efb6675d9c685415953e7b2a77ddbe899cbc4dc0823e8dfd0a75b4d0c1cdff66	1202592	output/synthetic_development_launch_package_v1/excluded_rehearsal/persisted_inputs/corpus_290201/evidence/uninformative.jsonl
bb60f21716a74586cd80e653a53277f3baccc85d0aaee4e32b00b04b8f84a747	245	output/synthetic_development_launch_package_v1/excluded_rehearsal/persisted_inputs/corpus_290201/lexicon_oracle.json
cefc8f6d3e112834e30e26d560070bf53073744515926a82b147cf289cc4db01	1941206	output/synthetic_development_launch_package_v1/excluded_rehearsal/persisted_inputs/corpus_290201/oracle_episodes.jsonl
a1e5621e47370916670416d110a6d0452dc4452eecb1bc9d16741afaad36f55d	33748838	output/synthetic_development_launch_package_v1/excluded_rehearsal/persisted_inputs/corpus_290201/visible_episodes.jsonl
713d5b71c87d3c002516ecb7c484ace34f8528f33ac1857d2610a7d137c50238	4223212	output/synthetic_development_launch_package_v1/excluded_rehearsal/persisted_inputs/corpus_290203/conditions/absent_channel.jsonl
aad218a605d67c495a2c0a9b4cc49ace77db2b4a24cf0a827f313ce274d30df2	33746719	output/synthetic_development_launch_package_v1/excluded_rehearsal/persisted_inputs/corpus_290203/conditions/randomized_shuffle.jsonl
f1e3c1bd6576679a7b2cc7510e69c86d545696cea4ffe5621ba2cceee6459926	31656114	output/synthetic_development_launch_package_v1/excluded_rehearsal/persisted_inputs/corpus_290203/conditions/sensor_corrupted.jsonl
ef737ba97286b36d673be9dade8566665caba3413c3e6ff59fa0014796c9082c	32469249	output/synthetic_development_launch_package_v1/excluded_rehearsal/persisted_inputs/corpus_290203/conditions/shift_minus_8.jsonl
fd50dd56243be89e1de322310a73efc41231790892837c2dbc7a4a56e0f15b1e	32458408	output/synthetic_development_launch_package_v1/excluded_rehearsal/persisted_inputs/corpus_290203/conditions/shift_plus_8.jsonl
bebd539532b053d7814b000b2d35d664d255a0bed04940861cce36ffa2b13c09	33746719	output/synthetic_development_launch_package_v1/excluded_rehearsal/persisted_inputs/corpus_290203/conditions/synchronized.jsonl
7c9b4c08ab2babbcf69f972ef79c59d8f3822c0533b228eab3b89e8a88257db4	22231420	output/synthetic_development_launch_package_v1/excluded_rehearsal/persisted_inputs/corpus_290203/conditions/uninformative.jsonl
fbf4895db31a627833646a626ddf80d63d81ae3cd5b2f91b931a7297b1d1ed7d	217930	output/synthetic_development_launch_package_v1/excluded_rehearsal/persisted_inputs/corpus_290203/corpus_audit.json
a356f5f4830af05d2fbf2fcbef6dd364d2e480c23e244af3d8fa6ecc69ab8506	154275	output/synthetic_development_launch_package_v1/excluded_rehearsal/persisted_inputs/corpus_290203/donor_maps/absent_channel.json
48a3bc0547630ec84394a2913f3267733e612107c054ea6cdbddeed6db96cce5	164451	output/synthetic_development_launch_package_v1/excluded_rehearsal/persisted_inputs/corpus_290203/donor_maps/randomized_shuffle.json
06b7424e9bab07496b249c7589e458b4027c8412714c1dd09e526b82e94cafb7	304755	output/synthetic_development_launch_package_v1/excluded_rehearsal/persisted_inputs/corpus_290203/donor_maps/sensor_corrupted.json
307b6615a16cd983c1642dd8678e5e666082769e87ba62857918c3c87e50ef20	304755	output/synthetic_development_launch_package_v1/excluded_rehearsal/persisted_inputs/corpus_290203/donor_maps/shift_minus_8.json
f493fc998982ff117566b7f65052ef427d64481f5eeab401101894c88ef7be5a	300963	output/synthetic_development_launch_package_v1/excluded_rehearsal/persisted_inputs/corpus_290203/donor_maps/shift_plus_8.json
cb4e41891025b3a70bd67fefe7b13052e68cb5216edc697d667832058f798048	164451	output/synthetic_development_launch_package_v1/excluded_rehearsal/persisted_inputs/corpus_290203/donor_maps/synchronized.json
999be43d2d2004047d06e6f66586e64fdd15b48008f92f6ac67d3dca6ad70485	207363	output/synthetic_development_launch_package_v1/excluded_rehearsal/persisted_inputs/corpus_290203/donor_maps/uninformative.json
5727e7435d02ba4bf0a5ec403755281e5bb1ccadc4bf7f7de30dcf784d437cea	3581	output/synthetic_development_launch_package_v1/excluded_rehearsal/persisted_inputs/corpus_290203/evaluation_keys.jsonl
a4f58eb5aa52cde10955be8f40b8077cd08dd26debfab723716ae1307e5b55e7	23736	output/synthetic_development_launch_package_v1/excluded_rehearsal/persisted_inputs/corpus_290203/evaluation_prompts.jsonl
e3b0c44298fc1c149afbf4c8996fb92427ae41e4649b934ca495991b7852b855	0	output/synthetic_development_launch_package_v1/excluded_rehearsal/persisted_inputs/corpus_290203/evidence/absent_channel.jsonl
0d7a0b75c020b7dc3f7092522c71eca8e1e6e6a59221f25c2a3519272293d1b3	1209337	output/synthetic_development_launch_package_v1/excluded_rehearsal/persisted_inputs/corpus_290203/evidence/randomized_shuffle.jsonl
15fc4bb5033f9a01b45dd42f1211980382be98fbedee109c0fbcb13e1ef384eb	1273070	output/synthetic_development_launch_package_v1/excluded_rehearsal/persisted_inputs/corpus_290203/evidence/sensor_corrupted.jsonl
eed0f455f38ad695e3290e8273c62269088f2c62be53b4c61f5a2904342c9ba9	1297473	output/synthetic_development_launch_package_v1/excluded_rehearsal/persisted_inputs/corpus_290203/evidence/shift_minus_8.jsonl
fb52806d97f1e3312c596fcae33396f653e2dafdc69ff079df1d36e75e5a3add	1301577	output/synthetic_development_launch_package_v1/excluded_rehearsal/persisted_inputs/corpus_290203/evidence/shift_plus_8.jsonl
140c6a484d08b8c3754236dab83932a6c4a4de6acbf9f4e4ba5db38168ba26a9	1209592	output/synthetic_development_launch_package_v1/excluded_rehearsal/persisted_inputs/corpus_290203/evidence/synchronized.jsonl
c2164bb520f20d9d7661877d606ca07d2d5abbab81bdc8364ea22b08ab6d6207	1202592	output/synthetic_development_launch_package_v1/excluded_rehearsal/persisted_inputs/corpus_290203/evidence/uninformative.jsonl
fc4c7c52052f1ecb145e807fa5f83b1ec550dec2902946bda13bb5d1264c7bc1	245	output/synthetic_development_launch_package_v1/excluded_rehearsal/persisted_inputs/corpus_290203/lexicon_oracle.json
c3888a42c87cd3d396fa9361a99b248db6c436c27abd3295767bea99dc99d5ab	1941206	output/synthetic_development_launch_package_v1/excluded_rehearsal/persisted_inputs/corpus_290203/oracle_episodes.jsonl
bebd539532b053d7814b000b2d35d664d255a0bed04940861cce36ffa2b13c09	33746719	output/synthetic_development_launch_package_v1/excluded_rehearsal/persisted_inputs/corpus_290203/visible_episodes.jsonl
39354f5fd1c5b750ada0b3f5fd1d5ef8498cc9b9549f7df535145054ff733b65	4223212	output/synthetic_development_launch_package_v1/excluded_rehearsal/persisted_inputs/corpus_290205/conditions/absent_channel.jsonl
b0234550b2a058f418cb225453ee3c86f5901649295c4debed38d61ec404ef5e	33747584	output/synthetic_development_launch_package_v1/excluded_rehearsal/persisted_inputs/corpus_290205/conditions/randomized_shuffle.jsonl
101376bba5c633cd683e27928501c3635fd2eddb166a5b3baaf2fc02643f352f	31661414	output/synthetic_development_launch_package_v1/excluded_rehearsal/persisted_inputs/corpus_290205/conditions/sensor_corrupted.jsonl
6ae0acc175053a1de4f9e355d20a5e4b7d3560231c0f4d2be6aafe85395150ac	32464870	output/synthetic_development_launch_package_v1/excluded_rehearsal/persisted_inputs/corpus_290205/conditions/shift_minus_8.jsonl
e9e54b5727840b55bd560e9ee9819ed9ec5490b3819c7090e8a8226ab6d3bb70	32460796	output/synthetic_development_launch_package_v1/excluded_rehearsal/persisted_inputs/corpus_290205/conditions/shift_plus_8.jsonl
fbd7acbc0df6d41c10ea26a1f73149372ee444f2aedcd877b1b44466ded4786f	33747584	output/synthetic_development_launch_package_v1/excluded_rehearsal/persisted_inputs/corpus_290205/conditions/synchronized.jsonl
ca523dcffede11fd82d527a2893630c590b3693699d04489669b56adc8392aea	22231420	output/synthetic_development_launch_package_v1/excluded_rehearsal/persisted_inputs/corpus_290205/conditions/uninformative.jsonl
fbf4895db31a627833646a626ddf80d63d81ae3cd5b2f91b931a7297b1d1ed7d	217930	output/synthetic_development_launch_package_v1/excluded_rehearsal/persisted_inputs/corpus_290205/corpus_audit.json
0a9d41b64969fe34191a9b9373ed0f92c5e38534e5c6c6228e0e34c20f782fe7	154275	output/synthetic_development_launch_package_v1/excluded_rehearsal/persisted_inputs/corpus_290205/donor_maps/absent_channel.json
8670282ad0907d789f270b42adf3c8831f320e8b052cc48877f2d4af7c6fa77d	164451	output/synthetic_development_launch_package_v1/excluded_rehearsal/persisted_inputs/corpus_290205/donor_maps/randomized_shuffle.json
7c6f4f3daf35ddc3c32ed23c3bd6b0be64867a29c385dcdfd8136337fbae245c	304755	output/synthetic_development_launch_package_v1/excluded_rehearsal/persisted_inputs/corpus_290205/donor_maps/sensor_corrupted.json
599819150c5b74c7e87646902a325b74806684839a872abe82346a510ae2f06e	304755	output/synthetic_development_launch_package_v1/excluded_rehearsal/persisted_inputs/corpus_290205/donor_maps/shift_minus_8.json
a2f3cc06b8f0143bc59b1f3f43c37ab2b336902d8d1853240a1bc97348eb19cc	300963	output/synthetic_development_launch_package_v1/excluded_rehearsal/persisted_inputs/corpus_290205/donor_maps/shift_plus_8.json
11a512b316712d46d9359da2b231a263682175bedae99dbbabec62ac5d77d8ac	164451	output/synthetic_development_launch_package_v1/excluded_rehearsal/persisted_inputs/corpus_290205/donor_maps/synchronized.json
45a03dc76a7aea784b3e37a127e1f9f7bb89fa8327d20e0a0b22cefeac31aa5a	207363	output/synthetic_development_launch_package_v1/excluded_rehearsal/persisted_inputs/corpus_290205/donor_maps/uninformative.json
648ca92759676d42e190e1aae3975a065ed1a9aacaab94a7cd2332c1c07d05da	3581	output/synthetic_development_launch_package_v1/excluded_rehearsal/persisted_inputs/corpus_290205/evaluation_keys.jsonl
cffdc609da94a16ae4120849eb5d02bcda11511d5ee32b23fe45c1a6d807e622	23736	output/synthetic_development_launch_package_v1/excluded_rehearsal/persisted_inputs/corpus_290205/evaluation_prompts.jsonl
e3b0c44298fc1c149afbf4c8996fb92427ae41e4649b934ca495991b7852b855	0	output/synthetic_development_launch_package_v1/excluded_rehearsal/persisted_inputs/corpus_290205/evidence/absent_channel.jsonl
6a0fc3e01e4a1838afd578f8e443e477729e821cfa78ababf6c155df465e26ed	1209569	output/synthetic_development_launch_package_v1/excluded_rehearsal/persisted_inputs/corpus_290205/evidence/randomized_shuffle.jsonl
7bd8872b492435b37fbd77c621393fcc4f617ddbbf7bc86105a898b1ed1c8820	1273749	output/synthetic_development_launch_package_v1/excluded_rehearsal/persisted_inputs/corpus_290205/evidence/sensor_corrupted.jsonl
cefc5a04cb0732af5bb4b76ad81b965af936cff4c27a48b0bb7802c8f62be23f	1297768	output/synthetic_development_launch_package_v1/excluded_rehearsal/persisted_inputs/corpus_290205/evidence/shift_minus_8.jsonl
1dc30f731c4a83f9914c404533aa3a55afd53e96ad0ff9a70acbbe965f2e1aeb	1301116	output/synthetic_development_launch_package_v1/excluded_rehearsal/persisted_inputs/corpus_290205/evidence/shift_plus_8.jsonl
caa77bfc248dee2097b28822db6172eb6710658950e628cef093433ebc831440	1209854	output/synthetic_development_launch_package_v1/excluded_rehearsal/persisted_inputs/corpus_290205/evidence/synchronized.jsonl
fcaf3154bbdbacbd409c2e923b522281b5f3d679a5928b917f48a7b102f783f7	1202592	output/synthetic_development_launch_package_v1/excluded_rehearsal/persisted_inputs/corpus_290205/evidence/uninformative.jsonl
9b33bfafd054be1044872d76b9d73c08695b050cd1e2adcefac3df0a2103d4e7	245	output/synthetic_development_launch_package_v1/excluded_rehearsal/persisted_inputs/corpus_290205/lexicon_oracle.json
73a49ac630fc6bf77d3f1bfef452157095915143a8c944d4b61e150e30ec24e5	1941206	output/synthetic_development_launch_package_v1/excluded_rehearsal/persisted_inputs/corpus_290205/oracle_episodes.jsonl
fbd7acbc0df6d41c10ea26a1f73149372ee444f2aedcd877b1b44466ded4786f	33747584	output/synthetic_development_launch_package_v1/excluded_rehearsal/persisted_inputs/corpus_290205/visible_episodes.jsonl
bc5d227412f2bc9af0608044732bcea098be1799ec6f4460dbc25ec5cacd9215	4223212	output/synthetic_development_launch_package_v1/excluded_rehearsal/persisted_inputs/corpus_290207/conditions/absent_channel.jsonl
9cf395a09d3f8d91e9e93f0c4158f086d57646fbc1769194a839b720b18d6253	33747028	output/synthetic_development_launch_package_v1/excluded_rehearsal/persisted_inputs/corpus_290207/conditions/randomized_shuffle.jsonl
165cf1e04e03544d67de8d761d98d52b4d5869e828b0d16d2f7dcefa91ae8a58	31657326	output/synthetic_development_launch_package_v1/excluded_rehearsal/persisted_inputs/corpus_290207/conditions/sensor_corrupted.jsonl
f2da28e84add4aee305cf3f052c02cd89adfd60411e1a1f6bee51f8f2bae4997	32464950	output/synthetic_development_launch_package_v1/excluded_rehearsal/persisted_inputs/corpus_290207/conditions/shift_minus_8.jsonl
23e536a36f2137b74a74c19a8830d3924423c75a6ed30abc2ca69ae932cbce23	32459438	output/synthetic_development_launch_package_v1/excluded_rehearsal/persisted_inputs/corpus_290207/conditions/shift_plus_8.jsonl
1520d1d24cc5c7fd8eaf385c1584a330d45b52ecb2826b3f0aec70b12f907df9	33747028	output/synthetic_development_launch_package_v1/excluded_rehearsal/persisted_inputs/corpus_290207/conditions/synchronized.jsonl
1cd4e14f59a0652ffa3751716fb3efda6064cfbccad553b609791f78bf079817	22231420	output/synthetic_development_launch_package_v1/excluded_rehearsal/persisted_inputs/corpus_290207/conditions/uninformative.jsonl
fbf4895db31a627833646a626ddf80d63d81ae3cd5b2f91b931a7297b1d1ed7d	217930	output/synthetic_development_launch_package_v1/excluded_rehearsal/persisted_inputs/corpus_290207/corpus_audit.json
dd58b0149a2f3ec2fccfaaea285ec631c39fa0a9883c48e64eca4bc867cecc23	154275	output/synthetic_development_launch_package_v1/excluded_rehearsal/persisted_inputs/corpus_290207/donor_maps/absent_channel.json
1491a298f88b771ee3ebda16694dfb6b01626300f7d90399e4bc8e4d57a0a951	164451	output/synthetic_development_launch_package_v1/excluded_rehearsal/persisted_inputs/corpus_290207/donor_maps/randomized_shuffle.json
17cbe1f5b20859a51b0ba05b51f5efcea36df3a2e8e087ea457e5680691eb6ca	304755	output/synthetic_development_launch_package_v1/excluded_rehearsal/persisted_inputs/corpus_290207/donor_maps/sensor_corrupted.json
ea9457540d36f8853e45879b01c574e7790827dc85ea523f3fea0b17ffe2310f	304755	output/synthetic_development_launch_package_v1/excluded_rehearsal/persisted_inputs/corpus_290207/donor_maps/shift_minus_8.json
07dbc09d1f086b9292e59b51a447cc94f9108317d11c11396a055f4a9552cabd	300963	output/synthetic_development_launch_package_v1/excluded_rehearsal/persisted_inputs/corpus_290207/donor_maps/shift_plus_8.json
4bcb5dd4fe0b9df014b07e28d8f5c2005c6c5a0037c865b2c9a9938e5d14fc6b	164451	output/synthetic_development_launch_package_v1/excluded_rehearsal/persisted_inputs/corpus_290207/donor_maps/synchronized.json
1f66b5a6a236771f13d46a8b391a476133cee6ab4de1c64b99bca53ed4aca42f	207363	output/synthetic_development_launch_package_v1/excluded_rehearsal/persisted_inputs/corpus_290207/donor_maps/uninformative.json
734ae2b25b33a44ba2ed5e475c48730ee3dcdc543ce7bd6449038acc701fd332	3581	output/synthetic_development_launch_package_v1/excluded_rehearsal/persisted_inputs/corpus_290207/evaluation_keys.jsonl
178714b18e6a103d88ce225505e9c55a4c0bfcda4ae0618db0466f8a7697c628	23736	output/synthetic_development_launch_package_v1/excluded_rehearsal/persisted_inputs/corpus_290207/evaluation_prompts.jsonl
e3b0c44298fc1c149afbf4c8996fb92427ae41e4649b934ca495991b7852b855	0	output/synthetic_development_launch_package_v1/excluded_rehearsal/persisted_inputs/corpus_290207/evidence/absent_channel.jsonl
d990030d132886815cf492ab5a896a5e7b3713546eb3c2c0eb0097914dbf3f77	1209424	output/synthetic_development_launch_package_v1/excluded_rehearsal/persisted_inputs/corpus_290207/evidence/randomized_shuffle.jsonl
635b5bcc7baa5b7f0c0af9e2d802fdced000b584d9cb8cc9669c58f80306623a	1273436	output/synthetic_development_launch_package_v1/excluded_rehearsal/persisted_inputs/corpus_290207/evidence/sensor_corrupted.jsonl
6efd3dcc8d7c07592a6b2ba5997c5e8fbe2c0c3720ea0d1380c8e3109db73f7c	1297248	output/synthetic_development_launch_package_v1/excluded_rehearsal/persisted_inputs/corpus_290207/evidence/shift_minus_8.jsonl
ffca17aedbc2381174db2ef0e7364905387803edec40e616456e4986bf6655f0	1301423	output/synthetic_development_launch_package_v1/excluded_rehearsal/persisted_inputs/corpus_290207/evidence/shift_plus_8.jsonl
8891512c608df5caa2133e08f7157d878b84553f90111bf9b6201606629ee301	1209898	output/synthetic_development_launch_package_v1/excluded_rehearsal/persisted_inputs/corpus_290207/evidence/synchronized.jsonl
a44ebd44f219567100a388480c148e3239457f30bdf7670724981b8a973350ac	1202592	output/synthetic_development_launch_package_v1/excluded_rehearsal/persisted_inputs/corpus_290207/evidence/uninformative.jsonl
cf40c6d5e1c212c82d805388078fec369af4360ba2d77fa4a0857f5449c3dd35	245	output/synthetic_development_launch_package_v1/excluded_rehearsal/persisted_inputs/corpus_290207/lexicon_oracle.json
3d33d4fc5922b2db664a386446eb14fe3fcf86341947463d24870de909efea8d	1941206	output/synthetic_development_launch_package_v1/excluded_rehearsal/persisted_inputs/corpus_290207/oracle_episodes.jsonl
1520d1d24cc5c7fd8eaf385c1584a330d45b52ecb2826b3f0aec70b12f907df9	33747028	output/synthetic_development_launch_package_v1/excluded_rehearsal/persisted_inputs/corpus_290207/visible_episodes.jsonl
9a18f56a8e536c12cf4c331b74c518eacd9a165e9228c7b41325aec01ac115ac	19790	output/synthetic_development_launch_package_v1/excluded_rehearsal/persisted_inputs/input_manifest.json
d4e787b059a7bd29bbfc6071286730fb6ac563bc0a23755ca46869ebc8f5fa8b	256303	output/synthetic_development_launch_package_v1/excluded_rehearsal/recomputable/compute_operation_log.json
5dba7deecec607d2627e3ef7b9c6f34b8d30c40e859adcdb64a8be237efede3a	233367	output/synthetic_development_launch_package_v1/excluded_rehearsal/recomputable/control_results.json
553ef456491524d61b8b52de72b97fb248afa663f770921e75ae6fc8dc7af7e0	214816	output/synthetic_development_launch_package_v1/excluded_rehearsal/recomputable/core_gates.json
5194ee17458949e97af0d434e476548a132c50845b19a94290564f48d7c47917	11269	output/synthetic_development_launch_package_v1/excluded_rehearsal/recomputable/development_controls.json
859e698768d5d50196ccf8b29f2f8a68280ba271013a7d78318e3c8d22e69f92	5004	output/synthetic_development_launch_package_v1/excluded_rehearsal/recomputable/development_inference.json
c4f85fd46547c5ea0909f71acd15796525ec753003146b452f1ae83aa84082a7	47887	output/synthetic_development_launch_package_v1/excluded_rehearsal/recomputable/factor_audit.json
4e9a5403fbf9ad49034e23d4df228b5e571a04cd5acfe897d6cbfe3ac9145239	6896753	output/synthetic_development_launch_package_v1/excluded_rehearsal/recomputable/factor_results.json
dd290bdc51822a4821b06acabb1dceda637c4480cc5d089deef8e60d40653e2f	342	output/synthetic_development_launch_package_v1/excluded_rehearsal/recomputable/leakage_audit.json
cc29beaff6d50ba272b8b1e60cd8b2fac31a093bf63f0bb9342f8bd5ee943751	411	output/synthetic_development_launch_package_v1/excluded_rehearsal/recomputable/learner_numeric_audit.json
1ce36edad2dbec6ad73c0ed49c7f715a30c3e449b467ced75788283876e07556	206799	output/synthetic_development_launch_package_v1/excluded_rehearsal/recomputable/model_averages.json
59403f99d974c7be97788712603bcaef3f5905aa38856e511b9b1396c7fc4e4e	4378763	output/synthetic_development_launch_package_v1/excluded_rehearsal/recomputable/model_results.json
26ba8f15e643266c0c5a6536e3a29c6841d49aa56f0756fd0a8f906bcbf4cfd4	576651	output/synthetic_development_launch_package_v1/excluded_rehearsal/recomputable/null_capacity_audit.json
6fbcb812ad6e8e50eccb93421e33a63b021f1bae54dd5380340a946934c34edd	29092	output/synthetic_development_launch_package_v1/excluded_rehearsal/recomputable/order_invariance_audit.json
1abc2c2ccda7e6cd088190ea8b8c2f890c4651e0f019caf81384f4532ec79dcc	270355	output/synthetic_development_launch_package_v1/excluded_rehearsal/seed_operation_log.json
f79d74d5f476c40a2e6b549d6ce53fb71a76296741a798eac42cab99a66124a4	935	output/synthetic_development_launch_package_v1/fixture_rehearsal/failure.json
8ba056ebc0fd3ddd7da552173383f2e162638e41a629faf29aaeb1853a1277c9	299	output/synthetic_development_launch_package_v1/fixture_rehearsal/persisted_inputs/cohort_metadata.json
45e7325358199154fe4f162bef097a904b88c473996f273fccdcb06cae0c7ca2	18728	output/synthetic_development_launch_package_v1/fixture_rehearsal/persisted_inputs/config.json
18d547d94b0906009a4cb232fbb7fccc83d2b5a69e79d61a3ac3d7b0289f33ef	4223212	output/synthetic_development_launch_package_v1/fixture_rehearsal/persisted_inputs/corpus_290001/conditions/absent_channel.jsonl
41e93633edb72fe3fa13f1335024ef4ab01a160ea8c72bf78e60072b43640003	33746972	output/synthetic_development_launch_package_v1/fixture_rehearsal/persisted_inputs/corpus_290001/conditions/randomized_shuffle.jsonl
e588fbc42023d7cbcd55fdf7b91ce826c30de88d274f5b01b31f8d6229576f0e	31660421	output/synthetic_development_launch_package_v1/fixture_rehearsal/persisted_inputs/corpus_290001/conditions/sensor_corrupted.jsonl
b9847d99698c06f9dec83afe16b4923ebe29caeca998aded2eb8c2cfb9fe75ec	32464766	output/synthetic_development_launch_package_v1/fixture_rehearsal/persisted_inputs/corpus_290001/conditions/shift_minus_8.jsonl
c46223390a2110e61cad69a0f5b9f40bb50ff90fbec50eefc30df5cb0b560b13	32460263	output/synthetic_development_launch_package_v1/fixture_rehearsal/persisted_inputs/corpus_290001/conditions/shift_plus_8.jsonl
bd988a97175966c7c393caa953c75e070e804ebb127c23243acd79159e09ef08	33746972	output/synthetic_development_launch_package_v1/fixture_rehearsal/persisted_inputs/corpus_290001/conditions/synchronized.jsonl
449830178e99055762791bfed1f3cf374fdb8666d6de2d7096be92cdf9a2270c	22231420	output/synthetic_development_launch_package_v1/fixture_rehearsal/persisted_inputs/corpus_290001/conditions/uninformative.jsonl
fbf4895db31a627833646a626ddf80d63d81ae3cd5b2f91b931a7297b1d1ed7d	217930	output/synthetic_development_launch_package_v1/fixture_rehearsal/persisted_inputs/corpus_290001/corpus_audit.json
85f4fda6cf1dbecade0d488fdc93dd8a51051ce6132ef6d79d996c8008a9de4d	154275	output/synthetic_development_launch_package_v1/fixture_rehearsal/persisted_inputs/corpus_290001/donor_maps/absent_channel.json
dd886b2a02f6f1d3538d99fa5a34a1f6efa894fbbef7cf7e754e4be39ad9478d	164451	output/synthetic_development_launch_package_v1/fixture_rehearsal/persisted_inputs/corpus_290001/donor_maps/randomized_shuffle.json
f9ac1cbb8a98eb5372bc1d7bd166c85123d73c2204dcb348575906d1c68c1272	304755	output/synthetic_development_launch_package_v1/fixture_rehearsal/persisted_inputs/corpus_290001/donor_maps/sensor_corrupted.json
830e3f38f4b54c493c1762d4e532a0cc9e7a4cf9733aa728da6bcaefaddbd10c	304755	output/synthetic_development_launch_package_v1/fixture_rehearsal/persisted_inputs/corpus_290001/donor_maps/shift_minus_8.json
0bbb6b0b26b04e163783db955d332c2878ff4e175ca284ab28673ad58b633483	300963	output/synthetic_development_launch_package_v1/fixture_rehearsal/persisted_inputs/corpus_290001/donor_maps/shift_plus_8.json
5e0fe5280efc516bb17dce0e992b8f86b86021912a0c0f638e1e9ff8066c9c09	164451	output/synthetic_development_launch_package_v1/fixture_rehearsal/persisted_inputs/corpus_290001/donor_maps/synchronized.json
10f06ebe02e3bdef3adeac44f32809413e8b4aabf5798f14816b6467f7ab1144	207363	output/synthetic_development_launch_package_v1/fixture_rehearsal/persisted_inputs/corpus_290001/donor_maps/uninformative.json
3a7160c98b3be860be86a9ea64d177a9507ef09019f53ebe4d2a7185b32f14a4	3581	output/synthetic_development_launch_package_v1/fixture_rehearsal/persisted_inputs/corpus_290001/evaluation_keys.jsonl
0c34ead782f6b87f24eebcbb83cdea7ac591cb2219b60c879942a5b608050ab8	23736	output/synthetic_development_launch_package_v1/fixture_rehearsal/persisted_inputs/corpus_290001/evaluation_prompts.jsonl
e3b0c44298fc1c149afbf4c8996fb92427ae41e4649b934ca495991b7852b855	0	output/synthetic_development_launch_package_v1/fixture_rehearsal/persisted_inputs/corpus_290001/evidence/absent_channel.jsonl
4ad70c1f8e187f8165632ea7cedbc9a43314b1aa57b61c23bee2bee29ba9dc06	1209344	output/synthetic_development_launch_package_v1/fixture_rehearsal/persisted_inputs/corpus_290001/evidence/randomized_shuffle.jsonl
52a8eacb18517b9b728a19c6f08962bbc805e17e3e1d1c8b7c2dee3339dda7c9	1272954	output/synthetic_development_launch_package_v1/fixture_rehearsal/persisted_inputs/corpus_290001/evidence/sensor_corrupted.jsonl
c75835a9283b1c14823211d6e1e3563ccc213baff9d5595bfcc0c94a90bbd95b	1297615	output/synthetic_development_launch_package_v1/fixture_rehearsal/persisted_inputs/corpus_290001/evidence/shift_minus_8.jsonl
c6f202813ded628835e4f93fd8a6c154181d73039ce16c1466cd0d30137918a2	1301529	output/synthetic_development_launch_package_v1/fixture_rehearsal/persisted_inputs/corpus_290001/evidence/shift_plus_8.jsonl
e8f6c43bfa41b80d692521fa4d47d51838eed90349c8ff5abf18a40c582ba042	1209930	output/synthetic_development_launch_package_v1/fixture_rehearsal/persisted_inputs/corpus_290001/evidence/synchronized.jsonl
3f286984b40038fc76733a5a6a2117768325fde91350109d4e71fc5434bcb79b	1202592	output/synthetic_development_launch_package_v1/fixture_rehearsal/persisted_inputs/corpus_290001/evidence/uninformative.jsonl
1206aa5d42ca28ceaf67d15c0ad5399b6f436aa3af230e2cf66516a5fc7d4142	245	output/synthetic_development_launch_package_v1/fixture_rehearsal/persisted_inputs/corpus_290001/lexicon_oracle.json
7c35fa4e67c97500ea6766d3380a9a40124eb5646904a08fc841b16241d5b5dc	1941206	output/synthetic_development_launch_package_v1/fixture_rehearsal/persisted_inputs/corpus_290001/oracle_episodes.jsonl
bd988a97175966c7c393caa953c75e070e804ebb127c23243acd79159e09ef08	33746972	output/synthetic_development_launch_package_v1/fixture_rehearsal/persisted_inputs/corpus_290001/visible_episodes.jsonl
614c6785c89571650a1f06100fa74325a8373709e668538750b48d538741d47b	4223212	output/synthetic_development_launch_package_v1/fixture_rehearsal/persisted_inputs/corpus_290003/conditions/absent_channel.jsonl
7b2a7d533a16d439b6117bed632ea6dd8a81aeb71b9d8492a97845ac898525ab	33746904	output/synthetic_development_launch_package_v1/fixture_rehearsal/persisted_inputs/corpus_290003/conditions/randomized_shuffle.jsonl
63791b0386fa323a8f5428f76de252c24815f6083018876e3f6658fe34a0c4de	31661161	output/synthetic_development_launch_package_v1/fixture_rehearsal/persisted_inputs/corpus_290003/conditions/sensor_corrupted.jsonl
8ed75ac068f343c0c7c8459a1235dc7b95aaf685975a3d8fb847419d9b57882e	32468182	output/synthetic_development_launch_package_v1/fixture_rehearsal/persisted_inputs/corpus_290003/conditions/shift_minus_8.jsonl
fb5f1b409ba0323993b687ea71db94308e94ebcc2879f63f57c96669a48f2cb6	32463097	output/synthetic_development_launch_package_v1/fixture_rehearsal/persisted_inputs/corpus_290003/conditions/shift_plus_8.jsonl
78f9ef25ee2962391bec095399d880f1a3adcddd3b05d464c812ea7110803c3f	33746904	output/synthetic_development_launch_package_v1/fixture_rehearsal/persisted_inputs/corpus_290003/conditions/synchronized.jsonl
5607a12daf81846a4f8afc03ca9e5bdb4671927314a2ecbd83e5c53e550ecefb	22231420	output/synthetic_development_launch_package_v1/fixture_rehearsal/persisted_inputs/corpus_290003/conditions/uninformative.jsonl
fbf4895db31a627833646a626ddf80d63d81ae3cd5b2f91b931a7297b1d1ed7d	217930	output/synthetic_development_launch_package_v1/fixture_rehearsal/persisted_inputs/corpus_290003/corpus_audit.json
0c99fdeefe42a7fc5b559fce702a956192a65d71c68f7aee289b995f359d2f6d	154275	output/synthetic_development_launch_package_v1/fixture_rehearsal/persisted_inputs/corpus_290003/donor_maps/absent_channel.json
973a5a97ec0d809b1127123ea9de332d7dbbb9fd2b3ecdd18899361edbe046ec	164451	output/synthetic_development_launch_package_v1/fixture_rehearsal/persisted_inputs/corpus_290003/donor_maps/randomized_shuffle.json
e9619e67b306ee43bfe4e285a1650b91a684d8ba87ba26e45dbacdf39de7b2da	304755	output/synthetic_development_launch_package_v1/fixture_rehearsal/persisted_inputs/corpus_290003/donor_maps/sensor_corrupted.json
9a38b83a49b3065369d97b06928f7ea307a7586b1a23e9cafeac4973b10542fb	304755	output/synthetic_development_launch_package_v1/fixture_rehearsal/persisted_inputs/corpus_290003/donor_maps/shift_minus_8.json
4c7e525721566928e2323d9930424336fdc2e0f58adcd2978f1584d419a4a3f7	300963	output/synthetic_development_launch_package_v1/fixture_rehearsal/persisted_inputs/corpus_290003/donor_maps/shift_plus_8.json
c08f7bab58f1b4a98b68c112fdcfc9be909bf75a38329b35237c9d1e863878f1	164451	output/synthetic_development_launch_package_v1/fixture_rehearsal/persisted_inputs/corpus_290003/donor_maps/synchronized.json
85cd942d33d5d85dc1930f08341022179910ebe204fecdc402147ea6a8eb3f4b	207363	output/synthetic_development_launch_package_v1/fixture_rehearsal/persisted_inputs/corpus_290003/donor_maps/uninformative.json
e9d2e0040ab9ee2fa1fbf295639c65fd1201cea2ae471b2c120bb7171194dc01	3581	output/synthetic_development_launch_package_v1/fixture_rehearsal/persisted_inputs/corpus_290003/evaluation_keys.jsonl
bc547a36d9b04f7084fbe183d3205d09b8b75f8320e1b54c6093cbfd9ccf2751	23736	output/synthetic_development_launch_package_v1/fixture_rehearsal/persisted_inputs/corpus_290003/evaluation_prompts.jsonl
e3b0c44298fc1c149afbf4c8996fb92427ae41e4649b934ca495991b7852b855	0	output/synthetic_development_launch_package_v1/fixture_rehearsal/persisted_inputs/corpus_290003/evidence/absent_channel.jsonl
259d8429a5bbacdc916bedec7d66f01977de9777950da8f34dccf5403432743a	1209226	output/synthetic_development_launch_package_v1/fixture_rehearsal/persisted_inputs/corpus_290003/evidence/randomized_shuffle.jsonl
6cb973f4d5cc8ddc34ffd644618e4c3fdbb4fdcb6d3123234f355b8e1583c2ad	1273081	output/synthetic_development_launch_package_v1/fixture_rehearsal/persisted_inputs/corpus_290003/evidence/sensor_corrupted.jsonl
fa1d7be17696ab819b3a30b87ffa2fe1cc497de48d07eb907fe5248d2657bbd9	1297586	output/synthetic_development_launch_package_v1/fixture_rehearsal/persisted_inputs/corpus_290003/evidence/shift_minus_8.jsonl
a98574d3227831d3f6bef7cdac5224070cde017622c17e9bf41b1740062d229d	1301258	output/synthetic_development_launch_package_v1/fixture_rehearsal/persisted_inputs/corpus_290003/evidence/shift_plus_8.jsonl
ec5a23a7c2cd74ec1db7cc2a4bebe575437b19c4f141bd3b17338c94a384ce55	1209708	output/synthetic_development_launch_package_v1/fixture_rehearsal/persisted_inputs/corpus_290003/evidence/synchronized.jsonl
5352bbd529d1fcfc908f72cf454a01530c7903eb17f8257d4e106f3d5f0faea4	1202592	output/synthetic_development_launch_package_v1/fixture_rehearsal/persisted_inputs/corpus_290003/evidence/uninformative.jsonl
e0661acf030a96e6b2f8d4c43de80f31b4d37b988a4ff5bc6a4b8d4c0deb3b73	245	output/synthetic_development_launch_package_v1/fixture_rehearsal/persisted_inputs/corpus_290003/lexicon_oracle.json
04c668ad8c0d0e955709fef1d5aa40347e27883458d92f43edeb3baa772a20f2	1941206	output/synthetic_development_launch_package_v1/fixture_rehearsal/persisted_inputs/corpus_290003/oracle_episodes.jsonl
78f9ef25ee2962391bec095399d880f1a3adcddd3b05d464c812ea7110803c3f	33746904	output/synthetic_development_launch_package_v1/fixture_rehearsal/persisted_inputs/corpus_290003/visible_episodes.jsonl
4010385d636e2fd95ec4cd312a3f67113168956e561c733c326508c869e64247	10105	output/synthetic_development_launch_package_v1/fixture_rehearsal/persisted_inputs/input_manifest.json
56da8b42e9df8e16d41a5a7ee9997dd5feb027ab12eec00461e0d1fce28a3b2f	116685	output/synthetic_development_launch_package_v1/fixture_rehearsal/recomputable/control_results.json
9ef612ef339bae8367bc905c91acfb5db4736b4ec8b7fa4cd4d233fe4c2c03be	25685	output/synthetic_development_launch_package_v1/fixture_rehearsal/recomputable/factor_audit.json
384d35cd49019ef7934254d4265b87b80d9b0b847086ab65beb7eb3f7a288403	3448281	output/synthetic_development_launch_package_v1/fixture_rehearsal/recomputable/factor_results.json
dd290bdc51822a4821b06acabb1dceda637c4480cc5d089deef8e60d40653e2f	342	output/synthetic_development_launch_package_v1/fixture_rehearsal/recomputable/leakage_audit.json
710d41dda994e5133cb45c3b90b88131c12db8cbcb9714aff38e70c5a19463b9	411	output/synthetic_development_launch_package_v1/fixture_rehearsal/recomputable/learner_numeric_audit.json
33acfeec96ceb67415a7840fbf1fe7ccc8af620a86846dcaae44b6772d53a175	103523	output/synthetic_development_launch_package_v1/fixture_rehearsal/recomputable/model_averages.json
1bcdf039ae3e76c1a964016b93db5d06d0eacda6b7aa86a5a8802648e3b7c5cc	2189492	output/synthetic_development_launch_package_v1/fixture_rehearsal/recomputable/model_results.json
91ac9b3320bc706509fca4807028741b1ac5413b99d0cb65ef422f41a0b207cc	288367	output/synthetic_development_launch_package_v1/fixture_rehearsal/recomputable/null_capacity_audit.json
836fc997b74148af5b7ccc8fb1d3ada4d9042e021240bf4e45edd9e45d218aed	14728	output/synthetic_development_launch_package_v1/fixture_rehearsal/recomputable/order_invariance_audit.json
8f316eee722c5489b4513b4cc52f3fa8a2f905ab00d3bffd38e6f4df8b7b7573	2212	output/synthetic_development_launch_package_v1/fixture_rehearsal_2/cohort_summary.json
b374bbbab0021ed1876bb22793b3c94f01666f2956fa20a0f6e9e5a6d365819d	1097	output/synthetic_development_launch_package_v1/fixture_rehearsal_2/condition_audits.json
e92ed724535d3d5b4d90b60e71707e30a67a7b8e83b82171e4d9aa30a2e8be6c	460523	output/synthetic_development_launch_package_v1/fixture_rehearsal_2/corpus_audits.json
209e08e4334fc731d7bf1e4a93261ed7e01ad5597469a2069a02af4224df5d1d	683265	output/synthetic_development_launch_package_v1/fixture_rehearsal_2/detector_capacity_audit.json
73b151a2d661db8cc0a618fefd04b2a51513ad30bd49d3cf69d68a57e35b7f5f	909	output/synthetic_development_launch_package_v1/fixture_rehearsal_2/detector_runtime_audit.json
f688e09bb3a20b2c10fb1388363eb2b82f4b57ee1fe48c272cc53fb431d17808	756	output/synthetic_development_launch_package_v1/fixture_rehearsal_2/identifier_reference_audit.json
8ba056ebc0fd3ddd7da552173383f2e162638e41a629faf29aaeb1853a1277c9	299	output/synthetic_development_launch_package_v1/fixture_rehearsal_2/persisted_inputs/cohort_metadata.json
45e7325358199154fe4f162bef097a904b88c473996f273fccdcb06cae0c7ca2	18728	output/synthetic_development_launch_package_v1/fixture_rehearsal_2/persisted_inputs/config.json
18d547d94b0906009a4cb232fbb7fccc83d2b5a69e79d61a3ac3d7b0289f33ef	4223212	output/synthetic_development_launch_package_v1/fixture_rehearsal_2/persisted_inputs/corpus_290001/conditions/absent_channel.jsonl
41e93633edb72fe3fa13f1335024ef4ab01a160ea8c72bf78e60072b43640003	33746972	output/synthetic_development_launch_package_v1/fixture_rehearsal_2/persisted_inputs/corpus_290001/conditions/randomized_shuffle.jsonl
e588fbc42023d7cbcd55fdf7b91ce826c30de88d274f5b01b31f8d6229576f0e	31660421	output/synthetic_development_launch_package_v1/fixture_rehearsal_2/persisted_inputs/corpus_290001/conditions/sensor_corrupted.jsonl
b9847d99698c06f9dec83afe16b4923ebe29caeca998aded2eb8c2cfb9fe75ec	32464766	output/synthetic_development_launch_package_v1/fixture_rehearsal_2/persisted_inputs/corpus_290001/conditions/shift_minus_8.jsonl
c46223390a2110e61cad69a0f5b9f40bb50ff90fbec50eefc30df5cb0b560b13	32460263	output/synthetic_development_launch_package_v1/fixture_rehearsal_2/persisted_inputs/corpus_290001/conditions/shift_plus_8.jsonl
bd988a97175966c7c393caa953c75e070e804ebb127c23243acd79159e09ef08	33746972	output/synthetic_development_launch_package_v1/fixture_rehearsal_2/persisted_inputs/corpus_290001/conditions/synchronized.jsonl
449830178e99055762791bfed1f3cf374fdb8666d6de2d7096be92cdf9a2270c	22231420	output/synthetic_development_launch_package_v1/fixture_rehearsal_2/persisted_inputs/corpus_290001/conditions/uninformative.jsonl
fbf4895db31a627833646a626ddf80d63d81ae3cd5b2f91b931a7297b1d1ed7d	217930	output/synthetic_development_launch_package_v1/fixture_rehearsal_2/persisted_inputs/corpus_290001/corpus_audit.json
85f4fda6cf1dbecade0d488fdc93dd8a51051ce6132ef6d79d996c8008a9de4d	154275	output/synthetic_development_launch_package_v1/fixture_rehearsal_2/persisted_inputs/corpus_290001/donor_maps/absent_channel.json
dd886b2a02f6f1d3538d99fa5a34a1f6efa894fbbef7cf7e754e4be39ad9478d	164451	output/synthetic_development_launch_package_v1/fixture_rehearsal_2/persisted_inputs/corpus_290001/donor_maps/randomized_shuffle.json
f9ac1cbb8a98eb5372bc1d7bd166c85123d73c2204dcb348575906d1c68c1272	304755	output/synthetic_development_launch_package_v1/fixture_rehearsal_2/persisted_inputs/corpus_290001/donor_maps/sensor_corrupted.json
830e3f38f4b54c493c1762d4e532a0cc9e7a4cf9733aa728da6bcaefaddbd10c	304755	output/synthetic_development_launch_package_v1/fixture_rehearsal_2/persisted_inputs/corpus_290001/donor_maps/shift_minus_8.json
0bbb6b0b26b04e163783db955d332c2878ff4e175ca284ab28673ad58b633483	300963	output/synthetic_development_launch_package_v1/fixture_rehearsal_2/persisted_inputs/corpus_290001/donor_maps/shift_plus_8.json
5e0fe5280efc516bb17dce0e992b8f86b86021912a0c0f638e1e9ff8066c9c09	164451	output/synthetic_development_launch_package_v1/fixture_rehearsal_2/persisted_inputs/corpus_290001/donor_maps/synchronized.json
10f06ebe02e3bdef3adeac44f32809413e8b4aabf5798f14816b6467f7ab1144	207363	output/synthetic_development_launch_package_v1/fixture_rehearsal_2/persisted_inputs/corpus_290001/donor_maps/uninformative.json
3a7160c98b3be860be86a9ea64d177a9507ef09019f53ebe4d2a7185b32f14a4	3581	output/synthetic_development_launch_package_v1/fixture_rehearsal_2/persisted_inputs/corpus_290001/evaluation_keys.jsonl
0c34ead782f6b87f24eebcbb83cdea7ac591cb2219b60c879942a5b608050ab8	23736	output/synthetic_development_launch_package_v1/fixture_rehearsal_2/persisted_inputs/corpus_290001/evaluation_prompts.jsonl
e3b0c44298fc1c149afbf4c8996fb92427ae41e4649b934ca495991b7852b855	0	output/synthetic_development_launch_package_v1/fixture_rehearsal_2/persisted_inputs/corpus_290001/evidence/absent_channel.jsonl
4ad70c1f8e187f8165632ea7cedbc9a43314b1aa57b61c23bee2bee29ba9dc06	1209344	output/synthetic_development_launch_package_v1/fixture_rehearsal_2/persisted_inputs/corpus_290001/evidence/randomized_shuffle.jsonl
52a8eacb18517b9b728a19c6f08962bbc805e17e3e1d1c8b7c2dee3339dda7c9	1272954	output/synthetic_development_launch_package_v1/fixture_rehearsal_2/persisted_inputs/corpus_290001/evidence/sensor_corrupted.jsonl
c75835a9283b1c14823211d6e1e3563ccc213baff9d5595bfcc0c94a90bbd95b	1297615	output/synthetic_development_launch_package_v1/fixture_rehearsal_2/persisted_inputs/corpus_290001/evidence/shift_minus_8.jsonl
c6f202813ded628835e4f93fd8a6c154181d73039ce16c1466cd0d30137918a2	1301529	output/synthetic_development_launch_package_v1/fixture_rehearsal_2/persisted_inputs/corpus_290001/evidence/shift_plus_8.jsonl
e8f6c43bfa41b80d692521fa4d47d51838eed90349c8ff5abf18a40c582ba042	1209930	output/synthetic_development_launch_package_v1/fixture_rehearsal_2/persisted_inputs/corpus_290001/evidence/synchronized.jsonl
3f286984b40038fc76733a5a6a2117768325fde91350109d4e71fc5434bcb79b	1202592	output/synthetic_development_launch_package_v1/fixture_rehearsal_2/persisted_inputs/corpus_290001/evidence/uninformative.jsonl
1206aa5d42ca28ceaf67d15c0ad5399b6f436aa3af230e2cf66516a5fc7d4142	245	output/synthetic_development_launch_package_v1/fixture_rehearsal_2/persisted_inputs/corpus_290001/lexicon_oracle.json
7c35fa4e67c97500ea6766d3380a9a40124eb5646904a08fc841b16241d5b5dc	1941206	output/synthetic_development_launch_package_v1/fixture_rehearsal_2/persisted_inputs/corpus_290001/oracle_episodes.jsonl
bd988a97175966c7c393caa953c75e070e804ebb127c23243acd79159e09ef08	33746972	output/synthetic_development_launch_package_v1/fixture_rehearsal_2/persisted_inputs/corpus_290001/visible_episodes.jsonl
614c6785c89571650a1f06100fa74325a8373709e668538750b48d538741d47b	4223212	output/synthetic_development_launch_package_v1/fixture_rehearsal_2/persisted_inputs/corpus_290003/conditions/absent_channel.jsonl
7b2a7d533a16d439b6117bed632ea6dd8a81aeb71b9d8492a97845ac898525ab	33746904	output/synthetic_development_launch_package_v1/fixture_rehearsal_2/persisted_inputs/corpus_290003/conditions/randomized_shuffle.jsonl
63791b0386fa323a8f5428f76de252c24815f6083018876e3f6658fe34a0c4de	31661161	output/synthetic_development_launch_package_v1/fixture_rehearsal_2/persisted_inputs/corpus_290003/conditions/sensor_corrupted.jsonl
8ed75ac068f343c0c7c8459a1235dc7b95aaf685975a3d8fb847419d9b57882e	32468182	output/synthetic_development_launch_package_v1/fixture_rehearsal_2/persisted_inputs/corpus_290003/conditions/shift_minus_8.jsonl
fb5f1b409ba0323993b687ea71db94308e94ebcc2879f63f57c96669a48f2cb6	32463097	output/synthetic_development_launch_package_v1/fixture_rehearsal_2/persisted_inputs/corpus_290003/conditions/shift_plus_8.jsonl
78f9ef25ee2962391bec095399d880f1a3adcddd3b05d464c812ea7110803c3f	33746904	output/synthetic_development_launch_package_v1/fixture_rehearsal_2/persisted_inputs/corpus_290003/conditions/synchronized.jsonl
5607a12daf81846a4f8afc03ca9e5bdb4671927314a2ecbd83e5c53e550ecefb	22231420	output/synthetic_development_launch_package_v1/fixture_rehearsal_2/persisted_inputs/corpus_290003/conditions/uninformative.jsonl
fbf4895db31a627833646a626ddf80d63d81ae3cd5b2f91b931a7297b1d1ed7d	217930	output/synthetic_development_launch_package_v1/fixture_rehearsal_2/persisted_inputs/corpus_290003/corpus_audit.json
0c99fdeefe42a7fc5b559fce702a956192a65d71c68f7aee289b995f359d2f6d	154275	output/synthetic_development_launch_package_v1/fixture_rehearsal_2/persisted_inputs/corpus_290003/donor_maps/absent_channel.json
973a5a97ec0d809b1127123ea9de332d7dbbb9fd2b3ecdd18899361edbe046ec	164451	output/synthetic_development_launch_package_v1/fixture_rehearsal_2/persisted_inputs/corpus_290003/donor_maps/randomized_shuffle.json
e9619e67b306ee43bfe4e285a1650b91a684d8ba87ba26e45dbacdf39de7b2da	304755	output/synthetic_development_launch_package_v1/fixture_rehearsal_2/persisted_inputs/corpus_290003/donor_maps/sensor_corrupted.json
9a38b83a49b3065369d97b06928f7ea307a7586b1a23e9cafeac4973b10542fb	304755	output/synthetic_development_launch_package_v1/fixture_rehearsal_2/persisted_inputs/corpus_290003/donor_maps/shift_minus_8.json
4c7e525721566928e2323d9930424336fdc2e0f58adcd2978f1584d419a4a3f7	300963	output/synthetic_development_launch_package_v1/fixture_rehearsal_2/persisted_inputs/corpus_290003/donor_maps/shift_plus_8.json
c08f7bab58f1b4a98b68c112fdcfc9be909bf75a38329b35237c9d1e863878f1	164451	output/synthetic_development_launch_package_v1/fixture_rehearsal_2/persisted_inputs/corpus_290003/donor_maps/synchronized.json
85cd942d33d5d85dc1930f08341022179910ebe204fecdc402147ea6a8eb3f4b	207363	output/synthetic_development_launch_package_v1/fixture_rehearsal_2/persisted_inputs/corpus_290003/donor_maps/uninformative.json
e9d2e0040ab9ee2fa1fbf295639c65fd1201cea2ae471b2c120bb7171194dc01	3581	output/synthetic_development_launch_package_v1/fixture_rehearsal_2/persisted_inputs/corpus_290003/evaluation_keys.jsonl
bc547a36d9b04f7084fbe183d3205d09b8b75f8320e1b54c6093cbfd9ccf2751	23736	output/synthetic_development_launch_package_v1/fixture_rehearsal_2/persisted_inputs/corpus_290003/evaluation_prompts.jsonl
e3b0c44298fc1c149afbf4c8996fb92427ae41e4649b934ca495991b7852b855	0	output/synthetic_development_launch_package_v1/fixture_rehearsal_2/persisted_inputs/corpus_290003/evidence/absent_channel.jsonl
259d8429a5bbacdc916bedec7d66f01977de9777950da8f34dccf5403432743a	1209226	output/synthetic_development_launch_package_v1/fixture_rehearsal_2/persisted_inputs/corpus_290003/evidence/randomized_shuffle.jsonl
6cb973f4d5cc8ddc34ffd644618e4c3fdbb4fdcb6d3123234f355b8e1583c2ad	1273081	output/synthetic_development_launch_package_v1/fixture_rehearsal_2/persisted_inputs/corpus_290003/evidence/sensor_corrupted.jsonl
fa1d7be17696ab819b3a30b87ffa2fe1cc497de48d07eb907fe5248d2657bbd9	1297586	output/synthetic_development_launch_package_v1/fixture_rehearsal_2/persisted_inputs/corpus_290003/evidence/shift_minus_8.jsonl
a98574d3227831d3f6bef7cdac5224070cde017622c17e9bf41b1740062d229d	1301258	output/synthetic_development_launch_package_v1/fixture_rehearsal_2/persisted_inputs/corpus_290003/evidence/shift_plus_8.jsonl
ec5a23a7c2cd74ec1db7cc2a4bebe575437b19c4f141bd3b17338c94a384ce55	1209708	output/synthetic_development_launch_package_v1/fixture_rehearsal_2/persisted_inputs/corpus_290003/evidence/synchronized.jsonl
5352bbd529d1fcfc908f72cf454a01530c7903eb17f8257d4e106f3d5f0faea4	1202592	output/synthetic_development_launch_package_v1/fixture_rehearsal_2/persisted_inputs/corpus_290003/evidence/uninformative.jsonl
e0661acf030a96e6b2f8d4c43de80f31b4d37b988a4ff5bc6a4b8d4c0deb3b73	245	output/synthetic_development_launch_package_v1/fixture_rehearsal_2/persisted_inputs/corpus_290003/lexicon_oracle.json
04c668ad8c0d0e955709fef1d5aa40347e27883458d92f43edeb3baa772a20f2	1941206	output/synthetic_development_launch_package_v1/fixture_rehearsal_2/persisted_inputs/corpus_290003/oracle_episodes.jsonl
78f9ef25ee2962391bec095399d880f1a3adcddd3b05d464c812ea7110803c3f	33746904	output/synthetic_development_launch_package_v1/fixture_rehearsal_2/persisted_inputs/corpus_290003/visible_episodes.jsonl
4010385d636e2fd95ec4cd312a3f67113168956e561c733c326508c869e64247	10105	output/synthetic_development_launch_package_v1/fixture_rehearsal_2/persisted_inputs/input_manifest.json
7d5717b39e60414b0282ddf8eebea52a071e2a0b611010675d7b9baf4312f684	129321	output/synthetic_development_launch_package_v1/fixture_rehearsal_2/recomputable/compute_operation_log.json
56da8b42e9df8e16d41a5a7ee9997dd5feb027ab12eec00461e0d1fce28a3b2f	116685	output/synthetic_development_launch_package_v1/fixture_rehearsal_2/recomputable/control_results.json
4b3bdad80fa4f286fec61a6ba261735025a853ce42eeb6a621840740e0c6feaa	109594	output/synthetic_development_launch_package_v1/fixture_rehearsal_2/recomputable/core_gates.json
834ebe3ffc3cc44bc5cad5e194eff4d7340ad4dcc163fe7f253b309c0a85f8dc	6149	output/synthetic_development_launch_package_v1/fixture_rehearsal_2/recomputable/development_controls.json
76c9380d2ac1565b4b95823e75952ee01db94bae271c917494a5b121c8335e2a	4628	output/synthetic_development_launch_package_v1/fixture_rehearsal_2/recomputable/development_inference.json
9ef612ef339bae8367bc905c91acfb5db4736b4ec8b7fa4cd4d233fe4c2c03be	25685	output/synthetic_development_launch_package_v1/fixture_rehearsal_2/recomputable/factor_audit.json
384d35cd49019ef7934254d4265b87b80d9b0b847086ab65beb7eb3f7a288403	3448281	output/synthetic_development_launch_package_v1/fixture_rehearsal_2/recomputable/factor_results.json
dd290bdc51822a4821b06acabb1dceda637c4480cc5d089deef8e60d40653e2f	342	output/synthetic_development_launch_package_v1/fixture_rehearsal_2/recomputable/leakage_audit.json
710d41dda994e5133cb45c3b90b88131c12db8cbcb9714aff38e70c5a19463b9	411	output/synthetic_development_launch_package_v1/fixture_rehearsal_2/recomputable/learner_numeric_audit.json
33acfeec96ceb67415a7840fbf1fe7ccc8af620a86846dcaae44b6772d53a175	103523	output/synthetic_development_launch_package_v1/fixture_rehearsal_2/recomputable/model_averages.json
1bcdf039ae3e76c1a964016b93db5d06d0eacda6b7aa86a5a8802648e3b7c5cc	2189492	output/synthetic_development_launch_package_v1/fixture_rehearsal_2/recomputable/model_results.json
91ac9b3320bc706509fca4807028741b1ac5413b99d0cb65ef422f41a0b207cc	288367	output/synthetic_development_launch_package_v1/fixture_rehearsal_2/recomputable/null_capacity_audit.json
836fc997b74148af5b7ccc8fb1d3ada4d9042e021240bf4e45edd9e45d218aed	14728	output/synthetic_development_launch_package_v1/fixture_rehearsal_2/recomputable/order_invariance_audit.json
460a7ffa3efa16ecea9206930a2783c3fe04a2afc2d05fd1304aa694de7e3f70	136539	output/synthetic_development_launch_package_v1/fixture_rehearsal_2/seed_operation_log.json
a232e10d21f3e99b0c2fe822d465cca1872d2311959069cb0261442f09508b9a	2218	output/synthetic_development_launch_package_v1/fixture_rehearsal_3/cohort_summary.json
b374bbbab0021ed1876bb22793b3c94f01666f2956fa20a0f6e9e5a6d365819d	1097	output/synthetic_development_launch_package_v1/fixture_rehearsal_3/condition_audits.json
e92ed724535d3d5b4d90b60e71707e30a67a7b8e83b82171e4d9aa30a2e8be6c	460523	output/synthetic_development_launch_package_v1/fixture_rehearsal_3/corpus_audits.json
209e08e4334fc731d7bf1e4a93261ed7e01ad5597469a2069a02af4224df5d1d	683265	output/synthetic_development_launch_package_v1/fixture_rehearsal_3/detector_capacity_audit.json
73b151a2d661db8cc0a618fefd04b2a51513ad30bd49d3cf69d68a57e35b7f5f	909	output/synthetic_development_launch_package_v1/fixture_rehearsal_3/detector_runtime_audit.json
f688e09bb3a20b2c10fb1388363eb2b82f4b57ee1fe48c272cc53fb431d17808	756	output/synthetic_development_launch_package_v1/fixture_rehearsal_3/identifier_reference_audit.json
8ba056ebc0fd3ddd7da552173383f2e162638e41a629faf29aaeb1853a1277c9	299	output/synthetic_development_launch_package_v1/fixture_rehearsal_3/persisted_inputs/cohort_metadata.json
45e7325358199154fe4f162bef097a904b88c473996f273fccdcb06cae0c7ca2	18728	output/synthetic_development_launch_package_v1/fixture_rehearsal_3/persisted_inputs/config.json
18d547d94b0906009a4cb232fbb7fccc83d2b5a69e79d61a3ac3d7b0289f33ef	4223212	output/synthetic_development_launch_package_v1/fixture_rehearsal_3/persisted_inputs/corpus_290001/conditions/absent_channel.jsonl
41e93633edb72fe3fa13f1335024ef4ab01a160ea8c72bf78e60072b43640003	33746972	output/synthetic_development_launch_package_v1/fixture_rehearsal_3/persisted_inputs/corpus_290001/conditions/randomized_shuffle.jsonl
e588fbc42023d7cbcd55fdf7b91ce826c30de88d274f5b01b31f8d6229576f0e	31660421	output/synthetic_development_launch_package_v1/fixture_rehearsal_3/persisted_inputs/corpus_290001/conditions/sensor_corrupted.jsonl
b9847d99698c06f9dec83afe16b4923ebe29caeca998aded2eb8c2cfb9fe75ec	32464766	output/synthetic_development_launch_package_v1/fixture_rehearsal_3/persisted_inputs/corpus_290001/conditions/shift_minus_8.jsonl
c46223390a2110e61cad69a0f5b9f40bb50ff90fbec50eefc30df5cb0b560b13	32460263	output/synthetic_development_launch_package_v1/fixture_rehearsal_3/persisted_inputs/corpus_290001/conditions/shift_plus_8.jsonl
bd988a97175966c7c393caa953c75e070e804ebb127c23243acd79159e09ef08	33746972	output/synthetic_development_launch_package_v1/fixture_rehearsal_3/persisted_inputs/corpus_290001/conditions/synchronized.jsonl
449830178e99055762791bfed1f3cf374fdb8666d6de2d7096be92cdf9a2270c	22231420	output/synthetic_development_launch_package_v1/fixture_rehearsal_3/persisted_inputs/corpus_290001/conditions/uninformative.jsonl
fbf4895db31a627833646a626ddf80d63d81ae3cd5b2f91b931a7297b1d1ed7d	217930	output/synthetic_development_launch_package_v1/fixture_rehearsal_3/persisted_inputs/corpus_290001/corpus_audit.json
85f4fda6cf1dbecade0d488fdc93dd8a51051ce6132ef6d79d996c8008a9de4d	154275	output/synthetic_development_launch_package_v1/fixture_rehearsal_3/persisted_inputs/corpus_290001/donor_maps/absent_channel.json
dd886b2a02f6f1d3538d99fa5a34a1f6efa894fbbef7cf7e754e4be39ad9478d	164451	output/synthetic_development_launch_package_v1/fixture_rehearsal_3/persisted_inputs/corpus_290001/donor_maps/randomized_shuffle.json
f9ac1cbb8a98eb5372bc1d7bd166c85123d73c2204dcb348575906d1c68c1272	304755	output/synthetic_development_launch_package_v1/fixture_rehearsal_3/persisted_inputs/corpus_290001/donor_maps/sensor_corrupted.json
830e3f38f4b54c493c1762d4e532a0cc9e7a4cf9733aa728da6bcaefaddbd10c	304755	output/synthetic_development_launch_package_v1/fixture_rehearsal_3/persisted_inputs/corpus_290001/donor_maps/shift_minus_8.json
0bbb6b0b26b04e163783db955d332c2878ff4e175ca284ab28673ad58b633483	300963	output/synthetic_development_launch_package_v1/fixture_rehearsal_3/persisted_inputs/corpus_290001/donor_maps/shift_plus_8.json
5e0fe5280efc516bb17dce0e992b8f86b86021912a0c0f638e1e9ff8066c9c09	164451	output/synthetic_development_launch_package_v1/fixture_rehearsal_3/persisted_inputs/corpus_290001/donor_maps/synchronized.json
10f06ebe02e3bdef3adeac44f32809413e8b4aabf5798f14816b6467f7ab1144	207363	output/synthetic_development_launch_package_v1/fixture_rehearsal_3/persisted_inputs/corpus_290001/donor_maps/uninformative.json
3a7160c98b3be860be86a9ea64d177a9507ef09019f53ebe4d2a7185b32f14a4	3581	output/synthetic_development_launch_package_v1/fixture_rehearsal_3/persisted_inputs/corpus_290001/evaluation_keys.jsonl
0c34ead782f6b87f24eebcbb83cdea7ac591cb2219b60c879942a5b608050ab8	23736	output/synthetic_development_launch_package_v1/fixture_rehearsal_3/persisted_inputs/corpus_290001/evaluation_prompts.jsonl
e3b0c44298fc1c149afbf4c8996fb92427ae41e4649b934ca495991b7852b855	0	output/synthetic_development_launch_package_v1/fixture_rehearsal_3/persisted_inputs/corpus_290001/evidence/absent_channel.jsonl
4ad70c1f8e187f8165632ea7cedbc9a43314b1aa57b61c23bee2bee29ba9dc06	1209344	output/synthetic_development_launch_package_v1/fixture_rehearsal_3/persisted_inputs/corpus_290001/evidence/randomized_shuffle.jsonl
52a8eacb18517b9b728a19c6f08962bbc805e17e3e1d1c8b7c2dee3339dda7c9	1272954	output/synthetic_development_launch_package_v1/fixture_rehearsal_3/persisted_inputs/corpus_290001/evidence/sensor_corrupted.jsonl
c75835a9283b1c14823211d6e1e3563ccc213baff9d5595bfcc0c94a90bbd95b	1297615	output/synthetic_development_launch_package_v1/fixture_rehearsal_3/persisted_inputs/corpus_290001/evidence/shift_minus_8.jsonl
c6f202813ded628835e4f93fd8a6c154181d73039ce16c1466cd0d30137918a2	1301529	output/synthetic_development_launch_package_v1/fixture_rehearsal_3/persisted_inputs/corpus_290001/evidence/shift_plus_8.jsonl
e8f6c43bfa41b80d692521fa4d47d51838eed90349c8ff5abf18a40c582ba042	1209930	output/synthetic_development_launch_package_v1/fixture_rehearsal_3/persisted_inputs/corpus_290001/evidence/synchronized.jsonl
3f286984b40038fc76733a5a6a2117768325fde91350109d4e71fc5434bcb79b	1202592	output/synthetic_development_launch_package_v1/fixture_rehearsal_3/persisted_inputs/corpus_290001/evidence/uninformative.jsonl
1206aa5d42ca28ceaf67d15c0ad5399b6f436aa3af230e2cf66516a5fc7d4142	245	output/synthetic_development_launch_package_v1/fixture_rehearsal_3/persisted_inputs/corpus_290001/lexicon_oracle.json
7c35fa4e67c97500ea6766d3380a9a40124eb5646904a08fc841b16241d5b5dc	1941206	output/synthetic_development_launch_package_v1/fixture_rehearsal_3/persisted_inputs/corpus_290001/oracle_episodes.jsonl
bd988a97175966c7c393caa953c75e070e804ebb127c23243acd79159e09ef08	33746972	output/synthetic_development_launch_package_v1/fixture_rehearsal_3/persisted_inputs/corpus_290001/visible_episodes.jsonl
614c6785c89571650a1f06100fa74325a8373709e668538750b48d538741d47b	4223212	output/synthetic_development_launch_package_v1/fixture_rehearsal_3/persisted_inputs/corpus_290003/conditions/absent_channel.jsonl
7b2a7d533a16d439b6117bed632ea6dd8a81aeb71b9d8492a97845ac898525ab	33746904	output/synthetic_development_launch_package_v1/fixture_rehearsal_3/persisted_inputs/corpus_290003/conditions/randomized_shuffle.jsonl
63791b0386fa323a8f5428f76de252c24815f6083018876e3f6658fe34a0c4de	31661161	output/synthetic_development_launch_package_v1/fixture_rehearsal_3/persisted_inputs/corpus_290003/conditions/sensor_corrupted.jsonl
8ed75ac068f343c0c7c8459a1235dc7b95aaf685975a3d8fb847419d9b57882e	32468182	output/synthetic_development_launch_package_v1/fixture_rehearsal_3/persisted_inputs/corpus_290003/conditions/shift_minus_8.jsonl
fb5f1b409ba0323993b687ea71db94308e94ebcc2879f63f57c96669a48f2cb6	32463097	output/synthetic_development_launch_package_v1/fixture_rehearsal_3/persisted_inputs/corpus_290003/conditions/shift_plus_8.jsonl
78f9ef25ee2962391bec095399d880f1a3adcddd3b05d464c812ea7110803c3f	33746904	output/synthetic_development_launch_package_v1/fixture_rehearsal_3/persisted_inputs/corpus_290003/conditions/synchronized.jsonl
5607a12daf81846a4f8afc03ca9e5bdb4671927314a2ecbd83e5c53e550ecefb	22231420	output/synthetic_development_launch_package_v1/fixture_rehearsal_3/persisted_inputs/corpus_290003/conditions/uninformative.jsonl
fbf4895db31a627833646a626ddf80d63d81ae3cd5b2f91b931a7297b1d1ed7d	217930	output/synthetic_development_launch_package_v1/fixture_rehearsal_3/persisted_inputs/corpus_290003/corpus_audit.json
0c99fdeefe42a7fc5b559fce702a956192a65d71c68f7aee289b995f359d2f6d	154275	output/synthetic_development_launch_package_v1/fixture_rehearsal_3/persisted_inputs/corpus_290003/donor_maps/absent_channel.json
973a5a97ec0d809b1127123ea9de332d7dbbb9fd2b3ecdd18899361edbe046ec	164451	output/synthetic_development_launch_package_v1/fixture_rehearsal_3/persisted_inputs/corpus_290003/donor_maps/randomized_shuffle.json
e9619e67b306ee43bfe4e285a1650b91a684d8ba87ba26e45dbacdf39de7b2da	304755	output/synthetic_development_launch_package_v1/fixture_rehearsal_3/persisted_inputs/corpus_290003/donor_maps/sensor_corrupted.json
9a38b83a49b3065369d97b06928f7ea307a7586b1a23e9cafeac4973b10542fb	304755	output/synthetic_development_launch_package_v1/fixture_rehearsal_3/persisted_inputs/corpus_290003/donor_maps/shift_minus_8.json
4c7e525721566928e2323d9930424336fdc2e0f58adcd2978f1584d419a4a3f7	300963	output/synthetic_development_launch_package_v1/fixture_rehearsal_3/persisted_inputs/corpus_290003/donor_maps/shift_plus_8.json
c08f7bab58f1b4a98b68c112fdcfc9be909bf75a38329b35237c9d1e863878f1	164451	output/synthetic_development_launch_package_v1/fixture_rehearsal_3/persisted_inputs/corpus_290003/donor_maps/synchronized.json
85cd942d33d5d85dc1930f08341022179910ebe204fecdc402147ea6a8eb3f4b	207363	output/synthetic_development_launch_package_v1/fixture_rehearsal_3/persisted_inputs/corpus_290003/donor_maps/uninformative.json
e9d2e0040ab9ee2fa1fbf295639c65fd1201cea2ae471b2c120bb7171194dc01	3581	output/synthetic_development_launch_package_v1/fixture_rehearsal_3/persisted_inputs/corpus_290003/evaluation_keys.jsonl
bc547a36d9b04f7084fbe183d3205d09b8b75f8320e1b54c6093cbfd9ccf2751	23736	output/synthetic_development_launch_package_v1/fixture_rehearsal_3/persisted_inputs/corpus_290003/evaluation_prompts.jsonl
e3b0c44298fc1c149afbf4c8996fb92427ae41e4649b934ca495991b7852b855	0	output/synthetic_development_launch_package_v1/fixture_rehearsal_3/persisted_inputs/corpus_290003/evidence/absent_channel.jsonl
259d8429a5bbacdc916bedec7d66f01977de9777950da8f34dccf5403432743a	1209226	output/synthetic_development_launch_package_v1/fixture_rehearsal_3/persisted_inputs/corpus_290003/evidence/randomized_shuffle.jsonl
6cb973f4d5cc8ddc34ffd644618e4c3fdbb4fdcb6d3123234f355b8e1583c2ad	1273081	output/synthetic_development_launch_package_v1/fixture_rehearsal_3/persisted_inputs/corpus_290003/evidence/sensor_corrupted.jsonl
fa1d7be17696ab819b3a30b87ffa2fe1cc497de48d07eb907fe5248d2657bbd9	1297586	output/synthetic_development_launch_package_v1/fixture_rehearsal_3/persisted_inputs/corpus_290003/evidence/shift_minus_8.jsonl
a98574d3227831d3f6bef7cdac5224070cde017622c17e9bf41b1740062d229d	1301258	output/synthetic_development_launch_package_v1/fixture_rehearsal_3/persisted_inputs/corpus_290003/evidence/shift_plus_8.jsonl
ec5a23a7c2cd74ec1db7cc2a4bebe575437b19c4f141bd3b17338c94a384ce55	1209708	output/synthetic_development_launch_package_v1/fixture_rehearsal_3/persisted_inputs/corpus_290003/evidence/synchronized.jsonl
5352bbd529d1fcfc908f72cf454a01530c7903eb17f8257d4e106f3d5f0faea4	1202592	output/synthetic_development_launch_package_v1/fixture_rehearsal_3/persisted_inputs/corpus_290003/evidence/uninformative.jsonl
e0661acf030a96e6b2f8d4c43de80f31b4d37b988a4ff5bc6a4b8d4c0deb3b73	245	output/synthetic_development_launch_package_v1/fixture_rehearsal_3/persisted_inputs/corpus_290003/lexicon_oracle.json
04c668ad8c0d0e955709fef1d5aa40347e27883458d92f43edeb3baa772a20f2	1941206	output/synthetic_development_launch_package_v1/fixture_rehearsal_3/persisted_inputs/corpus_290003/oracle_episodes.jsonl
78f9ef25ee2962391bec095399d880f1a3adcddd3b05d464c812ea7110803c3f	33746904	output/synthetic_development_launch_package_v1/fixture_rehearsal_3/persisted_inputs/corpus_290003/visible_episodes.jsonl
4010385d636e2fd95ec4cd312a3f67113168956e561c733c326508c869e64247	10105	output/synthetic_development_launch_package_v1/fixture_rehearsal_3/persisted_inputs/input_manifest.json
7d5717b39e60414b0282ddf8eebea52a071e2a0b611010675d7b9baf4312f684	129321	output/synthetic_development_launch_package_v1/fixture_rehearsal_3/recomputable/compute_operation_log.json
56da8b42e9df8e16d41a5a7ee9997dd5feb027ab12eec00461e0d1fce28a3b2f	116685	output/synthetic_development_launch_package_v1/fixture_rehearsal_3/recomputable/control_results.json
4b3bdad80fa4f286fec61a6ba261735025a853ce42eeb6a621840740e0c6feaa	109594	output/synthetic_development_launch_package_v1/fixture_rehearsal_3/recomputable/core_gates.json
834ebe3ffc3cc44bc5cad5e194eff4d7340ad4dcc163fe7f253b309c0a85f8dc	6149	output/synthetic_development_launch_package_v1/fixture_rehearsal_3/recomputable/development_controls.json
76c9380d2ac1565b4b95823e75952ee01db94bae271c917494a5b121c8335e2a	4628	output/synthetic_development_launch_package_v1/fixture_rehearsal_3/recomputable/development_inference.json
9ef612ef339bae8367bc905c91acfb5db4736b4ec8b7fa4cd4d233fe4c2c03be	25685	output/synthetic_development_launch_package_v1/fixture_rehearsal_3/recomputable/factor_audit.json
384d35cd49019ef7934254d4265b87b80d9b0b847086ab65beb7eb3f7a288403	3448281	output/synthetic_development_launch_package_v1/fixture_rehearsal_3/recomputable/factor_results.json
dd290bdc51822a4821b06acabb1dceda637c4480cc5d089deef8e60d40653e2f	342	output/synthetic_development_launch_package_v1/fixture_rehearsal_3/recomputable/leakage_audit.json
710d41dda994e5133cb45c3b90b88131c12db8cbcb9714aff38e70c5a19463b9	411	output/synthetic_development_launch_package_v1/fixture_rehearsal_3/recomputable/learner_numeric_audit.json
33acfeec96ceb67415a7840fbf1fe7ccc8af620a86846dcaae44b6772d53a175	103523	output/synthetic_development_launch_package_v1/fixture_rehearsal_3/recomputable/model_averages.json
1bcdf039ae3e76c1a964016b93db5d06d0eacda6b7aa86a5a8802648e3b7c5cc	2189492	output/synthetic_development_launch_package_v1/fixture_rehearsal_3/recomputable/model_results.json
91ac9b3320bc706509fca4807028741b1ac5413b99d0cb65ef422f41a0b207cc	288367	output/synthetic_development_launch_package_v1/fixture_rehearsal_3/recomputable/null_capacity_audit.json
836fc997b74148af5b7ccc8fb1d3ada4d9042e021240bf4e45edd9e45d218aed	14728	output/synthetic_development_launch_package_v1/fixture_rehearsal_3/recomputable/order_invariance_audit.json
460a7ffa3efa16ecea9206930a2783c3fe04a2afc2d05fd1304aa694de7e3f70	136539	output/synthetic_development_launch_package_v1/fixture_rehearsal_3/seed_operation_log.json
a232e10d21f3e99b0c2fe822d465cca1872d2311959069cb0261442f09508b9a	2218	output/synthetic_development_launch_package_v1/fixture_rehearsal_4/cohort_summary.json
b374bbbab0021ed1876bb22793b3c94f01666f2956fa20a0f6e9e5a6d365819d	1097	output/synthetic_development_launch_package_v1/fixture_rehearsal_4/condition_audits.json
e92ed724535d3d5b4d90b60e71707e30a67a7b8e83b82171e4d9aa30a2e8be6c	460523	output/synthetic_development_launch_package_v1/fixture_rehearsal_4/corpus_audits.json
209e08e4334fc731d7bf1e4a93261ed7e01ad5597469a2069a02af4224df5d1d	683265	output/synthetic_development_launch_package_v1/fixture_rehearsal_4/detector_capacity_audit.json
73b151a2d661db8cc0a618fefd04b2a51513ad30bd49d3cf69d68a57e35b7f5f	909	output/synthetic_development_launch_package_v1/fixture_rehearsal_4/detector_runtime_audit.json
f688e09bb3a20b2c10fb1388363eb2b82f4b57ee1fe48c272cc53fb431d17808	756	output/synthetic_development_launch_package_v1/fixture_rehearsal_4/identifier_reference_audit.json
8ba056ebc0fd3ddd7da552173383f2e162638e41a629faf29aaeb1853a1277c9	299	output/synthetic_development_launch_package_v1/fixture_rehearsal_4/persisted_inputs/cohort_metadata.json
45e7325358199154fe4f162bef097a904b88c473996f273fccdcb06cae0c7ca2	18728	output/synthetic_development_launch_package_v1/fixture_rehearsal_4/persisted_inputs/config.json
18d547d94b0906009a4cb232fbb7fccc83d2b5a69e79d61a3ac3d7b0289f33ef	4223212	output/synthetic_development_launch_package_v1/fixture_rehearsal_4/persisted_inputs/corpus_290001/conditions/absent_channel.jsonl
41e93633edb72fe3fa13f1335024ef4ab01a160ea8c72bf78e60072b43640003	33746972	output/synthetic_development_launch_package_v1/fixture_rehearsal_4/persisted_inputs/corpus_290001/conditions/randomized_shuffle.jsonl
e588fbc42023d7cbcd55fdf7b91ce826c30de88d274f5b01b31f8d6229576f0e	31660421	output/synthetic_development_launch_package_v1/fixture_rehearsal_4/persisted_inputs/corpus_290001/conditions/sensor_corrupted.jsonl
b9847d99698c06f9dec83afe16b4923ebe29caeca998aded2eb8c2cfb9fe75ec	32464766	output/synthetic_development_launch_package_v1/fixture_rehearsal_4/persisted_inputs/corpus_290001/conditions/shift_minus_8.jsonl
c46223390a2110e61cad69a0f5b9f40bb50ff90fbec50eefc30df5cb0b560b13	32460263	output/synthetic_development_launch_package_v1/fixture_rehearsal_4/persisted_inputs/corpus_290001/conditions/shift_plus_8.jsonl
bd988a97175966c7c393caa953c75e070e804ebb127c23243acd79159e09ef08	33746972	output/synthetic_development_launch_package_v1/fixture_rehearsal_4/persisted_inputs/corpus_290001/conditions/synchronized.jsonl
449830178e99055762791bfed1f3cf374fdb8666d6de2d7096be92cdf9a2270c	22231420	output/synthetic_development_launch_package_v1/fixture_rehearsal_4/persisted_inputs/corpus_290001/conditions/uninformative.jsonl
fbf4895db31a627833646a626ddf80d63d81ae3cd5b2f91b931a7297b1d1ed7d	217930	output/synthetic_development_launch_package_v1/fixture_rehearsal_4/persisted_inputs/corpus_290001/corpus_audit.json
85f4fda6cf1dbecade0d488fdc93dd8a51051ce6132ef6d79d996c8008a9de4d	154275	output/synthetic_development_launch_package_v1/fixture_rehearsal_4/persisted_inputs/corpus_290001/donor_maps/absent_channel.json
dd886b2a02f6f1d3538d99fa5a34a1f6efa894fbbef7cf7e754e4be39ad9478d	164451	output/synthetic_development_launch_package_v1/fixture_rehearsal_4/persisted_inputs/corpus_290001/donor_maps/randomized_shuffle.json
f9ac1cbb8a98eb5372bc1d7bd166c85123d73c2204dcb348575906d1c68c1272	304755	output/synthetic_development_launch_package_v1/fixture_rehearsal_4/persisted_inputs/corpus_290001/donor_maps/sensor_corrupted.json
830e3f38f4b54c493c1762d4e532a0cc9e7a4cf9733aa728da6bcaefaddbd10c	304755	output/synthetic_development_launch_package_v1/fixture_rehearsal_4/persisted_inputs/corpus_290001/donor_maps/shift_minus_8.json
0bbb6b0b26b04e163783db955d332c2878ff4e175ca284ab28673ad58b633483	300963	output/synthetic_development_launch_package_v1/fixture_rehearsal_4/persisted_inputs/corpus_290001/donor_maps/shift_plus_8.json
5e0fe5280efc516bb17dce0e992b8f86b86021912a0c0f638e1e9ff8066c9c09	164451	output/synthetic_development_launch_package_v1/fixture_rehearsal_4/persisted_inputs/corpus_290001/donor_maps/synchronized.json
10f06ebe02e3bdef3adeac44f32809413e8b4aabf5798f14816b6467f7ab1144	207363	output/synthetic_development_launch_package_v1/fixture_rehearsal_4/persisted_inputs/corpus_290001/donor_maps/uninformative.json
3a7160c98b3be860be86a9ea64d177a9507ef09019f53ebe4d2a7185b32f14a4	3581	output/synthetic_development_launch_package_v1/fixture_rehearsal_4/persisted_inputs/corpus_290001/evaluation_keys.jsonl
0c34ead782f6b87f24eebcbb83cdea7ac591cb2219b60c879942a5b608050ab8	23736	output/synthetic_development_launch_package_v1/fixture_rehearsal_4/persisted_inputs/corpus_290001/evaluation_prompts.jsonl
e3b0c44298fc1c149afbf4c8996fb92427ae41e4649b934ca495991b7852b855	0	output/synthetic_development_launch_package_v1/fixture_rehearsal_4/persisted_inputs/corpus_290001/evidence/absent_channel.jsonl
4ad70c1f8e187f8165632ea7cedbc9a43314b1aa57b61c23bee2bee29ba9dc06	1209344	output/synthetic_development_launch_package_v1/fixture_rehearsal_4/persisted_inputs/corpus_290001/evidence/randomized_shuffle.jsonl
52a8eacb18517b9b728a19c6f08962bbc805e17e3e1d1c8b7c2dee3339dda7c9	1272954	output/synthetic_development_launch_package_v1/fixture_rehearsal_4/persisted_inputs/corpus_290001/evidence/sensor_corrupted.jsonl
c75835a9283b1c14823211d6e1e3563ccc213baff9d5595bfcc0c94a90bbd95b	1297615	output/synthetic_development_launch_package_v1/fixture_rehearsal_4/persisted_inputs/corpus_290001/evidence/shift_minus_8.jsonl
c6f202813ded628835e4f93fd8a6c154181d73039ce16c1466cd0d30137918a2	1301529	output/synthetic_development_launch_package_v1/fixture_rehearsal_4/persisted_inputs/corpus_290001/evidence/shift_plus_8.jsonl
e8f6c43bfa41b80d692521fa4d47d51838eed90349c8ff5abf18a40c582ba042	1209930	output/synthetic_development_launch_package_v1/fixture_rehearsal_4/persisted_inputs/corpus_290001/evidence/synchronized.jsonl
3f286984b40038fc76733a5a6a2117768325fde91350109d4e71fc5434bcb79b	1202592	output/synthetic_development_launch_package_v1/fixture_rehearsal_4/persisted_inputs/corpus_290001/evidence/uninformative.jsonl
1206aa5d42ca28ceaf67d15c0ad5399b6f436aa3af230e2cf66516a5fc7d4142	245	output/synthetic_development_launch_package_v1/fixture_rehearsal_4/persisted_inputs/corpus_290001/lexicon_oracle.json
7c35fa4e67c97500ea6766d3380a9a40124eb5646904a08fc841b16241d5b5dc	1941206	output/synthetic_development_launch_package_v1/fixture_rehearsal_4/persisted_inputs/corpus_290001/oracle_episodes.jsonl
bd988a97175966c7c393caa953c75e070e804ebb127c23243acd79159e09ef08	33746972	output/synthetic_development_launch_package_v1/fixture_rehearsal_4/persisted_inputs/corpus_290001/visible_episodes.jsonl
614c6785c89571650a1f06100fa74325a8373709e668538750b48d538741d47b	4223212	output/synthetic_development_launch_package_v1/fixture_rehearsal_4/persisted_inputs/corpus_290003/conditions/absent_channel.jsonl
7b2a7d533a16d439b6117bed632ea6dd8a81aeb71b9d8492a97845ac898525ab	33746904	output/synthetic_development_launch_package_v1/fixture_rehearsal_4/persisted_inputs/corpus_290003/conditions/randomized_shuffle.jsonl
63791b0386fa323a8f5428f76de252c24815f6083018876e3f6658fe34a0c4de	31661161	output/synthetic_development_launch_package_v1/fixture_rehearsal_4/persisted_inputs/corpus_290003/conditions/sensor_corrupted.jsonl
8ed75ac068f343c0c7c8459a1235dc7b95aaf685975a3d8fb847419d9b57882e	32468182	output/synthetic_development_launch_package_v1/fixture_rehearsal_4/persisted_inputs/corpus_290003/conditions/shift_minus_8.jsonl
fb5f1b409ba0323993b687ea71db94308e94ebcc2879f63f57c96669a48f2cb6	32463097	output/synthetic_development_launch_package_v1/fixture_rehearsal_4/persisted_inputs/corpus_290003/conditions/shift_plus_8.jsonl
78f9ef25ee2962391bec095399d880f1a3adcddd3b05d464c812ea7110803c3f	33746904	output/synthetic_development_launch_package_v1/fixture_rehearsal_4/persisted_inputs/corpus_290003/conditions/synchronized.jsonl
5607a12daf81846a4f8afc03ca9e5bdb4671927314a2ecbd83e5c53e550ecefb	22231420	output/synthetic_development_launch_package_v1/fixture_rehearsal_4/persisted_inputs/corpus_290003/conditions/uninformative.jsonl
fbf4895db31a627833646a626ddf80d63d81ae3cd5b2f91b931a7297b1d1ed7d	217930	output/synthetic_development_launch_package_v1/fixture_rehearsal_4/persisted_inputs/corpus_290003/corpus_audit.json
0c99fdeefe42a7fc5b559fce702a956192a65d71c68f7aee289b995f359d2f6d	154275	output/synthetic_development_launch_package_v1/fixture_rehearsal_4/persisted_inputs/corpus_290003/donor_maps/absent_channel.json
973a5a97ec0d809b1127123ea9de332d7dbbb9fd2b3ecdd18899361edbe046ec	164451	output/synthetic_development_launch_package_v1/fixture_rehearsal_4/persisted_inputs/corpus_290003/donor_maps/randomized_shuffle.json
e9619e67b306ee43bfe4e285a1650b91a684d8ba87ba26e45dbacdf39de7b2da	304755	output/synthetic_development_launch_package_v1/fixture_rehearsal_4/persisted_inputs/corpus_290003/donor_maps/sensor_corrupted.json
9a38b83a49b3065369d97b06928f7ea307a7586b1a23e9cafeac4973b10542fb	304755	output/synthetic_development_launch_package_v1/fixture_rehearsal_4/persisted_inputs/corpus_290003/donor_maps/shift_minus_8.json
4c7e525721566928e2323d9930424336fdc2e0f58adcd2978f1584d419a4a3f7	300963	output/synthetic_development_launch_package_v1/fixture_rehearsal_4/persisted_inputs/corpus_290003/donor_maps/shift_plus_8.json
c08f7bab58f1b4a98b68c112fdcfc9be909bf75a38329b35237c9d1e863878f1	164451	output/synthetic_development_launch_package_v1/fixture_rehearsal_4/persisted_inputs/corpus_290003/donor_maps/synchronized.json
85cd942d33d5d85dc1930f08341022179910ebe204fecdc402147ea6a8eb3f4b	207363	output/synthetic_development_launch_package_v1/fixture_rehearsal_4/persisted_inputs/corpus_290003/donor_maps/uninformative.json
e9d2e0040ab9ee2fa1fbf295639c65fd1201cea2ae471b2c120bb7171194dc01	3581	output/synthetic_development_launch_package_v1/fixture_rehearsal_4/persisted_inputs/corpus_290003/evaluation_keys.jsonl
bc547a36d9b04f7084fbe183d3205d09b8b75f8320e1b54c6093cbfd9ccf2751	23736	output/synthetic_development_launch_package_v1/fixture_rehearsal_4/persisted_inputs/corpus_290003/evaluation_prompts.jsonl
e3b0c44298fc1c149afbf4c8996fb92427ae41e4649b934ca495991b7852b855	0	output/synthetic_development_launch_package_v1/fixture_rehearsal_4/persisted_inputs/corpus_290003/evidence/absent_channel.jsonl
259d8429a5bbacdc916bedec7d66f01977de9777950da8f34dccf5403432743a	1209226	output/synthetic_development_launch_package_v1/fixture_rehearsal_4/persisted_inputs/corpus_290003/evidence/randomized_shuffle.jsonl
6cb973f4d5cc8ddc34ffd644618e4c3fdbb4fdcb6d3123234f355b8e1583c2ad	1273081	output/synthetic_development_launch_package_v1/fixture_rehearsal_4/persisted_inputs/corpus_290003/evidence/sensor_corrupted.jsonl
fa1d7be17696ab819b3a30b87ffa2fe1cc497de48d07eb907fe5248d2657bbd9	1297586	output/synthetic_development_launch_package_v1/fixture_rehearsal_4/persisted_inputs/corpus_290003/evidence/shift_minus_8.jsonl
a98574d3227831d3f6bef7cdac5224070cde017622c17e9bf41b1740062d229d	1301258	output/synthetic_development_launch_package_v1/fixture_rehearsal_4/persisted_inputs/corpus_290003/evidence/shift_plus_8.jsonl
ec5a23a7c2cd74ec1db7cc2a4bebe575437b19c4f141bd3b17338c94a384ce55	1209708	output/synthetic_development_launch_package_v1/fixture_rehearsal_4/persisted_inputs/corpus_290003/evidence/synchronized.jsonl
5352bbd529d1fcfc908f72cf454a01530c7903eb17f8257d4e106f3d5f0faea4	1202592	output/synthetic_development_launch_package_v1/fixture_rehearsal_4/persisted_inputs/corpus_290003/evidence/uninformative.jsonl
e0661acf030a96e6b2f8d4c43de80f31b4d37b988a4ff5bc6a4b8d4c0deb3b73	245	output/synthetic_development_launch_package_v1/fixture_rehearsal_4/persisted_inputs/corpus_290003/lexicon_oracle.json
04c668ad8c0d0e955709fef1d5aa40347e27883458d92f43edeb3baa772a20f2	1941206	output/synthetic_development_launch_package_v1/fixture_rehearsal_4/persisted_inputs/corpus_290003/oracle_episodes.jsonl
78f9ef25ee2962391bec095399d880f1a3adcddd3b05d464c812ea7110803c3f	33746904	output/synthetic_development_launch_package_v1/fixture_rehearsal_4/persisted_inputs/corpus_290003/visible_episodes.jsonl
4010385d636e2fd95ec4cd312a3f67113168956e561c733c326508c869e64247	10105	output/synthetic_development_launch_package_v1/fixture_rehearsal_4/persisted_inputs/input_manifest.json
7d5717b39e60414b0282ddf8eebea52a071e2a0b611010675d7b9baf4312f684	129321	output/synthetic_development_launch_package_v1/fixture_rehearsal_4/recomputable/compute_operation_log.json
56da8b42e9df8e16d41a5a7ee9997dd5feb027ab12eec00461e0d1fce28a3b2f	116685	output/synthetic_development_launch_package_v1/fixture_rehearsal_4/recomputable/control_results.json
4b3bdad80fa4f286fec61a6ba261735025a853ce42eeb6a621840740e0c6feaa	109594	output/synthetic_development_launch_package_v1/fixture_rehearsal_4/recomputable/core_gates.json
834ebe3ffc3cc44bc5cad5e194eff4d7340ad4dcc163fe7f253b309c0a85f8dc	6149	output/synthetic_development_launch_package_v1/fixture_rehearsal_4/recomputable/development_controls.json
2b64f9e886067186276388d07e318cabd8ecc86b08b96b9d57cf7a8052681089	5000	output/synthetic_development_launch_package_v1/fixture_rehearsal_4/recomputable/development_inference.json
9ef612ef339bae8367bc905c91acfb5db4736b4ec8b7fa4cd4d233fe4c2c03be	25685	output/synthetic_development_launch_package_v1/fixture_rehearsal_4/recomputable/factor_audit.json
384d35cd49019ef7934254d4265b87b80d9b0b847086ab65beb7eb3f7a288403	3448281	output/synthetic_development_launch_package_v1/fixture_rehearsal_4/recomputable/factor_results.json
dd290bdc51822a4821b06acabb1dceda637c4480cc5d089deef8e60d40653e2f	342	output/synthetic_development_launch_package_v1/fixture_rehearsal_4/recomputable/leakage_audit.json
710d41dda994e5133cb45c3b90b88131c12db8cbcb9714aff38e70c5a19463b9	411	output/synthetic_development_launch_package_v1/fixture_rehearsal_4/recomputable/learner_numeric_audit.json
33acfeec96ceb67415a7840fbf1fe7ccc8af620a86846dcaae44b6772d53a175	103523	output/synthetic_development_launch_package_v1/fixture_rehearsal_4/recomputable/model_averages.json
1bcdf039ae3e76c1a964016b93db5d06d0eacda6b7aa86a5a8802648e3b7c5cc	2189492	output/synthetic_development_launch_package_v1/fixture_rehearsal_4/recomputable/model_results.json
91ac9b3320bc706509fca4807028741b1ac5413b99d0cb65ef422f41a0b207cc	288367	output/synthetic_development_launch_package_v1/fixture_rehearsal_4/recomputable/null_capacity_audit.json
836fc997b74148af5b7ccc8fb1d3ada4d9042e021240bf4e45edd9e45d218aed	14728	output/synthetic_development_launch_package_v1/fixture_rehearsal_4/recomputable/order_invariance_audit.json
460a7ffa3efa16ecea9206930a2783c3fe04a2afc2d05fd1304aa694de7e3f70	136539	output/synthetic_development_launch_package_v1/fixture_rehearsal_4/seed_operation_log.json
d678f80fceb7b5d5a0be202415621b9c474150142f74943904a1dfb1ca304da1	16272	output/synthetic_development_launch_package_v1/freeze_receipt.json
73b008c17071cb2e027fe5ad6d4bdd9d405b728dc974bff4448bb426234f053f	1524	output/synthetic_development_launch_package_v1/frozen_analysis.json
003a8b4196fddf940911a65bf6aa7cd6ff64d238fae32c635b10f8e01118744a	8150	output/synthetic_development_launch_package_v1/frozen_config_snapshot.yaml
a714f61deaefc347ca62fe3fc9933ce27b0dfa2ac1c39fa6b9bfa14c2eb7de08	797	output/synthetic_development_launch_package_v1/frozen_environment.json
a6156f1f303e68ebc22bbcc41bd5b6fe45518fd9f08e7b76541e0df5b90e6be9	754	output/synthetic_development_launch_package_v1/frozen_output_contract.json
e8ac6f21017ac57ff19e8cedc1013a59834012640c4af8301262d6d452cc98df	957	output/synthetic_development_launch_package_v1/frozen_primary_sources.json
5d997f0d29a7a4a55dd65c5b50a6c2ba864a033516f2291a7ef1112672d87424	5066	output/synthetic_development_launch_package_v1/frozen_protocol_snapshot.md
68bb996feeca9a6c329605b298d07d5b225d59a3a5d6e2abf407350ddcfc4885	1070	output/synthetic_development_launch_package_v1/frozen_qualification_gates.json
beabfa2b4cca99f048889a42cd9bea5f159530065d7ccb27a2ce3777b2df0d1e	7350	output/synthetic_development_launch_package_v1/frozen_seed_registries.json
5f5caa88371c3ab9324ded4afe95eb5428224a772c1f478a21cbb0bf24766986	106	output/synthetic_development_launch_package_v1/frozen_source_snapshot/babyworld_lite/__init__.py
d2a384ba53d8f4043c47828d62539df30aab5233950caa3691a52bdb16164198	110	output/synthetic_development_launch_package_v1/frozen_source_snapshot/babyworld_lite/development_launch_v1/__init__.py
44a03535dc9ad70911c1726d86ed5db8b01b1b1e269ad329ff4762d989439bbe	4962	output/synthetic_development_launch_package_v1/frozen_source_snapshot/babyworld_lite/development_launch_v1/adjudicator.py
089a2371f2799ab9a8752cacd6fa411a3c56afbbbc136da419b1d45677659c99	32467	output/synthetic_development_launch_package_v1/frozen_source_snapshot/babyworld_lite/development_launch_v1/integrity.py
acfaa90271a7356088b66a38cef083fe5c865d8bf47699e7bcb101208e2f9fe0	12848	output/synthetic_development_launch_package_v1/frozen_source_snapshot/babyworld_lite/development_launch_v1/protocol.py
349808987e84083758a7023e039044ff5ab72d85844ebf923d01394a31438d94	10628	output/synthetic_development_launch_package_v1/frozen_source_snapshot/babyworld_lite/development_launch_v1/statistics.py
ac48574f053f46fec33d6b3341e7d6968e25f49cdbe08bcc74fc9c0ac0fa51a8	53295	output/synthetic_development_launch_package_v1/frozen_source_snapshot/babyworld_lite/development_launch_v1/study.py
c57a0e190b8f02bf89a698a272dc0f4fd254a6324cd39ca639165a623e68978c	157	output/synthetic_development_launch_package_v1/frozen_source_snapshot/babyworld_lite/sensor_alignment_v2/__init__.py
6d74817b5bb30b4b265f2ec246b71be432d68ca6f545d50b04a153d77df33b6d	16759	output/synthetic_development_launch_package_v1/frozen_source_snapshot/babyworld_lite/sensor_alignment_v2/detector.py
a66d16f515d275fcd08c1db7293ca9ba50c14e7e60b820bba5d2eca3c8338bd8	16903	output/synthetic_development_launch_package_v1/frozen_source_snapshot/babyworld_lite/sensor_alignment_v2/protocol.py
31aaba45e98455138ba798806497fbc83ab9f02e6843c0364f3378d1056eae1f	46948	output/synthetic_development_launch_package_v1/frozen_source_snapshot/babyworld_lite/sensor_alignment_v2/synthetic.py
e8b18c5acdcaef72f814dc4d07e5c026252aff062315fa796030f84a7a72545c	140	output/synthetic_development_launch_package_v1/frozen_source_snapshot/babyworld_lite/sensor_alignment_v8/__init__.py
d6c378326f676ca5f8ca166c3e746de2eedb99e2d22a34464d02f38dd5d6f373	51021	output/synthetic_development_launch_package_v1/frozen_source_snapshot/babyworld_lite/sensor_alignment_v8/benchmark.py
2099594a925d87d33fca7169fec009dea150573ac3571d32d26393af4692dc4b	4073	output/synthetic_development_launch_package_v1/frozen_source_snapshot/babyworld_lite/sensor_alignment_v8/controls.py
06ed68541aa1e0ab404adfd584385bf35106fc9491e5e474f557440ae89a4f0f	7692	output/synthetic_development_launch_package_v1/frozen_source_snapshot/babyworld_lite/sensor_alignment_v8/detector_runtime.py
442a45d899b9b490a5c2f066dff10df82f79ac374f063fd8950c67e4e6435a0d	34033	output/synthetic_development_launch_package_v1/frozen_source_snapshot/babyworld_lite/sensor_alignment_v8/learner.py
c54ad24a7d12ec409e6a8c043e611d2ea6011d4a43a460dc7587c64155563cd3	12144	output/synthetic_development_launch_package_v1/frozen_source_snapshot/babyworld_lite/sensor_alignment_v8/protocol.py
176eb21e52f6910e22702022a23f31a56d3ccb8cf5b66533cebd35636482ee7e	3544	output/synthetic_development_launch_package_v1/frozen_source_snapshot/configs/synthetic_component_robustness_v3.yaml
003a8b4196fddf940911a65bf6aa7cd6ff64d238fae32c635b10f8e01118744a	8150	output/synthetic_development_launch_package_v1/frozen_source_snapshot/configs/synthetic_development_launch_v1.yaml
5921aa7e70b507b5c5c0a706e508f1ae7da1ab54398f4f96c296b902aa244b18	3273	output/synthetic_development_launch_package_v1/frozen_source_snapshot/configs/synthetic_identifiability_qualification_v5.yaml
5c896116d5fd4cf9efa94d0178989f28f15fc7776fc0d740c3022faf672cf94c	5408	output/synthetic_development_launch_package_v1/frozen_source_snapshot/configs/synthetic_identifiability_qualification_v6.yaml
cb519a936f8d4486fdd7a2f71f199644d266ac855277ad3fef34bc04121bcf34	5407	output/synthetic_development_launch_package_v1/frozen_source_snapshot/configs/synthetic_identifiability_qualification_v7.yaml
066bb65a0b9c86350eeab65143c9115790a66ae4fbacdbb9b30105408ff03557	5561	output/synthetic_development_launch_package_v1/frozen_source_snapshot/configs/synthetic_identifiability_qualification_v8.yaml
4d1aa3bac16f463dfef9081d15c4032cc8206e799b3a68390e1ac6df1c074690	3427	output/synthetic_development_launch_package_v1/frozen_source_snapshot/configs/synthetic_protocol_fidelity_v4.yaml
c1e90423ad197bf97e12f1bb719c92886218c1c4873e55ee849ed62dede30d10	7278	output/synthetic_development_launch_package_v1/frozen_source_snapshot/configs/synthetic_sensor_event_robustness_v2.yaml
19de1000f0eca2250e63e64a87e9691fce70616bf99f0bef7b80a6eb3b0879ef	4534	output/synthetic_development_launch_package_v1/frozen_source_snapshot/configs/synthetic_weak_alignment_recovery_v1.yaml
e808bd30997b1ba6b9178b6ee01843163e6c6e5f142c70e766d0fbed6933ae45	1452	output/synthetic_development_launch_package_v1/frozen_source_snapshot/docs/synthetic_development_launch_v1_limitations.md
e8ac6f21017ac57ff19e8cedc1013a59834012640c4af8301262d6d452cc98df	957	output/synthetic_development_launch_package_v1/frozen_source_snapshot/docs/synthetic_development_launch_v1_primary_sources.json
5d997f0d29a7a4a55dd65c5b50a6c2ba864a033516f2291a7ef1112672d87424	5066	output/synthetic_development_launch_package_v1/frozen_source_snapshot/docs/synthetic_development_launch_v1_protocol.md
c30a4b6a9812b4a8d8d1ab4b406816a9628d49fd72c1669ae08626491c6cc658	3731	output/synthetic_development_launch_package_v1/frozen_source_snapshot/docs/synthetic_development_launch_v1_repair_ledger.json
efb2e89d354f44421a5def1a93e8b9e3f5b1cc1a59f2f882502600b8182d2cf9	994	output/synthetic_development_launch_package_v1/frozen_source_snapshot/docs/synthetic_development_launch_v1_sample_size.md
fe646877a9aa8bc4cf8db3aee40ef2c6fb22b00b4f58a660a8a2d4306e972141	6355	output/synthetic_development_launch_package_v1/frozen_source_snapshot/docs/synthetic_development_launch_v1_traceability.json
f79d74d5f476c40a2e6b549d6ce53fb71a76296741a798eac42cab99a66124a4	935	output/synthetic_development_launch_package_v1/frozen_source_snapshot/output/synthetic_development_launch_package_v1/fixture_rehearsal/failure.json
8f316eee722c5489b4513b4cc52f3fa8a2f905ab00d3bffd38e6f4df8b7b7573	2212	output/synthetic_development_launch_package_v1/frozen_source_snapshot/output/synthetic_development_launch_package_v1/fixture_rehearsal_2/cohort_summary.json
76c9380d2ac1565b4b95823e75952ee01db94bae271c917494a5b121c8335e2a	4628	output/synthetic_development_launch_package_v1/frozen_source_snapshot/output/synthetic_development_launch_package_v1/fixture_rehearsal_2/recomputable/development_inference.json
a232e10d21f3e99b0c2fe822d465cca1872d2311959069cb0261442f09508b9a	2218	output/synthetic_development_launch_package_v1/frozen_source_snapshot/output/synthetic_development_launch_package_v1/fixture_rehearsal_3/cohort_summary.json
76c9380d2ac1565b4b95823e75952ee01db94bae271c917494a5b121c8335e2a	4628	output/synthetic_development_launch_package_v1/frozen_source_snapshot/output/synthetic_development_launch_package_v1/fixture_rehearsal_3/recomputable/development_inference.json
a232e10d21f3e99b0c2fe822d465cca1872d2311959069cb0261442f09508b9a	2218	output/synthetic_development_launch_package_v1/frozen_source_snapshot/output/synthetic_development_launch_package_v1/fixture_rehearsal_4/cohort_summary.json
f688e09bb3a20b2c10fb1388363eb2b82f4b57ee1fe48c272cc53fb431d17808	756	output/synthetic_development_launch_package_v1/frozen_source_snapshot/output/synthetic_development_launch_package_v1/fixture_rehearsal_4/identifier_reference_audit.json
834ebe3ffc3cc44bc5cad5e194eff4d7340ad4dcc163fe7f253b309c0a85f8dc	6149	output/synthetic_development_launch_package_v1/frozen_source_snapshot/output/synthetic_development_launch_package_v1/fixture_rehearsal_4/recomputable/development_controls.json
2b64f9e886067186276388d07e318cabd8ecc86b08b96b9d57cf7a8052681089	5000	output/synthetic_development_launch_package_v1/frozen_source_snapshot/output/synthetic_development_launch_package_v1/fixture_rehearsal_4/recomputable/development_inference.json
082811416c24d4bb2372c5a940dbf729b293cea35277f1e983d33e9debb4abb5	149	output/synthetic_development_launch_package_v1/frozen_source_snapshot/output/synthetic_development_launch_package_v1/outcome_registry.json
7b86abdfd420fd7cc2f34150acc2d4daa03a23cae96115e3d1b0c0e8834bb366	1264	output/synthetic_development_launch_package_v1/frozen_source_snapshot/output/synthetic_identifiability_adversarial_audit_v8/complete_manifest.json
fefb0bfd370b65faa8a03a3e83fe08466cf8f7652d04e30ac3b136a80eec6c9b	28811	output/synthetic_development_launch_package_v1/frozen_source_snapshot/output/synthetic_identifiability_adversarial_audit_v8/run_2.json
f5147cf3a3c9fff6b2111e27201c0fec1fab4ea52581f72acb44919de370ff86	65413	output/synthetic_development_launch_package_v1/frozen_source_snapshot/output/synthetic_identifiability_qualification_v8/complete_file_manifest.json
ae836a172509f6853f8f131b82a6e222f4d72dae034b0770b8c5d066dee23363	1989	output/synthetic_development_launch_package_v1/frozen_source_snapshot/output/synthetic_identifiability_qualification_v8/terminal_decision.json
a487035deba4692728240eb593ba16e1182d9b5959b43d950b60883d1ed08b33	1408	output/synthetic_development_launch_package_v1/frozen_source_snapshot/output/synthetic_sensor_event_robustness_v2/detector/frozen_detector.json
2875d9bca276c69b04979b485d3cf68843b49472e57aafaf7c126f085a61eba7	13955	output/synthetic_development_launch_package_v1/frozen_source_snapshot/scripts/run_synthetic_development_launch_v1.py
27ae29ae2f47b55c838dddef0a5897aa9a487cda625f093b0dab207765795f1c	9821	output/synthetic_development_launch_package_v1/frozen_source_snapshot/snapshot_manifest.json
dcfabd18135bf240338722ca2bc6c14bcd2d3be0ea917eb65e22624342059c30	595	output/synthetic_development_launch_package_v1/frozen_source_snapshot/tests/conftest.py
5e93a631ad7531103e6e49161931e214b18e9874888070bc33cc06c405d8dc73	15086	output/synthetic_development_launch_package_v1/frozen_source_snapshot/tests/test_synthetic_development_launch_v1.py
fe646877a9aa8bc4cf8db3aee40ef2c6fb22b00b4f58a660a8a2d4306e972141	6355	output/synthetic_development_launch_package_v1/frozen_traceability.json
f4c77a3ac16a549c1482dfc9f16a9a877fd1ded2c421148b823464672ad8967d	1795	output/synthetic_development_launch_package_v1/independent_recompute_process.json
63a4da180e796a0e51ff41a47ec5329eb8b067690c30102ec0cad3f4b625f2a3	324	output/synthetic_development_launch_package_v1/negative_recompute_cases/mutated_inputs/cohort_metadata.json
8db3c3beb670ae6ebc338962482e32663c06def4c39aab179bf9400af92ac8fc	18724	output/synthetic_development_launch_package_v1/negative_recompute_cases/mutated_inputs/config.json
9f6e6d8472e7edce5e1742d2cdd1edf7b5b518cf04c1ffbaaacf0962a9f8b396	4223212	output/synthetic_development_launch_package_v1/negative_recompute_cases/mutated_inputs/corpus_290201/conditions/absent_channel.jsonl
cdac3b76922fe6e572f64502ca9f1721da01923b9e3db027edc386a047df22f4	33748838	output/synthetic_development_launch_package_v1/negative_recompute_cases/mutated_inputs/corpus_290201/conditions/randomized_shuffle.jsonl
6d561013c9754960392307444d1e192ea5fb5414ee64096c825e9b89ee188129	31660783	output/synthetic_development_launch_package_v1/negative_recompute_cases/mutated_inputs/corpus_290201/conditions/sensor_corrupted.jsonl
cad7b1e17dc8de2cdf958bc4ba69322acb83f7d20303af4fe2ba106b8800a54c	32468125	output/synthetic_development_launch_package_v1/negative_recompute_cases/mutated_inputs/corpus_290201/conditions/shift_minus_8.jsonl
24ac539be7f3707cee9af45e36611e2fd9fd2b341a717769d387fd90fa5ae9e2	32463280	output/synthetic_development_launch_package_v1/negative_recompute_cases/mutated_inputs/corpus_290201/conditions/shift_plus_8.jsonl
a1e5621e47370916670416d110a6d0452dc4452eecb1bc9d16741afaad36f55d	33748838	output/synthetic_development_launch_package_v1/negative_recompute_cases/mutated_inputs/corpus_290201/conditions/synchronized.jsonl
4319f5ccb247b431af19641d441f13788b7ae6ceff798f1583ae2ddcb2c0de34	22231420	output/synthetic_development_launch_package_v1/negative_recompute_cases/mutated_inputs/corpus_290201/conditions/uninformative.jsonl
fbf4895db31a627833646a626ddf80d63d81ae3cd5b2f91b931a7297b1d1ed7d	217930	output/synthetic_development_launch_package_v1/negative_recompute_cases/mutated_inputs/corpus_290201/corpus_audit.json
70939b8c419689d2ce8083d82f5555a023ca0028747cc445c73f3d05c15667c7	154275	output/synthetic_development_launch_package_v1/negative_recompute_cases/mutated_inputs/corpus_290201/donor_maps/absent_channel.json
0e9ddb758b96c0f072cdb5014051d547368750eb7efcaa618aac09494fc249b9	164451	output/synthetic_development_launch_package_v1/negative_recompute_cases/mutated_inputs/corpus_290201/donor_maps/randomized_shuffle.json
7d5d942060221740c4cc34189279d94abcbbf8140930f3ddde127a5ef24b93e1	304755	output/synthetic_development_launch_package_v1/negative_recompute_cases/mutated_inputs/corpus_290201/donor_maps/sensor_corrupted.json
d280a7267c9fb1a826b61edde054d0c0cac0a4f4007bd0bb066d1ff4da0360c9	304755	output/synthetic_development_launch_package_v1/negative_recompute_cases/mutated_inputs/corpus_290201/donor_maps/shift_minus_8.json
33cb7d04f9dad8a580425306770bbc9d3213a462ec5d46d4532a2f2d86701cca	300963	output/synthetic_development_launch_package_v1/negative_recompute_cases/mutated_inputs/corpus_290201/donor_maps/shift_plus_8.json
7dcf75493ccba1899f45c88d8858055e577073ab2dc9d5aecdc3c32b95b08883	164451	output/synthetic_development_launch_package_v1/negative_recompute_cases/mutated_inputs/corpus_290201/donor_maps/synchronized.json
b79b0f64eb3e8789e983d510751605711db8295e60ee0124a87764feddefad4e	207363	output/synthetic_development_launch_package_v1/negative_recompute_cases/mutated_inputs/corpus_290201/donor_maps/uninformative.json
c492a05fdb2caf16b9ed5784bba526a7425139cd303188e092408f74588080df	3581	output/synthetic_development_launch_package_v1/negative_recompute_cases/mutated_inputs/corpus_290201/evaluation_keys.jsonl
3e77489f1e2ac7f99821371ee94acd8f119c7cb6810f4efada96eaa22f3e0292	23736	output/synthetic_development_launch_package_v1/negative_recompute_cases/mutated_inputs/corpus_290201/evaluation_prompts.jsonl
e3b0c44298fc1c149afbf4c8996fb92427ae41e4649b934ca495991b7852b855	0	output/synthetic_development_launch_package_v1/negative_recompute_cases/mutated_inputs/corpus_290201/evidence/absent_channel.jsonl
b81abcbfdb48f9e0b7dbadbc90ebb4e31fa62447b3347572d4d63b91188676af	1209584	output/synthetic_development_launch_package_v1/negative_recompute_cases/mutated_inputs/corpus_290201/evidence/randomized_shuffle.jsonl
38a15c9601d45d5e82f9a2c4d7589b431f498421574fe241f3f39dafbc730a3e	1272904	output/synthetic_development_launch_package_v1/negative_recompute_cases/mutated_inputs/corpus_290201/evidence/sensor_corrupted.jsonl
88674429119e9dae6c3247a69c533a4ce9f56bb282f0b29b9e0b4f2e9f58bc62	1297717	output/synthetic_development_launch_package_v1/negative_recompute_cases/mutated_inputs/corpus_290201/evidence/shift_minus_8.jsonl
934b7d507eb9bca57ed276c78c2083b317cc2759f1c3709c98397751e2ae1889	1301398	output/synthetic_development_launch_package_v1/negative_recompute_cases/mutated_inputs/corpus_290201/evidence/shift_plus_8.jsonl
14458c628eb2646d97f1640591600a5a8df5cc2fc11534fc9d5377101db87831	1209840	output/synthetic_development_launch_package_v1/negative_recompute_cases/mutated_inputs/corpus_290201/evidence/synchronized.jsonl
efb6675d9c685415953e7b2a77ddbe899cbc4dc0823e8dfd0a75b4d0c1cdff66	1202592	output/synthetic_development_launch_package_v1/negative_recompute_cases/mutated_inputs/corpus_290201/evidence/uninformative.jsonl
bb60f21716a74586cd80e653a53277f3baccc85d0aaee4e32b00b04b8f84a747	245	output/synthetic_development_launch_package_v1/negative_recompute_cases/mutated_inputs/corpus_290201/lexicon_oracle.json
cefc8f6d3e112834e30e26d560070bf53073744515926a82b147cf289cc4db01	1941206	output/synthetic_development_launch_package_v1/negative_recompute_cases/mutated_inputs/corpus_290201/oracle_episodes.jsonl
a1e5621e47370916670416d110a6d0452dc4452eecb1bc9d16741afaad36f55d	33748838	output/synthetic_development_launch_package_v1/negative_recompute_cases/mutated_inputs/corpus_290201/visible_episodes.jsonl
713d5b71c87d3c002516ecb7c484ace34f8528f33ac1857d2610a7d137c50238	4223212	output/synthetic_development_launch_package_v1/negative_recompute_cases/mutated_inputs/corpus_290203/conditions/absent_channel.jsonl
aad218a605d67c495a2c0a9b4cc49ace77db2b4a24cf0a827f313ce274d30df2	33746719	output/synthetic_development_launch_package_v1/negative_recompute_cases/mutated_inputs/corpus_290203/conditions/randomized_shuffle.jsonl
f1e3c1bd6576679a7b2cc7510e69c86d545696cea4ffe5621ba2cceee6459926	31656114	output/synthetic_development_launch_package_v1/negative_recompute_cases/mutated_inputs/corpus_290203/conditions/sensor_corrupted.jsonl
ef737ba97286b36d673be9dade8566665caba3413c3e6ff59fa0014796c9082c	32469249	output/synthetic_development_launch_package_v1/negative_recompute_cases/mutated_inputs/corpus_290203/conditions/shift_minus_8.jsonl
fd50dd56243be89e1de322310a73efc41231790892837c2dbc7a4a56e0f15b1e	32458408	output/synthetic_development_launch_package_v1/negative_recompute_cases/mutated_inputs/corpus_290203/conditions/shift_plus_8.jsonl
bebd539532b053d7814b000b2d35d664d255a0bed04940861cce36ffa2b13c09	33746719	output/synthetic_development_launch_package_v1/negative_recompute_cases/mutated_inputs/corpus_290203/conditions/synchronized.jsonl
7c9b4c08ab2babbcf69f972ef79c59d8f3822c0533b228eab3b89e8a88257db4	22231420	output/synthetic_development_launch_package_v1/negative_recompute_cases/mutated_inputs/corpus_290203/conditions/uninformative.jsonl
fbf4895db31a627833646a626ddf80d63d81ae3cd5b2f91b931a7297b1d1ed7d	217930	output/synthetic_development_launch_package_v1/negative_recompute_cases/mutated_inputs/corpus_290203/corpus_audit.json
a356f5f4830af05d2fbf2fcbef6dd364d2e480c23e244af3d8fa6ecc69ab8506	154275	output/synthetic_development_launch_package_v1/negative_recompute_cases/mutated_inputs/corpus_290203/donor_maps/absent_channel.json
48a3bc0547630ec84394a2913f3267733e612107c054ea6cdbddeed6db96cce5	164451	output/synthetic_development_launch_package_v1/negative_recompute_cases/mutated_inputs/corpus_290203/donor_maps/randomized_shuffle.json
06b7424e9bab07496b249c7589e458b4027c8412714c1dd09e526b82e94cafb7	304755	output/synthetic_development_launch_package_v1/negative_recompute_cases/mutated_inputs/corpus_290203/donor_maps/sensor_corrupted.json
307b6615a16cd983c1642dd8678e5e666082769e87ba62857918c3c87e50ef20	304755	output/synthetic_development_launch_package_v1/negative_recompute_cases/mutated_inputs/corpus_290203/donor_maps/shift_minus_8.json
f493fc998982ff117566b7f65052ef427d64481f5eeab401101894c88ef7be5a	300963	output/synthetic_development_launch_package_v1/negative_recompute_cases/mutated_inputs/corpus_290203/donor_maps/shift_plus_8.json
cb4e41891025b3a70bd67fefe7b13052e68cb5216edc697d667832058f798048	164451	output/synthetic_development_launch_package_v1/negative_recompute_cases/mutated_inputs/corpus_290203/donor_maps/synchronized.json
999be43d2d2004047d06e6f66586e64fdd15b48008f92f6ac67d3dca6ad70485	207363	output/synthetic_development_launch_package_v1/negative_recompute_cases/mutated_inputs/corpus_290203/donor_maps/uninformative.json
5727e7435d02ba4bf0a5ec403755281e5bb1ccadc4bf7f7de30dcf784d437cea	3581	output/synthetic_development_launch_package_v1/negative_recompute_cases/mutated_inputs/corpus_290203/evaluation_keys.jsonl
a4f58eb5aa52cde10955be8f40b8077cd08dd26debfab723716ae1307e5b55e7	23736	output/synthetic_development_launch_package_v1/negative_recompute_cases/mutated_inputs/corpus_290203/evaluation_prompts.jsonl
e3b0c44298fc1c149afbf4c8996fb92427ae41e4649b934ca495991b7852b855	0	output/synthetic_development_launch_package_v1/negative_recompute_cases/mutated_inputs/corpus_290203/evidence/absent_channel.jsonl
0d7a0b75c020b7dc3f7092522c71eca8e1e6e6a59221f25c2a3519272293d1b3	1209337	output/synthetic_development_launch_package_v1/negative_recompute_cases/mutated_inputs/corpus_290203/evidence/randomized_shuffle.jsonl
15fc4bb5033f9a01b45dd42f1211980382be98fbedee109c0fbcb13e1ef384eb	1273070	output/synthetic_development_launch_package_v1/negative_recompute_cases/mutated_inputs/corpus_290203/evidence/sensor_corrupted.jsonl
eed0f455f38ad695e3290e8273c62269088f2c62be53b4c61f5a2904342c9ba9	1297473	output/synthetic_development_launch_package_v1/negative_recompute_cases/mutated_inputs/corpus_290203/evidence/shift_minus_8.jsonl
fb52806d97f1e3312c596fcae33396f653e2dafdc69ff079df1d36e75e5a3add	1301577	output/synthetic_development_launch_package_v1/negative_recompute_cases/mutated_inputs/corpus_290203/evidence/shift_plus_8.jsonl
140c6a484d08b8c3754236dab83932a6c4a4de6acbf9f4e4ba5db38168ba26a9	1209592	output/synthetic_development_launch_package_v1/negative_recompute_cases/mutated_inputs/corpus_290203/evidence/synchronized.jsonl
c2164bb520f20d9d7661877d606ca07d2d5abbab81bdc8364ea22b08ab6d6207	1202592	output/synthetic_development_launch_package_v1/negative_recompute_cases/mutated_inputs/corpus_290203/evidence/uninformative.jsonl
fc4c7c52052f1ecb145e807fa5f83b1ec550dec2902946bda13bb5d1264c7bc1	245	output/synthetic_development_launch_package_v1/negative_recompute_cases/mutated_inputs/corpus_290203/lexicon_oracle.json
c3888a42c87cd3d396fa9361a99b248db6c436c27abd3295767bea99dc99d5ab	1941206	output/synthetic_development_launch_package_v1/negative_recompute_cases/mutated_inputs/corpus_290203/oracle_episodes.jsonl
bebd539532b053d7814b000b2d35d664d255a0bed04940861cce36ffa2b13c09	33746719	output/synthetic_development_launch_package_v1/negative_recompute_cases/mutated_inputs/corpus_290203/visible_episodes.jsonl
39354f5fd1c5b750ada0b3f5fd1d5ef8498cc9b9549f7df535145054ff733b65	4223212	output/synthetic_development_launch_package_v1/negative_recompute_cases/mutated_inputs/corpus_290205/conditions/absent_channel.jsonl
b0234550b2a058f418cb225453ee3c86f5901649295c4debed38d61ec404ef5e	33747584	output/synthetic_development_launch_package_v1/negative_recompute_cases/mutated_inputs/corpus_290205/conditions/randomized_shuffle.jsonl
101376bba5c633cd683e27928501c3635fd2eddb166a5b3baaf2fc02643f352f	31661414	output/synthetic_development_launch_package_v1/negative_recompute_cases/mutated_inputs/corpus_290205/conditions/sensor_corrupted.jsonl
6ae0acc175053a1de4f9e355d20a5e4b7d3560231c0f4d2be6aafe85395150ac	32464870	output/synthetic_development_launch_package_v1/negative_recompute_cases/mutated_inputs/corpus_290205/conditions/shift_minus_8.jsonl
e9e54b5727840b55bd560e9ee9819ed9ec5490b3819c7090e8a8226ab6d3bb70	32460796	output/synthetic_development_launch_package_v1/negative_recompute_cases/mutated_inputs/corpus_290205/conditions/shift_plus_8.jsonl
fbd7acbc0df6d41c10ea26a1f73149372ee444f2aedcd877b1b44466ded4786f	33747584	output/synthetic_development_launch_package_v1/negative_recompute_cases/mutated_inputs/corpus_290205/conditions/synchronized.jsonl
ca523dcffede11fd82d527a2893630c590b3693699d04489669b56adc8392aea	22231420	output/synthetic_development_launch_package_v1/negative_recompute_cases/mutated_inputs/corpus_290205/conditions/uninformative.jsonl
fbf4895db31a627833646a626ddf80d63d81ae3cd5b2f91b931a7297b1d1ed7d	217930	output/synthetic_development_launch_package_v1/negative_recompute_cases/mutated_inputs/corpus_290205/corpus_audit.json
0a9d41b64969fe34191a9b9373ed0f92c5e38534e5c6c6228e0e34c20f782fe7	154275	output/synthetic_development_launch_package_v1/negative_recompute_cases/mutated_inputs/corpus_290205/donor_maps/absent_channel.json
8670282ad0907d789f270b42adf3c8831f320e8b052cc48877f2d4af7c6fa77d	164451	output/synthetic_development_launch_package_v1/negative_recompute_cases/mutated_inputs/corpus_290205/donor_maps/randomized_shuffle.json
7c6f4f3daf35ddc3c32ed23c3bd6b0be64867a29c385dcdfd8136337fbae245c	304755	output/synthetic_development_launch_package_v1/negative_recompute_cases/mutated_inputs/corpus_290205/donor_maps/sensor_corrupted.json
599819150c5b74c7e87646902a325b74806684839a872abe82346a510ae2f06e	304755	output/synthetic_development_launch_package_v1/negative_recompute_cases/mutated_inputs/corpus_290205/donor_maps/shift_minus_8.json
a2f3cc06b8f0143bc59b1f3f43c37ab2b336902d8d1853240a1bc97348eb19cc	300963	output/synthetic_development_launch_package_v1/negative_recompute_cases/mutated_inputs/corpus_290205/donor_maps/shift_plus_8.json
11a512b316712d46d9359da2b231a263682175bedae99dbbabec62ac5d77d8ac	164451	output/synthetic_development_launch_package_v1/negative_recompute_cases/mutated_inputs/corpus_290205/donor_maps/synchronized.json
45a03dc76a7aea784b3e37a127e1f9f7bb89fa8327d20e0a0b22cefeac31aa5a	207363	output/synthetic_development_launch_package_v1/negative_recompute_cases/mutated_inputs/corpus_290205/donor_maps/uninformative.json
648ca92759676d42e190e1aae3975a065ed1a9aacaab94a7cd2332c1c07d05da	3581	output/synthetic_development_launch_package_v1/negative_recompute_cases/mutated_inputs/corpus_290205/evaluation_keys.jsonl
cffdc609da94a16ae4120849eb5d02bcda11511d5ee32b23fe45c1a6d807e622	23736	output/synthetic_development_launch_package_v1/negative_recompute_cases/mutated_inputs/corpus_290205/evaluation_prompts.jsonl
e3b0c44298fc1c149afbf4c8996fb92427ae41e4649b934ca495991b7852b855	0	output/synthetic_development_launch_package_v1/negative_recompute_cases/mutated_inputs/corpus_290205/evidence/absent_channel.jsonl
6a0fc3e01e4a1838afd578f8e443e477729e821cfa78ababf6c155df465e26ed	1209569	output/synthetic_development_launch_package_v1/negative_recompute_cases/mutated_inputs/corpus_290205/evidence/randomized_shuffle.jsonl
7bd8872b492435b37fbd77c621393fcc4f617ddbbf7bc86105a898b1ed1c8820	1273749	output/synthetic_development_launch_package_v1/negative_recompute_cases/mutated_inputs/corpus_290205/evidence/sensor_corrupted.jsonl
cefc5a04cb0732af5bb4b76ad81b965af936cff4c27a48b0bb7802c8f62be23f	1297768	output/synthetic_development_launch_package_v1/negative_recompute_cases/mutated_inputs/corpus_290205/evidence/shift_minus_8.jsonl
1dc30f731c4a83f9914c404533aa3a55afd53e96ad0ff9a70acbbe965f2e1aeb	1301116	output/synthetic_development_launch_package_v1/negative_recompute_cases/mutated_inputs/corpus_290205/evidence/shift_plus_8.jsonl
caa77bfc248dee2097b28822db6172eb6710658950e628cef093433ebc831440	1209854	output/synthetic_development_launch_package_v1/negative_recompute_cases/mutated_inputs/corpus_290205/evidence/synchronized.jsonl
fcaf3154bbdbacbd409c2e923b522281b5f3d679a5928b917f48a7b102f783f7	1202592	output/synthetic_development_launch_package_v1/negative_recompute_cases/mutated_inputs/corpus_290205/evidence/uninformative.jsonl
9b33bfafd054be1044872d76b9d73c08695b050cd1e2adcefac3df0a2103d4e7	245	output/synthetic_development_launch_package_v1/negative_recompute_cases/mutated_inputs/corpus_290205/lexicon_oracle.json
73a49ac630fc6bf77d3f1bfef452157095915143a8c944d4b61e150e30ec24e5	1941206	output/synthetic_development_launch_package_v1/negative_recompute_cases/mutated_inputs/corpus_290205/oracle_episodes.jsonl
fbd7acbc0df6d41c10ea26a1f73149372ee444f2aedcd877b1b44466ded4786f	33747584	output/synthetic_development_launch_package_v1/negative_recompute_cases/mutated_inputs/corpus_290205/visible_episodes.jsonl
bc5d227412f2bc9af0608044732bcea098be1799ec6f4460dbc25ec5cacd9215	4223212	output/synthetic_development_launch_package_v1/negative_recompute_cases/mutated_inputs/corpus_290207/conditions/absent_channel.jsonl
9cf395a09d3f8d91e9e93f0c4158f086d57646fbc1769194a839b720b18d6253	33747028	output/synthetic_development_launch_package_v1/negative_recompute_cases/mutated_inputs/corpus_290207/conditions/randomized_shuffle.jsonl
165cf1e04e03544d67de8d761d98d52b4d5869e828b0d16d2f7dcefa91ae8a58	31657326	output/synthetic_development_launch_package_v1/negative_recompute_cases/mutated_inputs/corpus_290207/conditions/sensor_corrupted.jsonl
f2da28e84add4aee305cf3f052c02cd89adfd60411e1a1f6bee51f8f2bae4997	32464950	output/synthetic_development_launch_package_v1/negative_recompute_cases/mutated_inputs/corpus_290207/conditions/shift_minus_8.jsonl
23e536a36f2137b74a74c19a8830d3924423c75a6ed30abc2ca69ae932cbce23	32459438	output/synthetic_development_launch_package_v1/negative_recompute_cases/mutated_inputs/corpus_290207/conditions/shift_plus_8.jsonl
a4ed66eedefde62d7adf1bdd71810355c9b53281008d82c4877f7ffce7f456c4	33747029	output/synthetic_development_launch_package_v1/negative_recompute_cases/mutated_inputs/corpus_290207/conditions/synchronized.jsonl
1cd4e14f59a0652ffa3751716fb3efda6064cfbccad553b609791f78bf079817	22231420	output/synthetic_development_launch_package_v1/negative_recompute_cases/mutated_inputs/corpus_290207/conditions/uninformative.jsonl
fbf4895db31a627833646a626ddf80d63d81ae3cd5b2f91b931a7297b1d1ed7d	217930	output/synthetic_development_launch_package_v1/negative_recompute_cases/mutated_inputs/corpus_290207/corpus_audit.json
dd58b0149a2f3ec2fccfaaea285ec631c39fa0a9883c48e64eca4bc867cecc23	154275	output/synthetic_development_launch_package_v1/negative_recompute_cases/mutated_inputs/corpus_290207/donor_maps/absent_channel.json
1491a298f88b771ee3ebda16694dfb6b01626300f7d90399e4bc8e4d57a0a951	164451	output/synthetic_development_launch_package_v1/negative_recompute_cases/mutated_inputs/corpus_290207/donor_maps/randomized_shuffle.json
17cbe1f5b20859a51b0ba05b51f5efcea36df3a2e8e087ea457e5680691eb6ca	304755	output/synthetic_development_launch_package_v1/negative_recompute_cases/mutated_inputs/corpus_290207/donor_maps/sensor_corrupted.json
ea9457540d36f8853e45879b01c574e7790827dc85ea523f3fea0b17ffe2310f	304755	output/synthetic_development_launch_package_v1/negative_recompute_cases/mutated_inputs/corpus_290207/donor_maps/shift_minus_8.json
07dbc09d1f086b9292e59b51a447cc94f9108317d11c11396a055f4a9552cabd	300963	output/synthetic_development_launch_package_v1/negative_recompute_cases/mutated_inputs/corpus_290207/donor_maps/shift_plus_8.json
4bcb5dd4fe0b9df014b07e28d8f5c2005c6c5a0037c865b2c9a9938e5d14fc6b	164451	output/synthetic_development_launch_package_v1/negative_recompute_cases/mutated_inputs/corpus_290207/donor_maps/synchronized.json
1f66b5a6a236771f13d46a8b391a476133cee6ab4de1c64b99bca53ed4aca42f	207363	output/synthetic_development_launch_package_v1/negative_recompute_cases/mutated_inputs/corpus_290207/donor_maps/uninformative.json
734ae2b25b33a44ba2ed5e475c48730ee3dcdc543ce7bd6449038acc701fd332	3581	output/synthetic_development_launch_package_v1/negative_recompute_cases/mutated_inputs/corpus_290207/evaluation_keys.jsonl
178714b18e6a103d88ce225505e9c55a4c0bfcda4ae0618db0466f8a7697c628	23736	output/synthetic_development_launch_package_v1/negative_recompute_cases/mutated_inputs/corpus_290207/evaluation_prompts.jsonl
e3b0c44298fc1c149afbf4c8996fb92427ae41e4649b934ca495991b7852b855	0	output/synthetic_development_launch_package_v1/negative_recompute_cases/mutated_inputs/corpus_290207/evidence/absent_channel.jsonl
d990030d132886815cf492ab5a896a5e7b3713546eb3c2c0eb0097914dbf3f77	1209424	output/synthetic_development_launch_package_v1/negative_recompute_cases/mutated_inputs/corpus_290207/evidence/randomized_shuffle.jsonl
635b5bcc7baa5b7f0c0af9e2d802fdced000b584d9cb8cc9669c58f80306623a	1273436	output/synthetic_development_launch_package_v1/negative_recompute_cases/mutated_inputs/corpus_290207/evidence/sensor_corrupted.jsonl
6efd3dcc8d7c07592a6b2ba5997c5e8fbe2c0c3720ea0d1380c8e3109db73f7c	1297248	output/synthetic_development_launch_package_v1/negative_recompute_cases/mutated_inputs/corpus_290207/evidence/shift_minus_8.jsonl
ffca17aedbc2381174db2ef0e7364905387803edec40e616456e4986bf6655f0	1301423	output/synthetic_development_launch_package_v1/negative_recompute_cases/mutated_inputs/corpus_290207/evidence/shift_plus_8.jsonl
8891512c608df5caa2133e08f7157d878b84553f90111bf9b6201606629ee301	1209898	output/synthetic_development_launch_package_v1/negative_recompute_cases/mutated_inputs/corpus_290207/evidence/synchronized.jsonl
a44ebd44f219567100a388480c148e3239457f30bdf7670724981b8a973350ac	1202592	output/synthetic_development_launch_package_v1/negative_recompute_cases/mutated_inputs/corpus_290207/evidence/uninformative.jsonl
cf40c6d5e1c212c82d805388078fec369af4360ba2d77fa4a0857f5449c3dd35	245	output/synthetic_development_launch_package_v1/negative_recompute_cases/mutated_inputs/corpus_290207/lexicon_oracle.json
3d33d4fc5922b2db664a386446eb14fe3fcf86341947463d24870de909efea8d	1941206	output/synthetic_development_launch_package_v1/negative_recompute_cases/mutated_inputs/corpus_290207/oracle_episodes.jsonl
1520d1d24cc5c7fd8eaf385c1584a330d45b52ecb2826b3f0aec70b12f907df9	33747028	output/synthetic_development_launch_package_v1/negative_recompute_cases/mutated_inputs/corpus_290207/visible_episodes.jsonl
9a18f56a8e536c12cf4c331b74c518eacd9a165e9228c7b41325aec01ac115ac	19790	output/synthetic_development_launch_package_v1/negative_recompute_cases/mutated_inputs/input_manifest.json
5f5caa88371c3ab9324ded4afe95eb5428224a772c1f478a21cbb0bf24766986	106	output/synthetic_development_launch_package_v1/negative_recompute_cases/mutated_snapshot/babyworld_lite/__init__.py
755dc06bb58b81bf2a10782cddba43a493294d1624482890da0162c522175bfd	130	output/synthetic_development_launch_package_v1/negative_recompute_cases/mutated_snapshot/babyworld_lite/development_launch_v1/__init__.py
44a03535dc9ad70911c1726d86ed5db8b01b1b1e269ad329ff4762d989439bbe	4962	output/synthetic_development_launch_package_v1/negative_recompute_cases/mutated_snapshot/babyworld_lite/development_launch_v1/adjudicator.py
089a2371f2799ab9a8752cacd6fa411a3c56afbbbc136da419b1d45677659c99	32467	output/synthetic_development_launch_package_v1/negative_recompute_cases/mutated_snapshot/babyworld_lite/development_launch_v1/integrity.py
acfaa90271a7356088b66a38cef083fe5c865d8bf47699e7bcb101208e2f9fe0	12848	output/synthetic_development_launch_package_v1/negative_recompute_cases/mutated_snapshot/babyworld_lite/development_launch_v1/protocol.py
349808987e84083758a7023e039044ff5ab72d85844ebf923d01394a31438d94	10628	output/synthetic_development_launch_package_v1/negative_recompute_cases/mutated_snapshot/babyworld_lite/development_launch_v1/statistics.py
ac48574f053f46fec33d6b3341e7d6968e25f49cdbe08bcc74fc9c0ac0fa51a8	53295	output/synthetic_development_launch_package_v1/negative_recompute_cases/mutated_snapshot/babyworld_lite/development_launch_v1/study.py
c57a0e190b8f02bf89a698a272dc0f4fd254a6324cd39ca639165a623e68978c	157	output/synthetic_development_launch_package_v1/negative_recompute_cases/mutated_snapshot/babyworld_lite/sensor_alignment_v2/__init__.py
6d74817b5bb30b4b265f2ec246b71be432d68ca6f545d50b04a153d77df33b6d	16759	output/synthetic_development_launch_package_v1/negative_recompute_cases/mutated_snapshot/babyworld_lite/sensor_alignment_v2/detector.py
a66d16f515d275fcd08c1db7293ca9ba50c14e7e60b820bba5d2eca3c8338bd8	16903	output/synthetic_development_launch_package_v1/negative_recompute_cases/mutated_snapshot/babyworld_lite/sensor_alignment_v2/protocol.py
31aaba45e98455138ba798806497fbc83ab9f02e6843c0364f3378d1056eae1f	46948	output/synthetic_development_launch_package_v1/negative_recompute_cases/mutated_snapshot/babyworld_lite/sensor_alignment_v2/synthetic.py
e8b18c5acdcaef72f814dc4d07e5c026252aff062315fa796030f84a7a72545c	140	output/synthetic_development_launch_package_v1/negative_recompute_cases/mutated_snapshot/babyworld_lite/sensor_alignment_v8/__init__.py
d6c378326f676ca5f8ca166c3e746de2eedb99e2d22a34464d02f38dd5d6f373	51021	output/synthetic_development_launch_package_v1/negative_recompute_cases/mutated_snapshot/babyworld_lite/sensor_alignment_v8/benchmark.py
2099594a925d87d33fca7169fec009dea150573ac3571d32d26393af4692dc4b	4073	output/synthetic_development_launch_package_v1/negative_recompute_cases/mutated_snapshot/babyworld_lite/sensor_alignment_v8/controls.py
06ed68541aa1e0ab404adfd584385bf35106fc9491e5e474f557440ae89a4f0f	7692	output/synthetic_development_launch_package_v1/negative_recompute_cases/mutated_snapshot/babyworld_lite/sensor_alignment_v8/detector_runtime.py
442a45d899b9b490a5c2f066dff10df82f79ac374f063fd8950c67e4e6435a0d	34033	output/synthetic_development_launch_package_v1/negative_recompute_cases/mutated_snapshot/babyworld_lite/sensor_alignment_v8/learner.py
c54ad24a7d12ec409e6a8c043e611d2ea6011d4a43a460dc7587c64155563cd3	12144	output/synthetic_development_launch_package_v1/negative_recompute_cases/mutated_snapshot/babyworld_lite/sensor_alignment_v8/protocol.py
176eb21e52f6910e22702022a23f31a56d3ccb8cf5b66533cebd35636482ee7e	3544	output/synthetic_development_launch_package_v1/negative_recompute_cases/mutated_snapshot/configs/synthetic_component_robustness_v3.yaml
003a8b4196fddf940911a65bf6aa7cd6ff64d238fae32c635b10f8e01118744a	8150	output/synthetic_development_launch_package_v1/negative_recompute_cases/mutated_snapshot/configs/synthetic_development_launch_v1.yaml
5921aa7e70b507b5c5c0a706e508f1ae7da1ab54398f4f96c296b902aa244b18	3273	output/synthetic_development_launch_package_v1/negative_recompute_cases/mutated_snapshot/configs/synthetic_identifiability_qualification_v5.yaml
5c896116d5fd4cf9efa94d0178989f28f15fc7776fc0d740c3022faf672cf94c	5408	output/synthetic_development_launch_package_v1/negative_recompute_cases/mutated_snapshot/configs/synthetic_identifiability_qualification_v6.yaml
cb519a936f8d4486fdd7a2f71f199644d266ac855277ad3fef34bc04121bcf34	5407	output/synthetic_development_launch_package_v1/negative_recompute_cases/mutated_snapshot/configs/synthetic_identifiability_qualification_v7.yaml
066bb65a0b9c86350eeab65143c9115790a66ae4fbacdbb9b30105408ff03557	5561	output/synthetic_development_launch_package_v1/negative_recompute_cases/mutated_snapshot/configs/synthetic_identifiability_qualification_v8.yaml
4d1aa3bac16f463dfef9081d15c4032cc8206e799b3a68390e1ac6df1c074690	3427	output/synthetic_development_launch_package_v1/negative_recompute_cases/mutated_snapshot/configs/synthetic_protocol_fidelity_v4.yaml
c1e90423ad197bf97e12f1bb719c92886218c1c4873e55ee849ed62dede30d10	7278	output/synthetic_development_launch_package_v1/negative_recompute_cases/mutated_snapshot/configs/synthetic_sensor_event_robustness_v2.yaml
19de1000f0eca2250e63e64a87e9691fce70616bf99f0bef7b80a6eb3b0879ef	4534	output/synthetic_development_launch_package_v1/negative_recompute_cases/mutated_snapshot/configs/synthetic_weak_alignment_recovery_v1.yaml
e808bd30997b1ba6b9178b6ee01843163e6c6e5f142c70e766d0fbed6933ae45	1452	output/synthetic_development_launch_package_v1/negative_recompute_cases/mutated_snapshot/docs/synthetic_development_launch_v1_limitations.md
e8ac6f21017ac57ff19e8cedc1013a59834012640c4af8301262d6d452cc98df	957	output/synthetic_development_launch_package_v1/negative_recompute_cases/mutated_snapshot/docs/synthetic_development_launch_v1_primary_sources.json
5d997f0d29a7a4a55dd65c5b50a6c2ba864a033516f2291a7ef1112672d87424	5066	output/synthetic_development_launch_package_v1/negative_recompute_cases/mutated_snapshot/docs/synthetic_development_launch_v1_protocol.md
c30a4b6a9812b4a8d8d1ab4b406816a9628d49fd72c1669ae08626491c6cc658	3731	output/synthetic_development_launch_package_v1/negative_recompute_cases/mutated_snapshot/docs/synthetic_development_launch_v1_repair_ledger.json
efb2e89d354f44421a5def1a93e8b9e3f5b1cc1a59f2f882502600b8182d2cf9	994	output/synthetic_development_launch_package_v1/negative_recompute_cases/mutated_snapshot/docs/synthetic_development_launch_v1_sample_size.md
fe646877a9aa8bc4cf8db3aee40ef2c6fb22b00b4f58a660a8a2d4306e972141	6355	output/synthetic_development_launch_package_v1/negative_recompute_cases/mutated_snapshot/docs/synthetic_development_launch_v1_traceability.json
f79d74d5f476c40a2e6b549d6ce53fb71a76296741a798eac42cab99a66124a4	935	output/synthetic_development_launch_package_v1/negative_recompute_cases/mutated_snapshot/output/synthetic_development_launch_package_v1/fixture_rehearsal/failure.json
8f316eee722c5489b4513b4cc52f3fa8a2f905ab00d3bffd38e6f4df8b7b7573	2212	output/synthetic_development_launch_package_v1/negative_recompute_cases/mutated_snapshot/output/synthetic_development_launch_package_v1/fixture_rehearsal_2/cohort_summary.json
76c9380d2ac1565b4b95823e75952ee01db94bae271c917494a5b121c8335e2a	4628	output/synthetic_development_launch_package_v1/negative_recompute_cases/mutated_snapshot/output/synthetic_development_launch_package_v1/fixture_rehearsal_2/recomputable/development_inference.json
a232e10d21f3e99b0c2fe822d465cca1872d2311959069cb0261442f09508b9a	2218	output/synthetic_development_launch_package_v1/negative_recompute_cases/mutated_snapshot/output/synthetic_development_launch_package_v1/fixture_rehearsal_3/cohort_summary.json
76c9380d2ac1565b4b95823e75952ee01db94bae271c917494a5b121c8335e2a	4628	output/synthetic_development_launch_package_v1/negative_recompute_cases/mutated_snapshot/output/synthetic_development_launch_package_v1/fixture_rehearsal_3/recomputable/development_inference.json
a232e10d21f3e99b0c2fe822d465cca1872d2311959069cb0261442f09508b9a	2218	output/synthetic_development_launch_package_v1/negative_recompute_cases/mutated_snapshot/output/synthetic_development_launch_package_v1/fixture_rehearsal_4/cohort_summary.json
f688e09bb3a20b2c10fb1388363eb2b82f4b57ee1fe48c272cc53fb431d17808	756	output/synthetic_development_launch_package_v1/negative_recompute_cases/mutated_snapshot/output/synthetic_development_launch_package_v1/fixture_rehearsal_4/identifier_reference_audit.json
834ebe3ffc3cc44bc5cad5e194eff4d7340ad4dcc163fe7f253b309c0a85f8dc	6149	output/synthetic_development_launch_package_v1/negative_recompute_cases/mutated_snapshot/output/synthetic_development_launch_package_v1/fixture_rehearsal_4/recomputable/development_controls.json
2b64f9e886067186276388d07e318cabd8ecc86b08b96b9d57cf7a8052681089	5000	output/synthetic_development_launch_package_v1/negative_recompute_cases/mutated_snapshot/output/synthetic_development_launch_package_v1/fixture_rehearsal_4/recomputable/development_inference.json
082811416c24d4bb2372c5a940dbf729b293cea35277f1e983d33e9debb4abb5	149	output/synthetic_development_launch_package_v1/negative_recompute_cases/mutated_snapshot/output/synthetic_development_launch_package_v1/outcome_registry.json
7b86abdfd420fd7cc2f34150acc2d4daa03a23cae96115e3d1b0c0e8834bb366	1264	output/synthetic_development_launch_package_v1/negative_recompute_cases/mutated_snapshot/output/synthetic_identifiability_adversarial_audit_v8/complete_manifest.json
fefb0bfd370b65faa8a03a3e83fe08466cf8f7652d04e30ac3b136a80eec6c9b	28811	output/synthetic_development_launch_package_v1/negative_recompute_cases/mutated_snapshot/output/synthetic_identifiability_adversarial_audit_v8/run_2.json
f5147cf3a3c9fff6b2111e27201c0fec1fab4ea52581f72acb44919de370ff86	65413	output/synthetic_development_launch_package_v1/negative_recompute_cases/mutated_snapshot/output/synthetic_identifiability_qualification_v8/complete_file_manifest.json
ae836a172509f6853f8f131b82a6e222f4d72dae034b0770b8c5d066dee23363	1989	output/synthetic_development_launch_package_v1/negative_recompute_cases/mutated_snapshot/output/synthetic_identifiability_qualification_v8/terminal_decision.json
a487035deba4692728240eb593ba16e1182d9b5959b43d950b60883d1ed08b33	1408	output/synthetic_development_launch_package_v1/negative_recompute_cases/mutated_snapshot/output/synthetic_sensor_event_robustness_v2/detector/frozen_detector.json
2875d9bca276c69b04979b485d3cf68843b49472e57aafaf7c126f085a61eba7	13955	output/synthetic_development_launch_package_v1/negative_recompute_cases/mutated_snapshot/scripts/run_synthetic_development_launch_v1.py
27ae29ae2f47b55c838dddef0a5897aa9a487cda625f093b0dab207765795f1c	9821	output/synthetic_development_launch_package_v1/negative_recompute_cases/mutated_snapshot/snapshot_manifest.json
dcfabd18135bf240338722ca2bc6c14bcd2d3be0ea917eb65e22624342059c30	595	output/synthetic_development_launch_package_v1/negative_recompute_cases/mutated_snapshot/tests/conftest.py
5e93a631ad7531103e6e49161931e214b18e9874888070bc33cc06c405d8dc73	15086	output/synthetic_development_launch_package_v1/negative_recompute_cases/mutated_snapshot/tests/test_synthetic_development_launch_v1.py
07afa801790eca554213118ad13a3b284b40055021384fd9642e6b475d8497e3	4000	output/synthetic_development_launch_package_v1/negative_recompute_tests.json
6dac971ed35e2a13dbc9422eca9642cab57f419fb7d545282b353db7c53b12d9	1486	output/synthetic_development_launch_package_v1/official_test_execution_report.json
082811416c24d4bb2372c5a940dbf729b293cea35277f1e983d33e9debb4abb5	149	output/synthetic_development_launch_package_v1/outcome_registry.json
a686ce16ac3b08e07cd0e08e5615eee0f71539d558437d0866bb668f031da075	2731	output/synthetic_development_launch_package_v1/post_freeze_cycle_audit.json
a3603910babefa92b7299703fbb57def973e96f75db29d6f26c60d581ad1ea75	354	output/synthetic_development_launch_package_v1/preservation_proof.json
261e61d6958c59fdabed3a6387b9e4027a246a98e9046567730a3af5ff91389e	372284	output/synthetic_development_launch_package_v1/preserved_v1_v8_hashes_after.tsv
261e61d6958c59fdabed3a6387b9e4027a246a98e9046567730a3af5ff91389e	372284	output/synthetic_development_launch_package_v1/preserved_v1_v8_hashes_before.tsv
b1c9fa6c4b885bbfc4ac9871881d9c145318cbe73e180856216a85cf9c7ddc44	41942	output/synthetic_identifiability_adversarial_audit_v8/audit.py
4030167e3ec9adf8c9f2ce0a8ec519045c7b173ec10f3cfbd21653abd41713ac	41906	output/synthetic_identifiability_adversarial_audit_v8/audit_v1.py
7b86abdfd420fd7cc2f34150acc2d4daa03a23cae96115e3d1b0c0e8834bb366	1264	output/synthetic_identifiability_adversarial_audit_v8/complete_manifest.json
0a3965344baa4c70eb1b5796a9cd1a21e065de3072925cc1bd076b7b187f2728	1487	output/synthetic_identifiability_adversarial_audit_v8/repair_ledger.json
af473853cae5caa3f2a925407808631eddb01b7baefc0e687d7b2be9d544a122	851	output/synthetic_identifiability_adversarial_audit_v8/reproduction.json
e6308b968ec434262e7e10c8c219248a83a8ce8cff29517adc046cc334e1a48f	28832	output/synthetic_identifiability_adversarial_audit_v8/run_1.json
fefb0bfd370b65faa8a03a3e83fe08466cf8f7652d04e30ac3b136a80eec6c9b	28811	output/synthetic_identifiability_adversarial_audit_v8/run_2.json
fefb0bfd370b65faa8a03a3e83fe08466cf8f7652d04e30ac3b136a80eec6c9b	28811	output/synthetic_identifiability_adversarial_audit_v8/run_3.json
fcb97d44c7ea1d9aa7edf0b8bebe2c3536696a4e4f8b6d254533e14859554aa4	1902	output/synthetic_identifiability_qualification_v5/adjudication_inputs.json
7a9b6824e06836f0934034a93f8c27151ab9f6a69957a50da7fe880a91b139c7	4466	output/synthetic_identifiability_qualification_v5/collected_tests_pre_freeze.json
c35d62d5561d9ce9ce424ff9fcb03f11c20f139be10151d88a20ca0d45b33b0f	69319	output/synthetic_identifiability_qualification_v5/complete_file_manifest.json
54e8d954192574db09a5031e8bf233edae81cef2ea9ce4247ade78bbfb35361e	7276	output/synthetic_identifiability_qualification_v5/fixture_validation/persisted_inputs/config.json
81c8e0f2c649224b9d1c8d9d555808efa5ff075a7c6d665e330cddcd15ca7559	197	output/synthetic_identifiability_qualification_v5/fixture_validation/persisted_inputs/qualification_metadata.json
54e8d954192574db09a5031e8bf233edae81cef2ea9ce4247ade78bbfb35361e	7276	output/synthetic_identifiability_qualification_v5/fixture_validation_final/persisted_inputs/config.json
f968f65b022ca815f8caee87a9459a95035f8297174dff958f0b9dee7744dad2	494791	output/synthetic_identifiability_qualification_v5/fixture_validation_final/persisted_inputs/corpus_250001/conditions/absent_channel.jsonl
ceebc0f2ca262c8c6c96ed0ec761161ea56c845fa4c7bfda0554e10b65b3e97a	4232611	output/synthetic_identifiability_qualification_v5/fixture_validation_final/persisted_inputs/corpus_250001/conditions/randomized_shuffle.jsonl
acd71a8e135a78682a0fa34371bacd389ba5adc1c0df82e7b1e5dfde6bceb7b8	3968711	output/synthetic_identifiability_qualification_v5/fixture_validation_final/persisted_inputs/corpus_250001/conditions/sensor_corrupted.jsonl
64195d975b32d337d8ffd0d504d41260878d8a975066e3d2ee4b268c2a1da254	4068888	output/synthetic_identifiability_qualification_v5/fixture_validation_final/persisted_inputs/corpus_250001/conditions/shift_minus_8.jsonl
fb70ada4456713dca761312f53fde5697472aab1f24341336ea7b96ad353fd83	4070050	output/synthetic_identifiability_qualification_v5/fixture_validation_final/persisted_inputs/corpus_250001/conditions/shift_plus_8.jsonl
d71d8b9292f00da677b8b9ad93fcb6d92f0a457da7efa903229209ebef9cff49	4232611	output/synthetic_identifiability_qualification_v5/fixture_validation_final/persisted_inputs/corpus_250001/conditions/synchronized.jsonl
cea9e7ad8b540577a90c5296e1945bcd17204efe2d50156a36baed1312c8ef62	2774311	output/synthetic_identifiability_qualification_v5/fixture_validation_final/persisted_inputs/corpus_250001/conditions/uninformative.jsonl
f06a28a7a141dcb06f2f3258e23db2105125a2b39716b6d5b1556f9c7c70e9fe	3575	output/synthetic_identifiability_qualification_v5/fixture_validation_final/persisted_inputs/corpus_250001/corpus_audit.json
089fab53997a9d79bee2776be34e3f955004b45fa3f9511eb0ba13e83c1cfd34	19203	output/synthetic_identifiability_qualification_v5/fixture_validation_final/persisted_inputs/corpus_250001/donor_maps/absent_channel.json
ba91f12195eacd34bfbac245e8c9e97cc32d7f87b0efb7b28ec3363cec678eb1	20163	output/synthetic_identifiability_qualification_v5/fixture_validation_final/persisted_inputs/corpus_250001/donor_maps/randomized_shuffle.json
0369cd094abb38f64e46f6316d3c56673920477cfb0aa86e29e6fe8259e043ef	37923	output/synthetic_identifiability_qualification_v5/fixture_validation_final/persisted_inputs/corpus_250001/donor_maps/sensor_corrupted.json
978cf71335a03ca8475a1b6856dcd05a0200d80226a736ef0d470e7fe326c035	37923	output/synthetic_identifiability_qualification_v5/fixture_validation_final/persisted_inputs/corpus_250001/donor_maps/shift_minus_8.json
415b3b3073c10ca52b30aaf649815ca63343aef8cc2b45b95458ba62fe81678e	37443	output/synthetic_identifiability_qualification_v5/fixture_validation_final/persisted_inputs/corpus_250001/donor_maps/shift_plus_8.json
2a5eaaa1cfb565883e9483585c60bd78ea5a8bd09e061c8102a38950f76d15d0	20163	output/synthetic_identifiability_qualification_v5/fixture_validation_final/persisted_inputs/corpus_250001/donor_maps/synchronized.json
dbcdc4d8ea65a0d56056aed1d10c4adda95e845af738a5ae04ba8e7279e8839b	25923	output/synthetic_identifiability_qualification_v5/fixture_validation_final/persisted_inputs/corpus_250001/donor_maps/uninformative.json
2d5d059643fec4ac599d4c054b00636a293205c46305bc761319a29e4d4e1e18	3581	output/synthetic_identifiability_qualification_v5/fixture_validation_final/persisted_inputs/corpus_250001/evaluation_keys.jsonl
4c635e46e96091df3f36ebb3e011ef588873a7d9ad20e0eb314fec59575408b5	23736	output/synthetic_identifiability_qualification_v5/fixture_validation_final/persisted_inputs/corpus_250001/evaluation_prompts.jsonl
e3b0c44298fc1c149afbf4c8996fb92427ae41e4649b934ca495991b7852b855	0	output/synthetic_identifiability_qualification_v5/fixture_validation_final/persisted_inputs/corpus_250001/evidence/absent_channel.jsonl
108df4bb1254f086cc57a482cea6301bed85743c0fb10d7ccdeb4ef52b6bcccc	144782	output/synthetic_identifiability_qualification_v5/fixture_validation_final/persisted_inputs/corpus_250001/evidence/randomized_shuffle.jsonl
53717987aaad98a5a96f2c4e4ab0f81c03b5a68d7dc35630712a14e85326e1cb	153441	output/synthetic_identifiability_qualification_v5/fixture_validation_final/persisted_inputs/corpus_250001/evidence/sensor_corrupted.jsonl
34fa0824628c59416e724e33fa3889bf9fef104828e9d2104bcf9bcb6d3c500d	155864	output/synthetic_identifiability_qualification_v5/fixture_validation_final/persisted_inputs/corpus_250001/evidence/shift_minus_8.jsonl
1782c50b72b7a8a3e7bdabbb73f3cb3c4b7f12e59748bbb905355b268cd410b2	156088	output/synthetic_identifiability_qualification_v5/fixture_validation_final/persisted_inputs/corpus_250001/evidence/shift_plus_8.jsonl
1a95e3484457ea44aa579b443d3d8aa95ca71a62c3b690c2488288e73c0d2903	144924	output/synthetic_identifiability_qualification_v5/fixture_validation_final/persisted_inputs/corpus_250001/evidence/synchronized.jsonl
2e488b3452c419ecad7e7985311bafa794ed2355460c5137c5943a044293e0a5	144000	output/synthetic_identifiability_qualification_v5/fixture_validation_final/persisted_inputs/corpus_250001/evidence/uninformative.jsonl
058f0c59833e6f5c0bd2e64eaca6bef5e4392d69ae3ac0f3af13f6e24148f830	245	output/synthetic_identifiability_qualification_v5/fixture_validation_final/persisted_inputs/corpus_250001/lexicon_oracle.json
a026886b546e4e6d171b264ed4112998bf9a64bce17077b1875ff01231e2e98c	214656	output/synthetic_identifiability_qualification_v5/fixture_validation_final/persisted_inputs/corpus_250001/oracle_episodes.jsonl
d71d8b9292f00da677b8b9ad93fcb6d92f0a457da7efa903229209ebef9cff49	4232611	output/synthetic_identifiability_qualification_v5/fixture_validation_final/persisted_inputs/corpus_250001/visible_episodes.jsonl
97e36a99c6ca15c799a7754bdc7ef29e4e97e3a828cbaffe6477e9efe08f0113	5245	output/synthetic_identifiability_qualification_v5/fixture_validation_final/persisted_inputs/input_manifest.json
81c8e0f2c649224b9d1c8d9d555808efa5ff075a7c6d665e330cddcd15ca7559	197	output/synthetic_identifiability_qualification_v5/fixture_validation_final/persisted_inputs/qualification_metadata.json
efbce46d184b59c8a7d90165e489f1956555bc2e4f12e9e06ccf04fcec8d8ad6	548	output/synthetic_identifiability_qualification_v5/fixture_validation_final2/condition_audits.json
8c5b1ff1a93142f0bc392bed201e9167948a002140f114bdea1d81c089370cbd	3836	output/synthetic_identifiability_qualification_v5/fixture_validation_final2/corpus_audits.json
9324b50696d58b3ea68cc79c38711faddbbd3112ebe1a6901239c7b53cd55ebc	38662	output/synthetic_identifiability_qualification_v5/fixture_validation_final2/detector_capacity_audit.json
03e42c4bfe02ed38f40794c3ab392fb0b84abeb9ca903036f4f75f18261e16cc	907	output/synthetic_identifiability_qualification_v5/fixture_validation_final2/detector_runtime_audit.json
54e8d954192574db09a5031e8bf233edae81cef2ea9ce4247ade78bbfb35361e	7276	output/synthetic_identifiability_qualification_v5/fixture_validation_final2/persisted_inputs/config.json
f968f65b022ca815f8caee87a9459a95035f8297174dff958f0b9dee7744dad2	494791	output/synthetic_identifiability_qualification_v5/fixture_validation_final2/persisted_inputs/corpus_250001/conditions/absent_channel.jsonl
ceebc0f2ca262c8c6c96ed0ec761161ea56c845fa4c7bfda0554e10b65b3e97a	4232611	output/synthetic_identifiability_qualification_v5/fixture_validation_final2/persisted_inputs/corpus_250001/conditions/randomized_shuffle.jsonl
acd71a8e135a78682a0fa34371bacd389ba5adc1c0df82e7b1e5dfde6bceb7b8	3968711	output/synthetic_identifiability_qualification_v5/fixture_validation_final2/persisted_inputs/corpus_250001/conditions/sensor_corrupted.jsonl
64195d975b32d337d8ffd0d504d41260878d8a975066e3d2ee4b268c2a1da254	4068888	output/synthetic_identifiability_qualification_v5/fixture_validation_final2/persisted_inputs/corpus_250001/conditions/shift_minus_8.jsonl
fb70ada4456713dca761312f53fde5697472aab1f24341336ea7b96ad353fd83	4070050	output/synthetic_identifiability_qualification_v5/fixture_validation_final2/persisted_inputs/corpus_250001/conditions/shift_plus_8.jsonl
d71d8b9292f00da677b8b9ad93fcb6d92f0a457da7efa903229209ebef9cff49	4232611	output/synthetic_identifiability_qualification_v5/fixture_validation_final2/persisted_inputs/corpus_250001/conditions/synchronized.jsonl
cea9e7ad8b540577a90c5296e1945bcd17204efe2d50156a36baed1312c8ef62	2774311	output/synthetic_identifiability_qualification_v5/fixture_validation_final2/persisted_inputs/corpus_250001/conditions/uninformative.jsonl
f06a28a7a141dcb06f2f3258e23db2105125a2b39716b6d5b1556f9c7c70e9fe	3575	output/synthetic_identifiability_qualification_v5/fixture_validation_final2/persisted_inputs/corpus_250001/corpus_audit.json
089fab53997a9d79bee2776be34e3f955004b45fa3f9511eb0ba13e83c1cfd34	19203	output/synthetic_identifiability_qualification_v5/fixture_validation_final2/persisted_inputs/corpus_250001/donor_maps/absent_channel.json
ba91f12195eacd34bfbac245e8c9e97cc32d7f87b0efb7b28ec3363cec678eb1	20163	output/synthetic_identifiability_qualification_v5/fixture_validation_final2/persisted_inputs/corpus_250001/donor_maps/randomized_shuffle.json
0369cd094abb38f64e46f6316d3c56673920477cfb0aa86e29e6fe8259e043ef	37923	output/synthetic_identifiability_qualification_v5/fixture_validation_final2/persisted_inputs/corpus_250001/donor_maps/sensor_corrupted.json
978cf71335a03ca8475a1b6856dcd05a0200d80226a736ef0d470e7fe326c035	37923	output/synthetic_identifiability_qualification_v5/fixture_validation_final2/persisted_inputs/corpus_250001/donor_maps/shift_minus_8.json
415b3b3073c10ca52b30aaf649815ca63343aef8cc2b45b95458ba62fe81678e	37443	output/synthetic_identifiability_qualification_v5/fixture_validation_final2/persisted_inputs/corpus_250001/donor_maps/shift_plus_8.json
2a5eaaa1cfb565883e9483585c60bd78ea5a8bd09e061c8102a38950f76d15d0	20163	output/synthetic_identifiability_qualification_v5/fixture_validation_final2/persisted_inputs/corpus_250001/donor_maps/synchronized.json
dbcdc4d8ea65a0d56056aed1d10c4adda95e845af738a5ae04ba8e7279e8839b	25923	output/synthetic_identifiability_qualification_v5/fixture_validation_final2/persisted_inputs/corpus_250001/donor_maps/uninformative.json
2d5d059643fec4ac599d4c054b00636a293205c46305bc761319a29e4d4e1e18	3581	output/synthetic_identifiability_qualification_v5/fixture_validation_final2/persisted_inputs/corpus_250001/evaluation_keys.jsonl
4c635e46e96091df3f36ebb3e011ef588873a7d9ad20e0eb314fec59575408b5	23736	output/synthetic_identifiability_qualification_v5/fixture_validation_final2/persisted_inputs/corpus_250001/evaluation_prompts.jsonl
e3b0c44298fc1c149afbf4c8996fb92427ae41e4649b934ca495991b7852b855	0	output/synthetic_identifiability_qualification_v5/fixture_validation_final2/persisted_inputs/corpus_250001/evidence/absent_channel.jsonl
108df4bb1254f086cc57a482cea6301bed85743c0fb10d7ccdeb4ef52b6bcccc	144782	output/synthetic_identifiability_qualification_v5/fixture_validation_final2/persisted_inputs/corpus_250001/evidence/randomized_shuffle.jsonl
53717987aaad98a5a96f2c4e4ab0f81c03b5a68d7dc35630712a14e85326e1cb	153441	output/synthetic_identifiability_qualification_v5/fixture_validation_final2/persisted_inputs/corpus_250001/evidence/sensor_corrupted.jsonl
34fa0824628c59416e724e33fa3889bf9fef104828e9d2104bcf9bcb6d3c500d	155864	output/synthetic_identifiability_qualification_v5/fixture_validation_final2/persisted_inputs/corpus_250001/evidence/shift_minus_8.jsonl
1782c50b72b7a8a3e7bdabbb73f3cb3c4b7f12e59748bbb905355b268cd410b2	156088	output/synthetic_identifiability_qualification_v5/fixture_validation_final2/persisted_inputs/corpus_250001/evidence/shift_plus_8.jsonl
1a95e3484457ea44aa579b443d3d8aa95ca71a62c3b690c2488288e73c0d2903	144924	output/synthetic_identifiability_qualification_v5/fixture_validation_final2/persisted_inputs/corpus_250001/evidence/synchronized.jsonl
2e488b3452c419ecad7e7985311bafa794ed2355460c5137c5943a044293e0a5	144000	output/synthetic_identifiability_qualification_v5/fixture_validation_final2/persisted_inputs/corpus_250001/evidence/uninformative.jsonl
058f0c59833e6f5c0bd2e64eaca6bef5e4392d69ae3ac0f3af13f6e24148f830	245	output/synthetic_identifiability_qualification_v5/fixture_validation_final2/persisted_inputs/corpus_250001/lexicon_oracle.json
a026886b546e4e6d171b264ed4112998bf9a64bce17077b1875ff01231e2e98c	214656	output/synthetic_identifiability_qualification_v5/fixture_validation_final2/persisted_inputs/corpus_250001/oracle_episodes.jsonl
d71d8b9292f00da677b8b9ad93fcb6d92f0a457da7efa903229209ebef9cff49	4232611	output/synthetic_identifiability_qualification_v5/fixture_validation_final2/persisted_inputs/corpus_250001/visible_episodes.jsonl
97e36a99c6ca15c799a7754bdc7ef29e4e97e3a828cbaffe6477e9efe08f0113	5245	output/synthetic_identifiability_qualification_v5/fixture_validation_final2/persisted_inputs/input_manifest.json
81c8e0f2c649224b9d1c8d9d555808efa5ff075a7c6d665e330cddcd15ca7559	197	output/synthetic_identifiability_qualification_v5/fixture_validation_final2/persisted_inputs/qualification_metadata.json
786f6d9627fbd14733cf25532bf7c019971a41189a1ebea4aedc7aebb2bba46e	1240	output/synthetic_identifiability_qualification_v5/fixture_validation_final2/qualification_summary.json
ba46ea7d858ce8ea1124ea1b100686bf0b1f5cea74c6372aa40bf100fc737b46	39305	output/synthetic_identifiability_qualification_v5/fixture_validation_final2/recomputable/compute_operation_log.json
07e4860223041e3dfed9358c03d4c1da3e7cda7f867fa0f48116518c950573c0	32569	output/synthetic_identifiability_qualification_v5/fixture_validation_final2/recomputable/control_results.json
346fc541dc2f0fa6cdbbcc789b31f5e01246a3bf0969d273a8907847962e1300	901	output/synthetic_identifiability_qualification_v5/fixture_validation_final2/recomputable/core_gates.json
8901db51f809761a0ad4b5da16f2cb483d2b2eaf947a510345bb8c413334b2e4	1803	output/synthetic_identifiability_qualification_v5/fixture_validation_final2/recomputable/factor_audit.json
00084bdeb34578b0580a2437797db8366afd98af86220f6127e7a89db81b1c4b	558509	output/synthetic_identifiability_qualification_v5/fixture_validation_final2/recomputable/factor_results.json
dd290bdc51822a4821b06acabb1dceda637c4480cc5d089deef8e60d40653e2f	342	output/synthetic_identifiability_qualification_v5/fixture_validation_final2/recomputable/leakage_audit.json
0961ba3f50dcdef4a0e66af1b3aafad706fb30c085c8653bef71c7f33861a492	411	output/synthetic_identifiability_qualification_v5/fixture_validation_final2/recomputable/learner_numeric_audit.json
e4fe2a2843b811411cb91f54078c09eafbf3f82f412e6e969c4fb8844d242c84	126262	output/synthetic_identifiability_qualification_v5/fixture_validation_final2/recomputable/model_results.json
e888d2123e6267c5a429fab7edfb1bdc2d12fc87c702a62e38e0f01b6bc7a953	2766	output/synthetic_identifiability_qualification_v5/fixture_validation_final2/recomputable/order_invariance_audit.json
5359e6778ca9f295fa14e49625b974c50baf85b77b3052eef48a89b2dfb2b835	3732	output/synthetic_identifiability_qualification_v5/fixture_validation_final2/seed_operation_log.json
efbce46d184b59c8a7d90165e489f1956555bc2e4f12e9e06ccf04fcec8d8ad6	548	output/synthetic_identifiability_qualification_v5/fixture_validation_final3/condition_audits.json
6f04add68abc4c35bb019f0eb3597eb1fa5b898c73f7260c5ce78b99c5f07cd9	4704	output/synthetic_identifiability_qualification_v5/fixture_validation_final3/corpus_audits.json
9324b50696d58b3ea68cc79c38711faddbbd3112ebe1a6901239c7b53cd55ebc	38662	output/synthetic_identifiability_qualification_v5/fixture_validation_final3/detector_capacity_audit.json
113ddcf8f9013c33c1781ca715ad674cb41ac581c77288433492e1f65f46c097	907	output/synthetic_identifiability_qualification_v5/fixture_validation_final3/detector_runtime_audit.json
b95aab56ff84a30e329585acc5e5bbb3725bd60b06bf3c941a4384760b627b5f	7276	output/synthetic_identifiability_qualification_v5/fixture_validation_final3/persisted_inputs/config.json
f968f65b022ca815f8caee87a9459a95035f8297174dff958f0b9dee7744dad2	494791	output/synthetic_identifiability_qualification_v5/fixture_validation_final3/persisted_inputs/corpus_250001/conditions/absent_channel.jsonl
d7beb0952c14babacb8460d23d7e977b6734237a9777749fc5314bd529a20c22	4232643	output/synthetic_identifiability_qualification_v5/fixture_validation_final3/persisted_inputs/corpus_250001/conditions/randomized_shuffle.jsonl
66ce1bf4c345af3b13bfbe5eecdb976b3a4a6ed3913462ebc100b127fa6777d5	3968733	output/synthetic_identifiability_qualification_v5/fixture_validation_final3/persisted_inputs/corpus_250001/conditions/sensor_corrupted.jsonl
70e026b995b7bd44d3d5d96ddfdb70857e09df55c478f0ff54d3551e3cb276b8	4068967	output/synthetic_identifiability_qualification_v5/fixture_validation_final3/persisted_inputs/corpus_250001/conditions/shift_minus_8.jsonl
619d29ddf3baa4fd6f69258e6ad257ffc391f74126016ad9d41119eebd0e75a3	4070082	output/synthetic_identifiability_qualification_v5/fixture_validation_final3/persisted_inputs/corpus_250001/conditions/shift_plus_8.jsonl
9f37d06b8fa6b65b846311bebe111bf77afc9b652e7fcf2d8dab81d9df5be91a	4232643	output/synthetic_identifiability_qualification_v5/fixture_validation_final3/persisted_inputs/corpus_250001/conditions/synchronized.jsonl
cea9e7ad8b540577a90c5296e1945bcd17204efe2d50156a36baed1312c8ef62	2774311	output/synthetic_identifiability_qualification_v5/fixture_validation_final3/persisted_inputs/corpus_250001/conditions/uninformative.jsonl
acadc4dca784118ad4edd6178828c20fe16b6ec21da6ed887b7f794ab5534efb	4395	output/synthetic_identifiability_qualification_v5/fixture_validation_final3/persisted_inputs/corpus_250001/corpus_audit.json
089fab53997a9d79bee2776be34e3f955004b45fa3f9511eb0ba13e83c1cfd34	19203	output/synthetic_identifiability_qualification_v5/fixture_validation_final3/persisted_inputs/corpus_250001/donor_maps/absent_channel.json
ba91f12195eacd34bfbac245e8c9e97cc32d7f87b0efb7b28ec3363cec678eb1	20163	output/synthetic_identifiability_qualification_v5/fixture_validation_final3/persisted_inputs/corpus_250001/donor_maps/randomized_shuffle.json
0369cd094abb38f64e46f6316d3c56673920477cfb0aa86e29e6fe8259e043ef	37923	output/synthetic_identifiability_qualification_v5/fixture_validation_final3/persisted_inputs/corpus_250001/donor_maps/sensor_corrupted.json
978cf71335a03ca8475a1b6856dcd05a0200d80226a736ef0d470e7fe326c035	37923	output/synthetic_identifiability_qualification_v5/fixture_validation_final3/persisted_inputs/corpus_250001/donor_maps/shift_minus_8.json
415b3b3073c10ca52b30aaf649815ca63343aef8cc2b45b95458ba62fe81678e	37443	output/synthetic_identifiability_qualification_v5/fixture_validation_final3/persisted_inputs/corpus_250001/donor_maps/shift_plus_8.json
2a5eaaa1cfb565883e9483585c60bd78ea5a8bd09e061c8102a38950f76d15d0	20163	output/synthetic_identifiability_qualification_v5/fixture_validation_final3/persisted_inputs/corpus_250001/donor_maps/synchronized.json
dbcdc4d8ea65a0d56056aed1d10c4adda95e845af738a5ae04ba8e7279e8839b	25923	output/synthetic_identifiability_qualification_v5/fixture_validation_final3/persisted_inputs/corpus_250001/donor_maps/uninformative.json
2d5d059643fec4ac599d4c054b00636a293205c46305bc761319a29e4d4e1e18	3581	output/synthetic_identifiability_qualification_v5/fixture_validation_final3/persisted_inputs/corpus_250001/evaluation_keys.jsonl
4c635e46e96091df3f36ebb3e011ef588873a7d9ad20e0eb314fec59575408b5	23736	output/synthetic_identifiability_qualification_v5/fixture_validation_final3/persisted_inputs/corpus_250001/evaluation_prompts.jsonl
e3b0c44298fc1c149afbf4c8996fb92427ae41e4649b934ca495991b7852b855	0	output/synthetic_identifiability_qualification_v5/fixture_validation_final3/persisted_inputs/corpus_250001/evidence/absent_channel.jsonl
ee30d2876b16e99c3cfbf45fb941d7d2ef154be0c85664197640df9b43e4008f	144784	output/synthetic_identifiability_qualification_v5/fixture_validation_final3/persisted_inputs/corpus_250001/evidence/randomized_shuffle.jsonl
0ba424114523bc0eb7bcdba0eb9ba0499618cdbfe1de637c1b88391464e8141f	153346	output/synthetic_identifiability_qualification_v5/fixture_validation_final3/persisted_inputs/corpus_250001/evidence/sensor_corrupted.jsonl
17841bc0fc9ab3de0043620ef316b008485cea2230421ad027a4e59bf5370b53	155881	output/synthetic_identifiability_qualification_v5/fixture_validation_final3/persisted_inputs/corpus_250001/evidence/shift_minus_8.jsonl
37eaebe2cc6de84336427a12b39686363755d0b350bf2b5ab141621b0d584ae5	156186	output/synthetic_identifiability_qualification_v5/fixture_validation_final3/persisted_inputs/corpus_250001/evidence/shift_plus_8.jsonl
988cbd8c0244c964a71a86f82e80591772bbc23993f3cc114443edeb522cc4eb	144945	output/synthetic_identifiability_qualification_v5/fixture_validation_final3/persisted_inputs/corpus_250001/evidence/synchronized.jsonl
2e488b3452c419ecad7e7985311bafa794ed2355460c5137c5943a044293e0a5	144000	output/synthetic_identifiability_qualification_v5/fixture_validation_final3/persisted_inputs/corpus_250001/evidence/uninformative.jsonl
058f0c59833e6f5c0bd2e64eaca6bef5e4392d69ae3ac0f3af13f6e24148f830	245	output/synthetic_identifiability_qualification_v5/fixture_validation_final3/persisted_inputs/corpus_250001/lexicon_oracle.json
f3634d3ebdd700427cdeb59598e8c8ccae27852839194144f01519d6e181e9a5	214656	output/synthetic_identifiability_qualification_v5/fixture_validation_final3/persisted_inputs/corpus_250001/oracle_episodes.jsonl
9f37d06b8fa6b65b846311bebe111bf77afc9b652e7fcf2d8dab81d9df5be91a	4232643	output/synthetic_identifiability_qualification_v5/fixture_validation_final3/persisted_inputs/corpus_250001/visible_episodes.jsonl
3e1caf392723873762cf9141f82855f51449d8edcc1f58a6d6485bda8b030de9	5245	output/synthetic_identifiability_qualification_v5/fixture_validation_final3/persisted_inputs/input_manifest.json
81c8e0f2c649224b9d1c8d9d555808efa5ff075a7c6d665e330cddcd15ca7559	197	output/synthetic_identifiability_qualification_v5/fixture_validation_final3/persisted_inputs/qualification_metadata.json
503d2094b51e9f6dc0bb80fe41bb2511366a574f539fea7cfa2a868cf5052471	1237	output/synthetic_identifiability_qualification_v5/fixture_validation_final3/qualification_summary.json
ba46ea7d858ce8ea1124ea1b100686bf0b1f5cea74c6372aa40bf100fc737b46	39305	output/synthetic_identifiability_qualification_v5/fixture_validation_final3/recomputable/compute_operation_log.json
916a5297da3b97ab01da1b567ae057505674f1b50b92052e2d6af121c30dae18	32558	output/synthetic_identifiability_qualification_v5/fixture_validation_final3/recomputable/control_results.json
0a7fbb5724ef915758c497e785ccf90f641cf1728ec9fe4a21b6d3914cb86877	900	output/synthetic_identifiability_qualification_v5/fixture_validation_final3/recomputable/core_gates.json
8901db51f809761a0ad4b5da16f2cb483d2b2eaf947a510345bb8c413334b2e4	1803	output/synthetic_identifiability_qualification_v5/fixture_validation_final3/recomputable/factor_audit.json
f805f762095acc0c9fa1060e689f7d3860cea3d9f3e90965e52753cde1804456	560572	output/synthetic_identifiability_qualification_v5/fixture_validation_final3/recomputable/factor_results.json
dd290bdc51822a4821b06acabb1dceda637c4480cc5d089deef8e60d40653e2f	342	output/synthetic_identifiability_qualification_v5/fixture_validation_final3/recomputable/leakage_audit.json
e983452408aa33159e28d7931959bf7125bb52df31f79e33142528c49b0288df	411	output/synthetic_identifiability_qualification_v5/fixture_validation_final3/recomputable/learner_numeric_audit.json
e94d51ded303647499b1befcbcb5a66cca8f18fa8e315edf430714b711f33b74	126893	output/synthetic_identifiability_qualification_v5/fixture_validation_final3/recomputable/model_results.json
efd2dcf65f187a67aae960e0dd634fa3a77a903898433fbc66290d6413b6f6a5	2757	output/synthetic_identifiability_qualification_v5/fixture_validation_final3/recomputable/order_invariance_audit.json
5359e6778ca9f295fa14e49625b974c50baf85b77b3052eef48a89b2dfb2b835	3732	output/synthetic_identifiability_qualification_v5/fixture_validation_final3/seed_operation_log.json
88da20ac9baa1aa3fae7c04197cdae872124b8b69453d4b29c5e5057479650cd	7979	output/synthetic_identifiability_qualification_v5/freeze_receipt.json
e6737c389f352a273d06182407eec729033cda2eab90e9a124b34d3f1f486ab1	611	output/synthetic_identifiability_qualification_v5/frozen_adjudication_contract.json
5921aa7e70b507b5c5c0a706e508f1ae7da1ab54398f4f96c296b902aa244b18	3273	output/synthetic_identifiability_qualification_v5/frozen_config_snapshot.yaml
e3480776b2a662e8aacff8cfd68c63645710632980a10bdd9693b5cd1d772945	746	output/synthetic_identifiability_qualification_v5/frozen_environment.json
99a8dbb94328fed3baefb48369e30ba66b8940ac40802f0c6f4a175049ce7e84	574	output/synthetic_identifiability_qualification_v5/frozen_gates.json
c2ae1814d2b22f596543bc03e038ed2ff159e3b59f2fbbe156938082a9549abe	419	output/synthetic_identifiability_qualification_v5/frozen_primary_sources.json
00bb972b5cb1c8b68eede602ad078c40fd50a4b205558b6f1b20abc8f945b96d	3374	output/synthetic_identifiability_qualification_v5/frozen_protocol_snapshot.md
31cd618c92a8c4c19870d435a43d798b2aaa78cc594551f2bfe91e44378c510e	3010	output/synthetic_identifiability_qualification_v5/frozen_seed_registries.json
5f5caa88371c3ab9324ded4afe95eb5428224a772c1f478a21cbb0bf24766986	106	output/synthetic_identifiability_qualification_v5/frozen_source_snapshot/babyworld_lite/__init__.py
c57a0e190b8f02bf89a698a272dc0f4fd254a6324cd39ca639165a623e68978c	157	output/synthetic_identifiability_qualification_v5/frozen_source_snapshot/babyworld_lite/sensor_alignment_v2/__init__.py
6d74817b5bb30b4b265f2ec246b71be432d68ca6f545d50b04a153d77df33b6d	16759	output/synthetic_identifiability_qualification_v5/frozen_source_snapshot/babyworld_lite/sensor_alignment_v2/detector.py
a66d16f515d275fcd08c1db7293ca9ba50c14e7e60b820bba5d2eca3c8338bd8	16903	output/synthetic_identifiability_qualification_v5/frozen_source_snapshot/babyworld_lite/sensor_alignment_v2/protocol.py
31aaba45e98455138ba798806497fbc83ab9f02e6843c0364f3378d1056eae1f	46948	output/synthetic_identifiability_qualification_v5/frozen_source_snapshot/babyworld_lite/sensor_alignment_v2/synthetic.py
b1c49a9df3a83e6087c245d72619d9330ca1f788e4247bed88e5dee07ee89346	140	output/synthetic_identifiability_qualification_v5/frozen_source_snapshot/babyworld_lite/sensor_alignment_v5/__init__.py
e876b659d7e813fdeb5593f7e87b70348231457eda368f3a4e2f8a934058ff0d	3429	output/synthetic_identifiability_qualification_v5/frozen_source_snapshot/babyworld_lite/sensor_alignment_v5/adjudicator.py
b9d31e52435f320cde3ca5b4d99c2164cc184c82b446b14ddae35bdd8c210217	27315	output/synthetic_identifiability_qualification_v5/frozen_source_snapshot/babyworld_lite/sensor_alignment_v5/benchmark.py
8168e05ba6778f02575cfb229fb72d04d853e9cfdd332aad2bb32b700d19fd1c	4073	output/synthetic_identifiability_qualification_v5/frozen_source_snapshot/babyworld_lite/sensor_alignment_v5/controls.py
d876b48f138cbe307c885f9ef406012a881f77f330553c3907d100f7c6f87f0a	7692	output/synthetic_identifiability_qualification_v5/frozen_source_snapshot/babyworld_lite/sensor_alignment_v5/detector_runtime.py
8f736716ca9fe4dc49833c01df585719bf786aec59fedfe0a31cd44a88c2115d	23692	output/synthetic_identifiability_qualification_v5/frozen_source_snapshot/babyworld_lite/sensor_alignment_v5/integrity.py
c98319c3a3eb4956224db061f2d738c956f8f37f5343665b9530bdfff1a134c0	17736	output/synthetic_identifiability_qualification_v5/frozen_source_snapshot/babyworld_lite/sensor_alignment_v5/learner.py
d41a0f0f8c565797bafcbc683ea25ac580cde43a6cec34942e286d003e7df009	11751	output/synthetic_identifiability_qualification_v5/frozen_source_snapshot/babyworld_lite/sensor_alignment_v5/protocol.py
ee5df0a1628ac0fda3e9347749ded4ec66185385f04040f860882fa3b950f24d	29576	output/synthetic_identifiability_qualification_v5/frozen_source_snapshot/babyworld_lite/sensor_alignment_v5/study.py
5921aa7e70b507b5c5c0a706e508f1ae7da1ab54398f4f96c296b902aa244b18	3273	output/synthetic_identifiability_qualification_v5/frozen_source_snapshot/configs/synthetic_identifiability_qualification_v5.yaml
2b55587c0b91e51ec5884b732ca13fc4bc453a0e416b52f99c40cb8374e9182e	1164	output/synthetic_identifiability_qualification_v5/frozen_source_snapshot/docs/synthetic_identifiability_qualification_v5_limitations.md
c2ae1814d2b22f596543bc03e038ed2ff159e3b59f2fbbe156938082a9549abe	419	output/synthetic_identifiability_qualification_v5/frozen_source_snapshot/docs/synthetic_identifiability_qualification_v5_primary_sources.json
00bb972b5cb1c8b68eede602ad078c40fd50a4b205558b6f1b20abc8f945b96d	3374	output/synthetic_identifiability_qualification_v5/frozen_source_snapshot/docs/synthetic_identifiability_qualification_v5_protocol.md
90bb291c92ef04ac2e78956fd04c08813180bb5ddc7acd5e79e356e64f6b9273	8271	output/synthetic_identifiability_qualification_v5/frozen_source_snapshot/docs/synthetic_identifiability_qualification_v5_traceability.json
5e03ca321d5b2c5368598420036629f0b722df540c993b86241fce65f911460e	1350	output/synthetic_identifiability_qualification_v5/frozen_source_snapshot/docs/synthetic_identifiability_qualification_v5_v4_disposition.md
a487035deba4692728240eb593ba16e1182d9b5959b43d950b60883d1ed08b33	1408	output/synthetic_identifiability_qualification_v5/frozen_source_snapshot/output/synthetic_sensor_event_robustness_v2/detector/frozen_detector.json
5a83db30c7afdd2111829afa42beed147b561452d1db6e0880218b79d3d0a324	6393	output/synthetic_identifiability_qualification_v5/frozen_source_snapshot/scripts/run_synthetic_identifiability_qualification_v5.py
2aadc10a97aa0565a9fff7a3995d3d9890759d6e5a2e8aafed168ee594a874ae	4424	output/synthetic_identifiability_qualification_v5/frozen_source_snapshot/snapshot_manifest.json
04bf49ff8c57405aee3d4c8654bb0afebc0349e7b873170f0e5eb9bec252cd57	16104	output/synthetic_identifiability_qualification_v5/frozen_source_snapshot/tests/test_synthetic_identifiability_qualification_v5.py
90bb291c92ef04ac2e78956fd04c08813180bb5ddc7acd5e79e356e64f6b9273	8271	output/synthetic_identifiability_qualification_v5/frozen_traceability.json
3df549afdce0aff60c5a8a99a35423bca041d60544df8c99145eafd2e214caa4	99283	output/synthetic_identifiability_qualification_v5/independent_recompute/compute_operation_log.json
47f6cf85ce62a5ed2d534c2cc3c3b9b704d5882a562bf3dafe2a06e271a3f73e	65127	output/synthetic_identifiability_qualification_v5/independent_recompute/control_results.json
51ef2270cc60271983f872a187dbb1c367b3059968243050306dd9da6afec272	901	output/synthetic_identifiability_qualification_v5/independent_recompute/core_gates.json
d9f7a8c2dbeea57186cab16be27df85af11f086ff0f401c62ef45e68e85e654e	1805	output/synthetic_identifiability_qualification_v5/independent_recompute/factor_audit.json
ab449126d4a3d0f4dc297e16c1f3eb4aee47447961934193e7c55b75890660ed	1122286	output/synthetic_identifiability_qualification_v5/independent_recompute/factor_results.json
dd290bdc51822a4821b06acabb1dceda637c4480cc5d089deef8e60d40653e2f	342	output/synthetic_identifiability_qualification_v5/independent_recompute/leakage_audit.json
e8a4be440940f4fa3d9be531c1f5ce75a0b44d58796df3ef377800714520596d	411	output/synthetic_identifiability_qualification_v5/independent_recompute/learner_numeric_audit.json
de7ac6c8eb29432a55a18e1c8e42d5ffb15e750e20bf656a878abaee7fdb6339	504413	output/synthetic_identifiability_qualification_v5/independent_recompute/model_results.json
bf782073a58f653ce90a5f7949a02586202ca8c4a15332f52726a2ebb9f57e04	9940	output/synthetic_identifiability_qualification_v5/independent_recompute/order_invariance_audit.json
b3f8e19473ab532a3d0907a20fa90abcfb4b1a32ca42dea990d9af9b86b2059c	1948	output/synthetic_identifiability_qualification_v5/independent_recompute_comparison.json
1cd3b5c2901d02c47601e34bdaf4b8584b4042ca4a481c688100b3e1f4708d3b	1896	output/synthetic_identifiability_qualification_v5/independent_recompute_process.json
b95aab56ff84a30e329585acc5e5bbb3725bd60b06bf3c941a4384760b627b5f	7276	output/synthetic_identifiability_qualification_v5/negative_recompute_cases/mutated_inputs/config.json
173deed65c3a79a8331d4f17b774ab1dd7ce96c6de2c06b0d62812e34335a1c3	496228	output/synthetic_identifiability_qualification_v5/negative_recompute_cases/mutated_inputs/corpus_250201/conditions/absent_channel.jsonl
86dc27192529d618f65ff02a562c1690b024215c8846a012bce0b4ee3836eb44	4233627	output/synthetic_identifiability_qualification_v5/negative_recompute_cases/mutated_inputs/corpus_250201/conditions/randomized_shuffle.jsonl
37f0e70960df45d0a5898d22198c6d3f0af2930caac9df3d2d4a84c924d20dda	3968375	output/synthetic_identifiability_qualification_v5/negative_recompute_cases/mutated_inputs/corpus_250201/conditions/sensor_corrupted.jsonl
38458112f94c07b922b2f317d71c153383e46dd3d389b5f4fa7900e1bdc58f41	4073816	output/synthetic_identifiability_qualification_v5/negative_recompute_cases/mutated_inputs/corpus_250201/conditions/shift_minus_8.jsonl
049da9066105a424734597cd34cf08d4680aad0e3eb8223ad43ade2d470c1e4d	4070388	output/synthetic_identifiability_qualification_v5/negative_recompute_cases/mutated_inputs/corpus_250201/conditions/shift_plus_8.jsonl
a4e82644a1c8f7191fba61d4b3cffca0e653e89350e48526bb4424eff88d4d95	4233628	output/synthetic_identifiability_qualification_v5/negative_recompute_cases/mutated_inputs/corpus_250201/conditions/synchronized.jsonl
75b2637b974da32f5a0e1e3f295ebcf1e11934b06b3e1a369b1e8e2553dfd37c	2775748	output/synthetic_identifiability_qualification_v5/negative_recompute_cases/mutated_inputs/corpus_250201/conditions/uninformative.jsonl
2163105153b73d81af8465df53dc9b80560038c48e0879d06a8a26a2478e3229	4375	output/synthetic_identifiability_qualification_v5/negative_recompute_cases/mutated_inputs/corpus_250201/corpus_audit.json
ef55a642a388c4d6ee7e04b3c88ff98a54363a6d082895d6230ca9f4cffffe7f	19203	output/synthetic_identifiability_qualification_v5/negative_recompute_cases/mutated_inputs/corpus_250201/donor_maps/absent_channel.json
afbcf947ebd07e59801209c5b84b39fe2f761d648d125462be779c0a519c6058	20163	output/synthetic_identifiability_qualification_v5/negative_recompute_cases/mutated_inputs/corpus_250201/donor_maps/randomized_shuffle.json
371883e44eec8d92feafab4e24fb2e347cc56e5228b5e9e793c8a3f1cbdd8538	37923	output/synthetic_identifiability_qualification_v5/negative_recompute_cases/mutated_inputs/corpus_250201/donor_maps/sensor_corrupted.json
da4221a04fac2859e809f42352c9b77614a594fac802d81a8c1372e790607872	37923	output/synthetic_identifiability_qualification_v5/negative_recompute_cases/mutated_inputs/corpus_250201/donor_maps/shift_minus_8.json
d7d716cbe7cd42aa9dcbd19f758eac453f9a6d8c8a3444efccd68dfaeb55a257	37443	output/synthetic_identifiability_qualification_v5/negative_recompute_cases/mutated_inputs/corpus_250201/donor_maps/shift_plus_8.json
960dfdd6b35b359e6722eae10aaa4a14891538ce05e598017747f912dc822335	20163	output/synthetic_identifiability_qualification_v5/negative_recompute_cases/mutated_inputs/corpus_250201/donor_maps/synchronized.json
d80ec5db1a6c8606b962f536f115538663013e757aa524abffead0590420a737	25923	output/synthetic_identifiability_qualification_v5/negative_recompute_cases/mutated_inputs/corpus_250201/donor_maps/uninformative.json
1586dbb73dc223807d9f70d2819fde830ea71ce78c6252faf60ce36475d2660b	3581	output/synthetic_identifiability_qualification_v5/negative_recompute_cases/mutated_inputs/corpus_250201/evaluation_keys.jsonl
55d65a1126a3b39b6b7e93b81dce170a09e1326b9dc3391708801c9990d407a5	23736	output/synthetic_identifiability_qualification_v5/negative_recompute_cases/mutated_inputs/corpus_250201/evaluation_prompts.jsonl
e3b0c44298fc1c149afbf4c8996fb92427ae41e4649b934ca495991b7852b855	0	output/synthetic_identifiability_qualification_v5/negative_recompute_cases/mutated_inputs/corpus_250201/evidence/absent_channel.jsonl
ae6c2233c63a34ee93636e20a7041e0946a4029dffd6db775c8895f1d9c56811	144766	output/synthetic_identifiability_qualification_v5/negative_recompute_cases/mutated_inputs/corpus_250201/evidence/randomized_shuffle.jsonl
1e3c321b7e5dff0cedd0bc73a742ed8bc88bbdabcefc7e4ee19c8a54246f2ca8	153134	output/synthetic_identifiability_qualification_v5/negative_recompute_cases/mutated_inputs/corpus_250201/evidence/sensor_corrupted.jsonl
9c17302939360866026cd366a87a56a2c85fa140a8a1d681b7957d3d0a9b6860	155911	output/synthetic_identifiability_qualification_v5/negative_recompute_cases/mutated_inputs/corpus_250201/evidence/shift_minus_8.jsonl
185486c217a9217db625e2f0dd66b42d243e36df28517907d1a13250dd055314	156490	output/synthetic_identifiability_qualification_v5/negative_recompute_cases/mutated_inputs/corpus_250201/evidence/shift_plus_8.jsonl
778acf4b657a5091051326552c5f990d2434888d11cf5f18f65b7960bd016a48	144989	output/synthetic_identifiability_qualification_v5/negative_recompute_cases/mutated_inputs/corpus_250201/evidence/synchronized.jsonl
ed104674283952a32818a88c402b0046d62e7652d38d060032eb6786e62b340f	144000	output/synthetic_identifiability_qualification_v5/negative_recompute_cases/mutated_inputs/corpus_250201/evidence/uninformative.jsonl
bc56b8c8b9961b1815b49918db6adb2a0fccf2c9d588a8f45cc2674b5c6aeb36	245	output/synthetic_identifiability_qualification_v5/negative_recompute_cases/mutated_inputs/corpus_250201/lexicon_oracle.json
451f550965f746cfe105e08803818530c07b47ca3953cac9dbfbb007405a50af	214656	output/synthetic_identifiability_qualification_v5/negative_recompute_cases/mutated_inputs/corpus_250201/oracle_episodes.jsonl
5da30d50dbb9ea59953fb2c5aec6cd6373fbc49ea08f1a3f60ebb72222567890	4233627	output/synthetic_identifiability_qualification_v5/negative_recompute_cases/mutated_inputs/corpus_250201/visible_episodes.jsonl
2d07ffa05f57ca72d7afe04c76d13d9ef89ea5285a3a866e7b364a73abb87155	495620	output/synthetic_identifiability_qualification_v5/negative_recompute_cases/mutated_inputs/corpus_250207/conditions/absent_channel.jsonl
b7381deb8de3edfd9feef4af097516b41ca2b7a8e11cfecacf83e29ce4bc18a1	4233448	output/synthetic_identifiability_qualification_v5/negative_recompute_cases/mutated_inputs/corpus_250207/conditions/randomized_shuffle.jsonl
1f3c83f723630c1df92b705f602f55af030c354e20d5b0e78d43b0322e6e8cd7	3970555	output/synthetic_identifiability_qualification_v5/negative_recompute_cases/mutated_inputs/corpus_250207/conditions/sensor_corrupted.jsonl
d9aa297a0d26ec08ad9ac24711692445fc013acc195ff6dcdd23cbd3f98c81f1	4071559	output/synthetic_identifiability_qualification_v5/negative_recompute_cases/mutated_inputs/corpus_250207/conditions/shift_minus_8.jsonl
a112dc25a657e6cf41f4b5db1e80cbb37db9d7ae9ba19f7ef75813773045f01a	4071303	output/synthetic_identifiability_qualification_v5/negative_recompute_cases/mutated_inputs/corpus_250207/conditions/shift_plus_8.jsonl
f840698d46394a1c59802aad01507f199e459ecaa8fe6d060c829a1afb7c957d	4233448	output/synthetic_identifiability_qualification_v5/negative_recompute_cases/mutated_inputs/corpus_250207/conditions/synchronized.jsonl
fe0d321ffcce000fbf8e5e8818cc251aee83a9eb5b8d1f0a8e92358ea334fdf7	2775140	output/synthetic_identifiability_qualification_v5/negative_recompute_cases/mutated_inputs/corpus_250207/conditions/uninformative.jsonl
4bcb6f82074a7cd024f028aef8658be179f9f9636b6cb52e2821fc9ad91ec0c8	4365	output/synthetic_identifiability_qualification_v5/negative_recompute_cases/mutated_inputs/corpus_250207/corpus_audit.json
3d7268154925cef2403662972dcd827fc8c59a5b80e71d353e192e9bf9f73ddd	19203	output/synthetic_identifiability_qualification_v5/negative_recompute_cases/mutated_inputs/corpus_250207/donor_maps/absent_channel.json
f3249f64791d62298038a53cf8ee2c9d8ba9dc8c0784e80d6425b6f07fe06535	20163	output/synthetic_identifiability_qualification_v5/negative_recompute_cases/mutated_inputs/corpus_250207/donor_maps/randomized_shuffle.json
8705df71856779e500c1c9ffcfc156745fd12cd02948bb68e49e42d6376b8ad5	37923	output/synthetic_identifiability_qualification_v5/negative_recompute_cases/mutated_inputs/corpus_250207/donor_maps/sensor_corrupted.json
544fca11396c62f1ddccfeaf2f6311f01695ff719904e86c7dbaced5dd4464af	37923	output/synthetic_identifiability_qualification_v5/negative_recompute_cases/mutated_inputs/corpus_250207/donor_maps/shift_minus_8.json
cefe5ae2ad3c2a75d72c0aabad021d3d5f900f0c4461b8ee85ce697bfd231c16	37443	output/synthetic_identifiability_qualification_v5/negative_recompute_cases/mutated_inputs/corpus_250207/donor_maps/shift_plus_8.json
3bf927ee571335cb21d9b52034f53e0c09d7e018a14c6f992bbb4d8789fdf61e	20163	output/synthetic_identifiability_qualification_v5/negative_recompute_cases/mutated_inputs/corpus_250207/donor_maps/synchronized.json
76dc18a6886f0695975a1e780b0917aeb513f6f847bba77b50599f49e5cda164	25923	output/synthetic_identifiability_qualification_v5/negative_recompute_cases/mutated_inputs/corpus_250207/donor_maps/uninformative.json
8a062ed6feaf4d5b5d9a64d8db15dbded0f84c62bf8635b51c6f04743167130b	3581	output/synthetic_identifiability_qualification_v5/negative_recompute_cases/mutated_inputs/corpus_250207/evaluation_keys.jsonl
1eceb46d4e98c1a03f9d30441c251629ac451307560fafa8d6361c0b00350e48	23736	output/synthetic_identifiability_qualification_v5/negative_recompute_cases/mutated_inputs/corpus_250207/evaluation_prompts.jsonl
e3b0c44298fc1c149afbf4c8996fb92427ae41e4649b934ca495991b7852b855	0	output/synthetic_identifiability_qualification_v5/negative_recompute_cases/mutated_inputs/corpus_250207/evidence/absent_channel.jsonl
9e440fd76ac77b9a176b3e3b22e8e9af39d002591e72d776e454c031e1f6adbc	144793	output/synthetic_identifiability_qualification_v5/negative_recompute_cases/mutated_inputs/corpus_250207/evidence/randomized_shuffle.jsonl
d749cc5d55a96a33c3c1471f79238b1adc2ce35d40710e46ec40fb7d9f7f8fa4	153075	output/synthetic_identifiability_qualification_v5/negative_recompute_cases/mutated_inputs/corpus_250207/evidence/sensor_corrupted.jsonl
4d0255eba2d02cd7f7bdb990d1f1607cd852b1c4c8c5163a09ff4f237ec15879	156076	output/synthetic_identifiability_qualification_v5/negative_recompute_cases/mutated_inputs/corpus_250207/evidence/shift_minus_8.jsonl
96f627192b54e016bbbdf8aaccb8d2581ed5b291f9ca57f6a817b60ddf150177	156201	output/synthetic_identifiability_qualification_v5/negative_recompute_cases/mutated_inputs/corpus_250207/evidence/shift_plus_8.jsonl
25b1fa392a6a32353667d6310f6d10c27facdaea2d254c3f79e7df5cf0ec3430	144997	output/synthetic_identifiability_qualification_v5/negative_recompute_cases/mutated_inputs/corpus_250207/evidence/synchronized.jsonl
4f6de79f40fe628ca6f048b600f45680459988340c08b54405f8b994f370508e	144000	output/synthetic_identifiability_qualification_v5/negative_recompute_cases/mutated_inputs/corpus_250207/evidence/uninformative.jsonl
0b0d75af0ea425ec2c1ce30bee3cbbda9f0dfc8bb01a39354881024b75e5102c	245	output/synthetic_identifiability_qualification_v5/negative_recompute_cases/mutated_inputs/corpus_250207/lexicon_oracle.json
cd28f27ffc18df219661e67a687d08b1e8cd119553c9d3bc7a8badafd523c024	214656	output/synthetic_identifiability_qualification_v5/negative_recompute_cases/mutated_inputs/corpus_250207/oracle_episodes.jsonl
f840698d46394a1c59802aad01507f199e459ecaa8fe6d060c829a1afb7c957d	4233448	output/synthetic_identifiability_qualification_v5/negative_recompute_cases/mutated_inputs/corpus_250207/visible_episodes.jsonl
a45083ae68054ac77271dc10b1f52cfaffa240aca92a6f9afb631cc990a1dffa	10063	output/synthetic_identifiability_qualification_v5/negative_recompute_cases/mutated_inputs/input_manifest.json
8a134a980088f3af6da72ee74ee59e467b4fc4470a3cbe698b5ee4b8ebb44433	223	output/synthetic_identifiability_qualification_v5/negative_recompute_cases/mutated_inputs/qualification_metadata.json
5f5caa88371c3ab9324ded4afe95eb5428224a772c1f478a21cbb0bf24766986	106	output/synthetic_identifiability_qualification_v5/negative_recompute_cases/mutated_snapshot/babyworld_lite/__init__.py
c57a0e190b8f02bf89a698a272dc0f4fd254a6324cd39ca639165a623e68978c	157	output/synthetic_identifiability_qualification_v5/negative_recompute_cases/mutated_snapshot/babyworld_lite/sensor_alignment_v2/__init__.py
6d74817b5bb30b4b265f2ec246b71be432d68ca6f545d50b04a153d77df33b6d	16759	output/synthetic_identifiability_qualification_v5/negative_recompute_cases/mutated_snapshot/babyworld_lite/sensor_alignment_v2/detector.py
a66d16f515d275fcd08c1db7293ca9ba50c14e7e60b820bba5d2eca3c8338bd8	16903	output/synthetic_identifiability_qualification_v5/negative_recompute_cases/mutated_snapshot/babyworld_lite/sensor_alignment_v2/protocol.py
31aaba45e98455138ba798806497fbc83ab9f02e6843c0364f3378d1056eae1f	46948	output/synthetic_identifiability_qualification_v5/negative_recompute_cases/mutated_snapshot/babyworld_lite/sensor_alignment_v2/synthetic.py
09b30795b2e8be9a1d9682b8a0d15ef865cb578a13f958aecb8c70812ddeb960	167	output/synthetic_identifiability_qualification_v5/negative_recompute_cases/mutated_snapshot/babyworld_lite/sensor_alignment_v5/__init__.py
e876b659d7e813fdeb5593f7e87b70348231457eda368f3a4e2f8a934058ff0d	3429	output/synthetic_identifiability_qualification_v5/negative_recompute_cases/mutated_snapshot/babyworld_lite/sensor_alignment_v5/adjudicator.py
b9d31e52435f320cde3ca5b4d99c2164cc184c82b446b14ddae35bdd8c210217	27315	output/synthetic_identifiability_qualification_v5/negative_recompute_cases/mutated_snapshot/babyworld_lite/sensor_alignment_v5/benchmark.py
8168e05ba6778f02575cfb229fb72d04d853e9cfdd332aad2bb32b700d19fd1c	4073	output/synthetic_identifiability_qualification_v5/negative_recompute_cases/mutated_snapshot/babyworld_lite/sensor_alignment_v5/controls.py
d876b48f138cbe307c885f9ef406012a881f77f330553c3907d100f7c6f87f0a	7692	output/synthetic_identifiability_qualification_v5/negative_recompute_cases/mutated_snapshot/babyworld_lite/sensor_alignment_v5/detector_runtime.py
8f736716ca9fe4dc49833c01df585719bf786aec59fedfe0a31cd44a88c2115d	23692	output/synthetic_identifiability_qualification_v5/negative_recompute_cases/mutated_snapshot/babyworld_lite/sensor_alignment_v5/integrity.py
c98319c3a3eb4956224db061f2d738c956f8f37f5343665b9530bdfff1a134c0	17736	output/synthetic_identifiability_qualification_v5/negative_recompute_cases/mutated_snapshot/babyworld_lite/sensor_alignment_v5/learner.py
d41a0f0f8c565797bafcbc683ea25ac580cde43a6cec34942e286d003e7df009	11751	output/synthetic_identifiability_qualification_v5/negative_recompute_cases/mutated_snapshot/babyworld_lite/sensor_alignment_v5/protocol.py
ee5df0a1628ac0fda3e9347749ded4ec66185385f04040f860882fa3b950f24d	29576	output/synthetic_identifiability_qualification_v5/negative_recompute_cases/mutated_snapshot/babyworld_lite/sensor_alignment_v5/study.py
5921aa7e70b507b5c5c0a706e508f1ae7da1ab54398f4f96c296b902aa244b18	3273	output/synthetic_identifiability_qualification_v5/negative_recompute_cases/mutated_snapshot/configs/synthetic_identifiability_qualification_v5.yaml
2b55587c0b91e51ec5884b732ca13fc4bc453a0e416b52f99c40cb8374e9182e	1164	output/synthetic_identifiability_qualification_v5/negative_recompute_cases/mutated_snapshot/docs/synthetic_identifiability_qualification_v5_limitations.md
c2ae1814d2b22f596543bc03e038ed2ff159e3b59f2fbbe156938082a9549abe	419	output/synthetic_identifiability_qualification_v5/negative_recompute_cases/mutated_snapshot/docs/synthetic_identifiability_qualification_v5_primary_sources.json
00bb972b5cb1c8b68eede602ad078c40fd50a4b205558b6f1b20abc8f945b96d	3374	output/synthetic_identifiability_qualification_v5/negative_recompute_cases/mutated_snapshot/docs/synthetic_identifiability_qualification_v5_protocol.md
90bb291c92ef04ac2e78956fd04c08813180bb5ddc7acd5e79e356e64f6b9273	8271	output/synthetic_identifiability_qualification_v5/negative_recompute_cases/mutated_snapshot/docs/synthetic_identifiability_qualification_v5_traceability.json
5e03ca321d5b2c5368598420036629f0b722df540c993b86241fce65f911460e	1350	output/synthetic_identifiability_qualification_v5/negative_recompute_cases/mutated_snapshot/docs/synthetic_identifiability_qualification_v5_v4_disposition.md
a487035deba4692728240eb593ba16e1182d9b5959b43d950b60883d1ed08b33	1408	output/synthetic_identifiability_qualification_v5/negative_recompute_cases/mutated_snapshot/output/synthetic_sensor_event_robustness_v2/detector/frozen_detector.json
5a83db30c7afdd2111829afa42beed147b561452d1db6e0880218b79d3d0a324	6393	output/synthetic_identifiability_qualification_v5/negative_recompute_cases/mutated_snapshot/scripts/run_synthetic_identifiability_qualification_v5.py
2aadc10a97aa0565a9fff7a3995d3d9890759d6e5a2e8aafed168ee594a874ae	4424	output/synthetic_identifiability_qualification_v5/negative_recompute_cases/mutated_snapshot/snapshot_manifest.json
04bf49ff8c57405aee3d4c8654bb0afebc0349e7b873170f0e5eb9bec252cd57	16104	output/synthetic_identifiability_qualification_v5/negative_recompute_cases/mutated_snapshot/tests/test_synthetic_identifiability_qualification_v5.py
c4ba5e5a8a56523836ffbb69d76b4571778445dc5b501ce275ad5d210ea05e1b	4697	output/synthetic_identifiability_qualification_v5/negative_recompute_tests.json
a6c615e15671b7e0423ddb23ea3b9b430bb8e41d39d56600be7dd05cac28fab0	1377	output/synthetic_identifiability_qualification_v5/official_test_execution_report.json
a1a86d365b017ff988d03e3005b015cb370843a1f5cd20ce22efa6e1fa804edf	352	output/synthetic_identifiability_qualification_v5/preservation_proof.json
5789fe10b197f3ace6b356c68fc49453c91112030a27e4545ad8d8e0118d3918	164521	output/synthetic_identifiability_qualification_v5/preserved_v1_v4_hashes_after.tsv
5789fe10b197f3ace6b356c68fc49453c91112030a27e4545ad8d8e0118d3918	164521	output/synthetic_identifiability_qualification_v5/preserved_v1_v4_hashes_before.tsv
4a0fd77f7a7b503c86b546a06ee2029bf99f6f09d5e23259e930079a3c720c36	1093	output/synthetic_identifiability_qualification_v5/qualification_run/condition_audits.json
48d55a9ac1c8977c2f02dc93a3b290885c1e5f04810547850c98cc04ae522515	9355	output/synthetic_identifiability_qualification_v5/qualification_run/corpus_audits.json
3086bf4cc07d7ab6174fd47d29a95beed3ebe1ce2e8abc0a3695cfc8ee53e823	76410	output/synthetic_identifiability_qualification_v5/qualification_run/detector_capacity_audit.json
c00aa60e79252c31e6ee0be7d0ad67fc017502c9b08e972e19b95f1693b030c4	907	output/synthetic_identifiability_qualification_v5/qualification_run/detector_runtime_audit.json
b95aab56ff84a30e329585acc5e5bbb3725bd60b06bf3c941a4384760b627b5f	7276	output/synthetic_identifiability_qualification_v5/qualification_run/persisted_inputs/config.json
173deed65c3a79a8331d4f17b774ab1dd7ce96c6de2c06b0d62812e34335a1c3	496228	output/synthetic_identifiability_qualification_v5/qualification_run/persisted_inputs/corpus_250201/conditions/absent_channel.jsonl
86dc27192529d618f65ff02a562c1690b024215c8846a012bce0b4ee3836eb44	4233627	output/synthetic_identifiability_qualification_v5/qualification_run/persisted_inputs/corpus_250201/conditions/randomized_shuffle.jsonl
37f0e70960df45d0a5898d22198c6d3f0af2930caac9df3d2d4a84c924d20dda	3968375	output/synthetic_identifiability_qualification_v5/qualification_run/persisted_inputs/corpus_250201/conditions/sensor_corrupted.jsonl
38458112f94c07b922b2f317d71c153383e46dd3d389b5f4fa7900e1bdc58f41	4073816	output/synthetic_identifiability_qualification_v5/qualification_run/persisted_inputs/corpus_250201/conditions/shift_minus_8.jsonl
049da9066105a424734597cd34cf08d4680aad0e3eb8223ad43ade2d470c1e4d	4070388	output/synthetic_identifiability_qualification_v5/qualification_run/persisted_inputs/corpus_250201/conditions/shift_plus_8.jsonl
5da30d50dbb9ea59953fb2c5aec6cd6373fbc49ea08f1a3f60ebb72222567890	4233627	output/synthetic_identifiability_qualification_v5/qualification_run/persisted_inputs/corpus_250201/conditions/synchronized.jsonl
75b2637b974da32f5a0e1e3f295ebcf1e11934b06b3e1a369b1e8e2553dfd37c	2775748	output/synthetic_identifiability_qualification_v5/qualification_run/persisted_inputs/corpus_250201/conditions/uninformative.jsonl
2163105153b73d81af8465df53dc9b80560038c48e0879d06a8a26a2478e3229	4375	output/synthetic_identifiability_qualification_v5/qualification_run/persisted_inputs/corpus_250201/corpus_audit.json
ef55a642a388c4d6ee7e04b3c88ff98a54363a6d082895d6230ca9f4cffffe7f	19203	output/synthetic_identifiability_qualification_v5/qualification_run/persisted_inputs/corpus_250201/donor_maps/absent_channel.json
afbcf947ebd07e59801209c5b84b39fe2f761d648d125462be779c0a519c6058	20163	output/synthetic_identifiability_qualification_v5/qualification_run/persisted_inputs/corpus_250201/donor_maps/randomized_shuffle.json
371883e44eec8d92feafab4e24fb2e347cc56e5228b5e9e793c8a3f1cbdd8538	37923	output/synthetic_identifiability_qualification_v5/qualification_run/persisted_inputs/corpus_250201/donor_maps/sensor_corrupted.json
da4221a04fac2859e809f42352c9b77614a594fac802d81a8c1372e790607872	37923	output/synthetic_identifiability_qualification_v5/qualification_run/persisted_inputs/corpus_250201/donor_maps/shift_minus_8.json
d7d716cbe7cd42aa9dcbd19f758eac453f9a6d8c8a3444efccd68dfaeb55a257	37443	output/synthetic_identifiability_qualification_v5/qualification_run/persisted_inputs/corpus_250201/donor_maps/shift_plus_8.json
960dfdd6b35b359e6722eae10aaa4a14891538ce05e598017747f912dc822335	20163	output/synthetic_identifiability_qualification_v5/qualification_run/persisted_inputs/corpus_250201/donor_maps/synchronized.json
d80ec5db1a6c8606b962f536f115538663013e757aa524abffead0590420a737	25923	output/synthetic_identifiability_qualification_v5/qualification_run/persisted_inputs/corpus_250201/donor_maps/uninformative.json
1586dbb73dc223807d9f70d2819fde830ea71ce78c6252faf60ce36475d2660b	3581	output/synthetic_identifiability_qualification_v5/qualification_run/persisted_inputs/corpus_250201/evaluation_keys.jsonl
55d65a1126a3b39b6b7e93b81dce170a09e1326b9dc3391708801c9990d407a5	23736	output/synthetic_identifiability_qualification_v5/qualification_run/persisted_inputs/corpus_250201/evaluation_prompts.jsonl
e3b0c44298fc1c149afbf4c8996fb92427ae41e4649b934ca495991b7852b855	0	output/synthetic_identifiability_qualification_v5/qualification_run/persisted_inputs/corpus_250201/evidence/absent_channel.jsonl
ae6c2233c63a34ee93636e20a7041e0946a4029dffd6db775c8895f1d9c56811	144766	output/synthetic_identifiability_qualification_v5/qualification_run/persisted_inputs/corpus_250201/evidence/randomized_shuffle.jsonl
1e3c321b7e5dff0cedd0bc73a742ed8bc88bbdabcefc7e4ee19c8a54246f2ca8	153134	output/synthetic_identifiability_qualification_v5/qualification_run/persisted_inputs/corpus_250201/evidence/sensor_corrupted.jsonl
9c17302939360866026cd366a87a56a2c85fa140a8a1d681b7957d3d0a9b6860	155911	output/synthetic_identifiability_qualification_v5/qualification_run/persisted_inputs/corpus_250201/evidence/shift_minus_8.jsonl
185486c217a9217db625e2f0dd66b42d243e36df28517907d1a13250dd055314	156490	output/synthetic_identifiability_qualification_v5/qualification_run/persisted_inputs/corpus_250201/evidence/shift_plus_8.jsonl
778acf4b657a5091051326552c5f990d2434888d11cf5f18f65b7960bd016a48	144989	output/synthetic_identifiability_qualification_v5/qualification_run/persisted_inputs/corpus_250201/evidence/synchronized.jsonl
ed104674283952a32818a88c402b0046d62e7652d38d060032eb6786e62b340f	144000	output/synthetic_identifiability_qualification_v5/qualification_run/persisted_inputs/corpus_250201/evidence/uninformative.jsonl
bc56b8c8b9961b1815b49918db6adb2a0fccf2c9d588a8f45cc2674b5c6aeb36	245	output/synthetic_identifiability_qualification_v5/qualification_run/persisted_inputs/corpus_250201/lexicon_oracle.json
451f550965f746cfe105e08803818530c07b47ca3953cac9dbfbb007405a50af	214656	output/synthetic_identifiability_qualification_v5/qualification_run/persisted_inputs/corpus_250201/oracle_episodes.jsonl
5da30d50dbb9ea59953fb2c5aec6cd6373fbc49ea08f1a3f60ebb72222567890	4233627	output/synthetic_identifiability_qualification_v5/qualification_run/persisted_inputs/corpus_250201/visible_episodes.jsonl
2d07ffa05f57ca72d7afe04c76d13d9ef89ea5285a3a866e7b364a73abb87155	495620	output/synthetic_identifiability_qualification_v5/qualification_run/persisted_inputs/corpus_250207/conditions/absent_channel.jsonl
b7381deb8de3edfd9feef4af097516b41ca2b7a8e11cfecacf83e29ce4bc18a1	4233448	output/synthetic_identifiability_qualification_v5/qualification_run/persisted_inputs/corpus_250207/conditions/randomized_shuffle.jsonl
1f3c83f723630c1df92b705f602f55af030c354e20d5b0e78d43b0322e6e8cd7	3970555	output/synthetic_identifiability_qualification_v5/qualification_run/persisted_inputs/corpus_250207/conditions/sensor_corrupted.jsonl
d9aa297a0d26ec08ad9ac24711692445fc013acc195ff6dcdd23cbd3f98c81f1	4071559	output/synthetic_identifiability_qualification_v5/qualification_run/persisted_inputs/corpus_250207/conditions/shift_minus_8.jsonl
a112dc25a657e6cf41f4b5db1e80cbb37db9d7ae9ba19f7ef75813773045f01a	4071303	output/synthetic_identifiability_qualification_v5/qualification_run/persisted_inputs/corpus_250207/conditions/shift_plus_8.jsonl
f840698d46394a1c59802aad01507f199e459ecaa8fe6d060c829a1afb7c957d	4233448	output/synthetic_identifiability_qualification_v5/qualification_run/persisted_inputs/corpus_250207/conditions/synchronized.jsonl
fe0d321ffcce000fbf8e5e8818cc251aee83a9eb5b8d1f0a8e92358ea334fdf7	2775140	output/synthetic_identifiability_qualification_v5/qualification_run/persisted_inputs/corpus_250207/conditions/uninformative.jsonl
4bcb6f82074a7cd024f028aef8658be179f9f9636b6cb52e2821fc9ad91ec0c8	4365	output/synthetic_identifiability_qualification_v5/qualification_run/persisted_inputs/corpus_250207/corpus_audit.json
3d7268154925cef2403662972dcd827fc8c59a5b80e71d353e192e9bf9f73ddd	19203	output/synthetic_identifiability_qualification_v5/qualification_run/persisted_inputs/corpus_250207/donor_maps/absent_channel.json
f3249f64791d62298038a53cf8ee2c9d8ba9dc8c0784e80d6425b6f07fe06535	20163	output/synthetic_identifiability_qualification_v5/qualification_run/persisted_inputs/corpus_250207/donor_maps/randomized_shuffle.json
8705df71856779e500c1c9ffcfc156745fd12cd02948bb68e49e42d6376b8ad5	37923	output/synthetic_identifiability_qualification_v5/qualification_run/persisted_inputs/corpus_250207/donor_maps/sensor_corrupted.json
544fca11396c62f1ddccfeaf2f6311f01695ff719904e86c7dbaced5dd4464af	37923	output/synthetic_identifiability_qualification_v5/qualification_run/persisted_inputs/corpus_250207/donor_maps/shift_minus_8.json
cefe5ae2ad3c2a75d72c0aabad021d3d5f900f0c4461b8ee85ce697bfd231c16	37443	output/synthetic_identifiability_qualification_v5/qualification_run/persisted_inputs/corpus_250207/donor_maps/shift_plus_8.json
3bf927ee571335cb21d9b52034f53e0c09d7e018a14c6f992bbb4d8789fdf61e	20163	output/synthetic_identifiability_qualification_v5/qualification_run/persisted_inputs/corpus_250207/donor_maps/synchronized.json
76dc18a6886f0695975a1e780b0917aeb513f6f847bba77b50599f49e5cda164	25923	output/synthetic_identifiability_qualification_v5/qualification_run/persisted_inputs/corpus_250207/donor_maps/uninformative.json
8a062ed6feaf4d5b5d9a64d8db15dbded0f84c62bf8635b51c6f04743167130b	3581	output/synthetic_identifiability_qualification_v5/qualification_run/persisted_inputs/corpus_250207/evaluation_keys.jsonl
1eceb46d4e98c1a03f9d30441c251629ac451307560fafa8d6361c0b00350e48	23736	output/synthetic_identifiability_qualification_v5/qualification_run/persisted_inputs/corpus_250207/evaluation_prompts.jsonl
e3b0c44298fc1c149afbf4c8996fb92427ae41e4649b934ca495991b7852b855	0	output/synthetic_identifiability_qualification_v5/qualification_run/persisted_inputs/corpus_250207/evidence/absent_channel.jsonl
9e440fd76ac77b9a176b3e3b22e8e9af39d002591e72d776e454c031e1f6adbc	144793	output/synthetic_identifiability_qualification_v5/qualification_run/persisted_inputs/corpus_250207/evidence/randomized_shuffle.jsonl
d749cc5d55a96a33c3c1471f79238b1adc2ce35d40710e46ec40fb7d9f7f8fa4	153075	output/synthetic_identifiability_qualification_v5/qualification_run/persisted_inputs/corpus_250207/evidence/sensor_corrupted.jsonl
4d0255eba2d02cd7f7bdb990d1f1607cd852b1c4c8c5163a09ff4f237ec15879	156076	output/synthetic_identifiability_qualification_v5/qualification_run/persisted_inputs/corpus_250207/evidence/shift_minus_8.jsonl
96f627192b54e016bbbdf8aaccb8d2581ed5b291f9ca57f6a817b60ddf150177	156201	output/synthetic_identifiability_qualification_v5/qualification_run/persisted_inputs/corpus_250207/evidence/shift_plus_8.jsonl
25b1fa392a6a32353667d6310f6d10c27facdaea2d254c3f79e7df5cf0ec3430	144997	output/synthetic_identifiability_qualification_v5/qualification_run/persisted_inputs/corpus_250207/evidence/synchronized.jsonl
4f6de79f40fe628ca6f048b600f45680459988340c08b54405f8b994f370508e	144000	output/synthetic_identifiability_qualification_v5/qualification_run/persisted_inputs/corpus_250207/evidence/uninformative.jsonl
0b0d75af0ea425ec2c1ce30bee3cbbda9f0dfc8bb01a39354881024b75e5102c	245	output/synthetic_identifiability_qualification_v5/qualification_run/persisted_inputs/corpus_250207/lexicon_oracle.json
cd28f27ffc18df219661e67a687d08b1e8cd119553c9d3bc7a8badafd523c024	214656	output/synthetic_identifiability_qualification_v5/qualification_run/persisted_inputs/corpus_250207/oracle_episodes.jsonl
f840698d46394a1c59802aad01507f199e459ecaa8fe6d060c829a1afb7c957d	4233448	output/synthetic_identifiability_qualification_v5/qualification_run/persisted_inputs/corpus_250207/visible_episodes.jsonl
a45083ae68054ac77271dc10b1f52cfaffa240aca92a6f9afb631cc990a1dffa	10063	output/synthetic_identifiability_qualification_v5/qualification_run/persisted_inputs/input_manifest.json
8a134a980088f3af6da72ee74ee59e467b4fc4470a3cbe698b5ee4b8ebb44433	223	output/synthetic_identifiability_qualification_v5/qualification_run/persisted_inputs/qualification_metadata.json
f675cb16f6f195a952d1ef8bc6e922bd756ea9710cb2bbf277bbd2506706a949	1265	output/synthetic_identifiability_qualification_v5/qualification_run/qualification_summary.json
3df549afdce0aff60c5a8a99a35423bca041d60544df8c99145eafd2e214caa4	99283	output/synthetic_identifiability_qualification_v5/qualification_run/recomputable/compute_operation_log.json
47f6cf85ce62a5ed2d534c2cc3c3b9b704d5882a562bf3dafe2a06e271a3f73e	65127	output/synthetic_identifiability_qualification_v5/qualification_run/recomputable/control_results.json
51ef2270cc60271983f872a187dbb1c367b3059968243050306dd9da6afec272	901	output/synthetic_identifiability_qualification_v5/qualification_run/recomputable/core_gates.json
d9f7a8c2dbeea57186cab16be27df85af11f086ff0f401c62ef45e68e85e654e	1805	output/synthetic_identifiability_qualification_v5/qualification_run/recomputable/factor_audit.json
ab449126d4a3d0f4dc297e16c1f3eb4aee47447961934193e7c55b75890660ed	1122286	output/synthetic_identifiability_qualification_v5/qualification_run/recomputable/factor_results.json
dd290bdc51822a4821b06acabb1dceda637c4480cc5d089deef8e60d40653e2f	342	output/synthetic_identifiability_qualification_v5/qualification_run/recomputable/leakage_audit.json
e8a4be440940f4fa3d9be531c1f5ce75a0b44d58796df3ef377800714520596d	411	output/synthetic_identifiability_qualification_v5/qualification_run/recomputable/learner_numeric_audit.json
de7ac6c8eb29432a55a18e1c8e42d5ffb15e750e20bf656a878abaee7fdb6339	504413	output/synthetic_identifiability_qualification_v5/qualification_run/recomputable/model_results.json
bf782073a58f653ce90a5f7949a02586202ca8c4a15332f52726a2ebb9f57e04	9940	output/synthetic_identifiability_qualification_v5/qualification_run/recomputable/order_invariance_audit.json
2efd10dbd74701b89786414f88ec0e5abc89e8b2166277c643e8b885cc2d3c66	7121	output/synthetic_identifiability_qualification_v5/qualification_run/seed_operation_log.json
e17b06e8e9e111762d8197ef9b09125e6510a4c88c400e0cbb0a1e399baebdbb	1719	output/synthetic_identifiability_qualification_v5/terminal_decision.json
dd13f5fab1691036ed59add01e068c3924f400efc82fc645f342478c43401e3d	3306	output/synthetic_identifiability_qualification_v5/terminal_regeneration.json
fcb97d44c7ea1d9aa7edf0b8bebe2c3536696a4e4f8b6d254533e14859554aa4	1902	output/synthetic_identifiability_qualification_v5/terminal_staging/adjudication_inputs.json
e17b06e8e9e111762d8197ef9b09125e6510a4c88c400e0cbb0a1e399baebdbb	1719	output/synthetic_identifiability_qualification_v5/terminal_staging/terminal_decision.json
2b47644e09a850828f54e67dcaf607627885d638d469d7d63c927ab8c8fcb1a4	300	output/synthetic_identifiability_qualification_v5/traceability_validation.json
b4b0e30bf7fd692ef5bf254c0c020641bb3591f4453c27747a944f52110db62b	892	output/synthetic_identifiability_qualification_v6/prefreeze_invalidation.json
c004dbbcf32cfc05a82e982570255a3c10068f537de28dc160c950bbf586d2f8	2199	output/synthetic_identifiability_qualification_v7/adjudication_inputs.json
27cb83b86c470586881f943e8f83e083f91edbe9141be5c7b13b6a372e07797e	4718	output/synthetic_identifiability_qualification_v7/collected_tests_pre_freeze.json
009afb669b6a692f4856eb20b9f7fe1eb23edb6b0069933e24e643859a1d26fe	76998	output/synthetic_identifiability_qualification_v7/complete_file_manifest.json
225d6b6748a318680188253a03af1d53b6dbb613d827b7743e317bd9b71a15f6	550	output/synthetic_identifiability_qualification_v7/fixture_validation_1/condition_audits.json
0d651f9afcb09152697cab97773f79e008f2ef825d98f936e8ccef93f38e3205	175187	output/synthetic_identifiability_qualification_v7/fixture_validation_1/corpus_audits.json
057bc62ccdb7951b336dda5d4a03937965463a031b7c08d4a496d5e7becbfeef	342087	output/synthetic_identifiability_qualification_v7/fixture_validation_1/detector_capacity_audit.json
7bfc7d56c21e0b06b78bb723eebe04e8bd48afd175d4dbe1f347f7cb0dd56bcc	909	output/synthetic_identifiability_qualification_v7/fixture_validation_1/detector_runtime_audit.json
7eb4b8af3c5a846e9d8ebe9a726015143509364d0d16c3295a9378e7bc1e79a0	631	output/synthetic_identifiability_qualification_v7/fixture_validation_1/identifier_reference_audit.json
bd9c63aa5f0ef83b833606f11fc64fa4ae5166e351d79811497acda065ab7610	12607	output/synthetic_identifiability_qualification_v7/fixture_validation_1/persisted_inputs/config.json
f2f1844c25d0f232e49cff5218dd50b55f511b07b6fc80cb9dfa5255e6525e5c	4223212	output/synthetic_identifiability_qualification_v7/fixture_validation_1/persisted_inputs/corpus_270001/conditions/absent_channel.jsonl
e523318fdf260341c0bacbe95fc3573c59df71b2c69c9fd5acd1c153add887de	33748294	output/synthetic_identifiability_qualification_v7/fixture_validation_1/persisted_inputs/corpus_270001/conditions/randomized_shuffle.jsonl
ba1aa2f2b67f1201c74d3129bb1348472562f00189c257986f41be3db22cd986	31658881	output/synthetic_identifiability_qualification_v7/fixture_validation_1/persisted_inputs/corpus_270001/conditions/sensor_corrupted.jsonl
ee3ab22e60d9790f519d4302df08e5809e9f00bb6cc80ab872196512ea9a4d80	32478525	output/synthetic_identifiability_qualification_v7/fixture_validation_1/persisted_inputs/corpus_270001/conditions/shift_minus_8.jsonl
26521245cdceca84f5ca1d731cac77b1e5fcf9a51bfac4671319b38d89b1f904	32462646	output/synthetic_identifiability_qualification_v7/fixture_validation_1/persisted_inputs/corpus_270001/conditions/shift_plus_8.jsonl
2c7430462604796270a8deab904a96b982b1aab7771ebc0acbe4f3769242c51e	33748294	output/synthetic_identifiability_qualification_v7/fixture_validation_1/persisted_inputs/corpus_270001/conditions/synchronized.jsonl
4abf4644881857bea4fe11f771d4d7db906d6b6587782e65e7edb1a620b2af02	22231420	output/synthetic_identifiability_qualification_v7/fixture_validation_1/persisted_inputs/corpus_270001/conditions/uninformative.jsonl
d05ded9b499b46d011d056f6bf156bee07196727c47e13921ab5949d408156a5	165504	output/synthetic_identifiability_qualification_v7/fixture_validation_1/persisted_inputs/corpus_270001/corpus_audit.json
c11cb64bded98d70043d965ec7163b2c3e0beb1a25ad12788ec5b9653cbf96d6	154275	output/synthetic_identifiability_qualification_v7/fixture_validation_1/persisted_inputs/corpus_270001/donor_maps/absent_channel.json
200dcfd24171a9b9ea0ed0448e375eee5dd2a946c584ab7b8fe14fd21dbff822	164451	output/synthetic_identifiability_qualification_v7/fixture_validation_1/persisted_inputs/corpus_270001/donor_maps/randomized_shuffle.json
ab46b4396f70bf7bd84712644d3bf48ccabc67ebe7192d36d137987726c932ae	304755	output/synthetic_identifiability_qualification_v7/fixture_validation_1/persisted_inputs/corpus_270001/donor_maps/sensor_corrupted.json
12f8c6ad5e31d7b41fa1231b7f614642e82b05b6e9c0ae88a42ed8eec29083cc	304755	output/synthetic_identifiability_qualification_v7/fixture_validation_1/persisted_inputs/corpus_270001/donor_maps/shift_minus_8.json
d4566a7461aec5c3cefa9733278c42e1ab9c715b6a471cedc5e88e4a72abaf95	300963	output/synthetic_identifiability_qualification_v7/fixture_validation_1/persisted_inputs/corpus_270001/donor_maps/shift_plus_8.json
395eb3a9b88066f8f3eac90b9938ac97d4f0e5dac31a06e1f9043cd2b5c5bd8e	164451	output/synthetic_identifiability_qualification_v7/fixture_validation_1/persisted_inputs/corpus_270001/donor_maps/synchronized.json
56c197b65f426235caa747b733b5bcb87c1d53175b3a555290e5472a6ee55b21	207363	output/synthetic_identifiability_qualification_v7/fixture_validation_1/persisted_inputs/corpus_270001/donor_maps/uninformative.json
5b531e778726fa4f2eb28553a3cf1261905b8ad404fdeaa5f9d43aee8680a6e8	3581	output/synthetic_identifiability_qualification_v7/fixture_validation_1/persisted_inputs/corpus_270001/evaluation_keys.jsonl
1053db9534fd9fe9920a77b0328ed58a0badef38be9d5ef22120252aa900cb5a	23736	output/synthetic_identifiability_qualification_v7/fixture_validation_1/persisted_inputs/corpus_270001/evaluation_prompts.jsonl
e3b0c44298fc1c149afbf4c8996fb92427ae41e4649b934ca495991b7852b855	0	output/synthetic_identifiability_qualification_v7/fixture_validation_1/persisted_inputs/corpus_270001/evidence/absent_channel.jsonl
a09d8de614d438e6a3c6b5838e5bb686e84da82c5465dbf7456e0d99cc846282	1209008	output/synthetic_identifiability_qualification_v7/fixture_validation_1/persisted_inputs/corpus_270001/evidence/randomized_shuffle.jsonl
1eecc73e4ee6a6540179198d59276bc479f4a71963d51186f7c2b707d741a3a0	1272947	output/synthetic_identifiability_qualification_v7/fixture_validation_1/persisted_inputs/corpus_270001/evidence/sensor_corrupted.jsonl
a8a97a15330ffbb6eb32d21bd4adbfb8b3bd0f18b06fccb90ed6c887d66e6993	1297592	output/synthetic_identifiability_qualification_v7/fixture_validation_1/persisted_inputs/corpus_270001/evidence/shift_minus_8.jsonl
90f7fb9eaabc7ee8f94c506d8a633b8374c4f2eefa8e2862e8cd426e0d33c99c	1300388	output/synthetic_identifiability_qualification_v7/fixture_validation_1/persisted_inputs/corpus_270001/evidence/shift_plus_8.jsonl
a84b61269f38923ec2dbaae658a632ba3d87c0e77b38eca61533428036193a24	1209519	output/synthetic_identifiability_qualification_v7/fixture_validation_1/persisted_inputs/corpus_270001/evidence/synchronized.jsonl
693c0710a74adcb7ec1b40d4432a88e83495a29bca4e9a617b6e64b156e527be	1202592	output/synthetic_identifiability_qualification_v7/fixture_validation_1/persisted_inputs/corpus_270001/evidence/uninformative.jsonl
743b9d2bcfe6b0c5b3b34fd5aff63fd4a6dc7f52901c1603c5f6fa455ad9065a	245	output/synthetic_identifiability_qualification_v7/fixture_validation_1/persisted_inputs/corpus_270001/lexicon_oracle.json
54074675ad7e682114c07a0225a6db4a9679828fdc2b4566680dda535184f2fa	1941206	output/synthetic_identifiability_qualification_v7/fixture_validation_1/persisted_inputs/corpus_270001/oracle_episodes.jsonl
2c7430462604796270a8deab904a96b982b1aab7771ebc0acbe4f3769242c51e	33748294	output/synthetic_identifiability_qualification_v7/fixture_validation_1/persisted_inputs/corpus_270001/visible_episodes.jsonl
ec376e53bce482da14cb0e36aff5d9636fee3a69f732e1d5c45c6a197f55ea8f	5270	output/synthetic_identifiability_qualification_v7/fixture_validation_1/persisted_inputs/input_manifest.json
8f09313b3b34e99110f2b5795f27df97f60bf8a6204d09f4a0b7cad298a9e9fb	197	output/synthetic_identifiability_qualification_v7/fixture_validation_1/persisted_inputs/qualification_metadata.json
3893e9525c4da1b6a9c348ce282ee4a61647ca492478b222003f6071cb667756	1573	output/synthetic_identifiability_qualification_v7/fixture_validation_1/qualification_summary.json
17506c46a83890a6c7006feeb997caaef88b21f62ca3f3ed879e633ddc97b76a	41741	output/synthetic_identifiability_qualification_v7/fixture_validation_1/recomputable/compute_operation_log.json
80852a653116b8cfdf977449020261c45a326eb2206b13067f7f1b651fed459d	58347	output/synthetic_identifiability_qualification_v7/fixture_validation_1/recomputable/control_results.json
1de1e7d891009d9c60224580756f37e6af9efcefd99285d7ca686fe84f045f43	19219	output/synthetic_identifiability_qualification_v7/fixture_validation_1/recomputable/core_gates.json
53a4f41378ee00661d8a6077c85b89ad1e2e6d536efca6dfdae445822203e5b9	14588	output/synthetic_identifiability_qualification_v7/fixture_validation_1/recomputable/factor_audit.json
302aedb9b5074f58dba06d78c579d8cc3dceb2458a4fb3fb6896bd74235ee293	1723777	output/synthetic_identifiability_qualification_v7/fixture_validation_1/recomputable/factor_results.json
dd290bdc51822a4821b06acabb1dceda637c4480cc5d089deef8e60d40653e2f	342	output/synthetic_identifiability_qualification_v7/fixture_validation_1/recomputable/leakage_audit.json
ae0de286c6162a03c11d47a82ee520430f67382eaa2c4b4065960a5d1080de36	411	output/synthetic_identifiability_qualification_v7/fixture_validation_1/recomputable/learner_numeric_audit.json
b74df6c927539577e857d736cc284b3c165604a697ae2d952e0d7a9f8e707cf2	297649	output/synthetic_identifiability_qualification_v7/fixture_validation_1/recomputable/model_results.json
c1550514c65431636aeb009b7c22275848edeb70cc00bf34b8faf91e3c7e8a23	125448	output/synthetic_identifiability_qualification_v7/fixture_validation_1/recomputable/null_capacity_audit.json
28c5df02d84b85abb0a44b9e8360838d84ba943fd06aeaf22244a9b6071f303c	2757	output/synthetic_identifiability_qualification_v7/fixture_validation_1/recomputable/order_invariance_audit.json
f71b0ec6f716f3f1b3d3d1cfb5e6729aa1cfe289febd6155d03472e947857776	45384	output/synthetic_identifiability_qualification_v7/fixture_validation_1/seed_operation_log.json
225d6b6748a318680188253a03af1d53b6dbb613d827b7743e317bd9b71a15f6	550	output/synthetic_identifiability_qualification_v7/fixture_validation_2/condition_audits.json
0d651f9afcb09152697cab97773f79e008f2ef825d98f936e8ccef93f38e3205	175187	output/synthetic_identifiability_qualification_v7/fixture_validation_2/corpus_audits.json
057bc62ccdb7951b336dda5d4a03937965463a031b7c08d4a496d5e7becbfeef	342087	output/synthetic_identifiability_qualification_v7/fixture_validation_2/detector_capacity_audit.json
7bfc7d56c21e0b06b78bb723eebe04e8bd48afd175d4dbe1f347f7cb0dd56bcc	909	output/synthetic_identifiability_qualification_v7/fixture_validation_2/detector_runtime_audit.json
7eb4b8af3c5a846e9d8ebe9a726015143509364d0d16c3295a9378e7bc1e79a0	631	output/synthetic_identifiability_qualification_v7/fixture_validation_2/identifier_reference_audit.json
407afd82d22d45218004d179d10a8ec0aee4b3a560b02b99f764a207a58b6a33	12733	output/synthetic_identifiability_qualification_v7/fixture_validation_2/persisted_inputs/config.json
f2f1844c25d0f232e49cff5218dd50b55f511b07b6fc80cb9dfa5255e6525e5c	4223212	output/synthetic_identifiability_qualification_v7/fixture_validation_2/persisted_inputs/corpus_270001/conditions/absent_channel.jsonl
e523318fdf260341c0bacbe95fc3573c59df71b2c69c9fd5acd1c153add887de	33748294	output/synthetic_identifiability_qualification_v7/fixture_validation_2/persisted_inputs/corpus_270001/conditions/randomized_shuffle.jsonl
ba1aa2f2b67f1201c74d3129bb1348472562f00189c257986f41be3db22cd986	31658881	output/synthetic_identifiability_qualification_v7/fixture_validation_2/persisted_inputs/corpus_270001/conditions/sensor_corrupted.jsonl
ee3ab22e60d9790f519d4302df08e5809e9f00bb6cc80ab872196512ea9a4d80	32478525	output/synthetic_identifiability_qualification_v7/fixture_validation_2/persisted_inputs/corpus_270001/conditions/shift_minus_8.jsonl
26521245cdceca84f5ca1d731cac77b1e5fcf9a51bfac4671319b38d89b1f904	32462646	output/synthetic_identifiability_qualification_v7/fixture_validation_2/persisted_inputs/corpus_270001/conditions/shift_plus_8.jsonl
2c7430462604796270a8deab904a96b982b1aab7771ebc0acbe4f3769242c51e	33748294	output/synthetic_identifiability_qualification_v7/fixture_validation_2/persisted_inputs/corpus_270001/conditions/synchronized.jsonl
4abf4644881857bea4fe11f771d4d7db906d6b6587782e65e7edb1a620b2af02	22231420	output/synthetic_identifiability_qualification_v7/fixture_validation_2/persisted_inputs/corpus_270001/conditions/uninformative.jsonl
d05ded9b499b46d011d056f6bf156bee07196727c47e13921ab5949d408156a5	165504	output/synthetic_identifiability_qualification_v7/fixture_validation_2/persisted_inputs/corpus_270001/corpus_audit.json
c11cb64bded98d70043d965ec7163b2c3e0beb1a25ad12788ec5b9653cbf96d6	154275	output/synthetic_identifiability_qualification_v7/fixture_validation_2/persisted_inputs/corpus_270001/donor_maps/absent_channel.json
200dcfd24171a9b9ea0ed0448e375eee5dd2a946c584ab7b8fe14fd21dbff822	164451	output/synthetic_identifiability_qualification_v7/fixture_validation_2/persisted_inputs/corpus_270001/donor_maps/randomized_shuffle.json
ab46b4396f70bf7bd84712644d3bf48ccabc67ebe7192d36d137987726c932ae	304755	output/synthetic_identifiability_qualification_v7/fixture_validation_2/persisted_inputs/corpus_270001/donor_maps/sensor_corrupted.json
12f8c6ad5e31d7b41fa1231b7f614642e82b05b6e9c0ae88a42ed8eec29083cc	304755	output/synthetic_identifiability_qualification_v7/fixture_validation_2/persisted_inputs/corpus_270001/donor_maps/shift_minus_8.json
d4566a7461aec5c3cefa9733278c42e1ab9c715b6a471cedc5e88e4a72abaf95	300963	output/synthetic_identifiability_qualification_v7/fixture_validation_2/persisted_inputs/corpus_270001/donor_maps/shift_plus_8.json
395eb3a9b88066f8f3eac90b9938ac97d4f0e5dac31a06e1f9043cd2b5c5bd8e	164451	output/synthetic_identifiability_qualification_v7/fixture_validation_2/persisted_inputs/corpus_270001/donor_maps/synchronized.json
56c197b65f426235caa747b733b5bcb87c1d53175b3a555290e5472a6ee55b21	207363	output/synthetic_identifiability_qualification_v7/fixture_validation_2/persisted_inputs/corpus_270001/donor_maps/uninformative.json
5b531e778726fa4f2eb28553a3cf1261905b8ad404fdeaa5f9d43aee8680a6e8	3581	output/synthetic_identifiability_qualification_v7/fixture_validation_2/persisted_inputs/corpus_270001/evaluation_keys.jsonl
1053db9534fd9fe9920a77b0328ed58a0badef38be9d5ef22120252aa900cb5a	23736	output/synthetic_identifiability_qualification_v7/fixture_validation_2/persisted_inputs/corpus_270001/evaluation_prompts.jsonl
e3b0c44298fc1c149afbf4c8996fb92427ae41e4649b934ca495991b7852b855	0	output/synthetic_identifiability_qualification_v7/fixture_validation_2/persisted_inputs/corpus_270001/evidence/absent_channel.jsonl
a09d8de614d438e6a3c6b5838e5bb686e84da82c5465dbf7456e0d99cc846282	1209008	output/synthetic_identifiability_qualification_v7/fixture_validation_2/persisted_inputs/corpus_270001/evidence/randomized_shuffle.jsonl
1eecc73e4ee6a6540179198d59276bc479f4a71963d51186f7c2b707d741a3a0	1272947	output/synthetic_identifiability_qualification_v7/fixture_validation_2/persisted_inputs/corpus_270001/evidence/sensor_corrupted.jsonl
a8a97a15330ffbb6eb32d21bd4adbfb8b3bd0f18b06fccb90ed6c887d66e6993	1297592	output/synthetic_identifiability_qualification_v7/fixture_validation_2/persisted_inputs/corpus_270001/evidence/shift_minus_8.jsonl
90f7fb9eaabc7ee8f94c506d8a633b8374c4f2eefa8e2862e8cd426e0d33c99c	1300388	output/synthetic_identifiability_qualification_v7/fixture_validation_2/persisted_inputs/corpus_270001/evidence/shift_plus_8.jsonl
a84b61269f38923ec2dbaae658a632ba3d87c0e77b38eca61533428036193a24	1209519	output/synthetic_identifiability_qualification_v7/fixture_validation_2/persisted_inputs/corpus_270001/evidence/synchronized.jsonl
693c0710a74adcb7ec1b40d4432a88e83495a29bca4e9a617b6e64b156e527be	1202592	output/synthetic_identifiability_qualification_v7/fixture_validation_2/persisted_inputs/corpus_270001/evidence/uninformative.jsonl
743b9d2bcfe6b0c5b3b34fd5aff63fd4a6dc7f52901c1603c5f6fa455ad9065a	245	output/synthetic_identifiability_qualification_v7/fixture_validation_2/persisted_inputs/corpus_270001/lexicon_oracle.json
54074675ad7e682114c07a0225a6db4a9679828fdc2b4566680dda535184f2fa	1941206	output/synthetic_identifiability_qualification_v7/fixture_validation_2/persisted_inputs/corpus_270001/oracle_episodes.jsonl
2c7430462604796270a8deab904a96b982b1aab7771ebc0acbe4f3769242c51e	33748294	output/synthetic_identifiability_qualification_v7/fixture_validation_2/persisted_inputs/corpus_270001/visible_episodes.jsonl
4683270c83229c08fc84a74ccebb47c39394ff6ff5a70897dff5d33ba41a7fe3	5270	output/synthetic_identifiability_qualification_v7/fixture_validation_2/persisted_inputs/input_manifest.json
8f09313b3b34e99110f2b5795f27df97f60bf8a6204d09f4a0b7cad298a9e9fb	197	output/synthetic_identifiability_qualification_v7/fixture_validation_2/persisted_inputs/qualification_metadata.json
3893e9525c4da1b6a9c348ce282ee4a61647ca492478b222003f6071cb667756	1573	output/synthetic_identifiability_qualification_v7/fixture_validation_2/qualification_summary.json
17506c46a83890a6c7006feeb997caaef88b21f62ca3f3ed879e633ddc97b76a	41741	output/synthetic_identifiability_qualification_v7/fixture_validation_2/recomputable/compute_operation_log.json
80852a653116b8cfdf977449020261c45a326eb2206b13067f7f1b651fed459d	58347	output/synthetic_identifiability_qualification_v7/fixture_validation_2/recomputable/control_results.json
160c82b11bfe8a380e1b51a113f31c72029f7a7601cc083b01c05da740692570	19225	output/synthetic_identifiability_qualification_v7/fixture_validation_2/recomputable/core_gates.json
3fb9d5c9e211e3f67a3ff26041bb80f08afcbd12465a8909cc4db8809a868e58	14588	output/synthetic_identifiability_qualification_v7/fixture_validation_2/recomputable/factor_audit.json
d85c57ab0e75d5d6b859754c2df0e14eefc353f3cb291c7d3e1e8eb1c262c6e9	1723580	output/synthetic_identifiability_qualification_v7/fixture_validation_2/recomputable/factor_results.json
dd290bdc51822a4821b06acabb1dceda637c4480cc5d089deef8e60d40653e2f	342	output/synthetic_identifiability_qualification_v7/fixture_validation_2/recomputable/leakage_audit.json
41cf308832c730355c801c0454b780f4f62f64fa99b98873a705eff64f011c74	411	output/synthetic_identifiability_qualification_v7/fixture_validation_2/recomputable/learner_numeric_audit.json
11a0118108e36dc928ecc76c62b37e2af6bcc9f92f5089d0d5ae13e1deed8023	331402	output/synthetic_identifiability_qualification_v7/fixture_validation_2/recomputable/model_results.json
c0e4b06cd7b146b739c4802b7bc83dbbd3b815b2ae2a5d76cae4aaed555fa9eb	134938	output/synthetic_identifiability_qualification_v7/fixture_validation_2/recomputable/null_capacity_audit.json
0457bab36f4eb07b40b618961171a155cab4e972065a462e3d718b103fe51ac0	2757	output/synthetic_identifiability_qualification_v7/fixture_validation_2/recomputable/order_invariance_audit.json
f71b0ec6f716f3f1b3d3d1cfb5e6729aa1cfe289febd6155d03472e947857776	45384	output/synthetic_identifiability_qualification_v7/fixture_validation_2/seed_operation_log.json
225d6b6748a318680188253a03af1d53b6dbb613d827b7743e317bd9b71a15f6	550	output/synthetic_identifiability_qualification_v7/fixture_validation_3/condition_audits.json
0d651f9afcb09152697cab97773f79e008f2ef825d98f936e8ccef93f38e3205	175187	output/synthetic_identifiability_qualification_v7/fixture_validation_3/corpus_audits.json
057bc62ccdb7951b336dda5d4a03937965463a031b7c08d4a496d5e7becbfeef	342087	output/synthetic_identifiability_qualification_v7/fixture_validation_3/detector_capacity_audit.json
7bfc7d56c21e0b06b78bb723eebe04e8bd48afd175d4dbe1f347f7cb0dd56bcc	909	output/synthetic_identifiability_qualification_v7/fixture_validation_3/detector_runtime_audit.json
7eb4b8af3c5a846e9d8ebe9a726015143509364d0d16c3295a9378e7bc1e79a0	631	output/synthetic_identifiability_qualification_v7/fixture_validation_3/identifier_reference_audit.json
2a96ebdd0a95fb5402a1d73aa918f094d5246510b406066aed5fc9098dba8e52	12833	output/synthetic_identifiability_qualification_v7/fixture_validation_3/persisted_inputs/config.json
f2f1844c25d0f232e49cff5218dd50b55f511b07b6fc80cb9dfa5255e6525e5c	4223212	output/synthetic_identifiability_qualification_v7/fixture_validation_3/persisted_inputs/corpus_270001/conditions/absent_channel.jsonl
e523318fdf260341c0bacbe95fc3573c59df71b2c69c9fd5acd1c153add887de	33748294	output/synthetic_identifiability_qualification_v7/fixture_validation_3/persisted_inputs/corpus_270001/conditions/randomized_shuffle.jsonl
ba1aa2f2b67f1201c74d3129bb1348472562f00189c257986f41be3db22cd986	31658881	output/synthetic_identifiability_qualification_v7/fixture_validation_3/persisted_inputs/corpus_270001/conditions/sensor_corrupted.jsonl
ee3ab22e60d9790f519d4302df08e5809e9f00bb6cc80ab872196512ea9a4d80	32478525	output/synthetic_identifiability_qualification_v7/fixture_validation_3/persisted_inputs/corpus_270001/conditions/shift_minus_8.jsonl
26521245cdceca84f5ca1d731cac77b1e5fcf9a51bfac4671319b38d89b1f904	32462646	output/synthetic_identifiability_qualification_v7/fixture_validation_3/persisted_inputs/corpus_270001/conditions/shift_plus_8.jsonl
2c7430462604796270a8deab904a96b982b1aab7771ebc0acbe4f3769242c51e	33748294	output/synthetic_identifiability_qualification_v7/fixture_validation_3/persisted_inputs/corpus_270001/conditions/synchronized.jsonl
4abf4644881857bea4fe11f771d4d7db906d6b6587782e65e7edb1a620b2af02	22231420	output/synthetic_identifiability_qualification_v7/fixture_validation_3/persisted_inputs/corpus_270001/conditions/uninformative.jsonl
d05ded9b499b46d011d056f6bf156bee07196727c47e13921ab5949d408156a5	165504	output/synthetic_identifiability_qualification_v7/fixture_validation_3/persisted_inputs/corpus_270001/corpus_audit.json
c11cb64bded98d70043d965ec7163b2c3e0beb1a25ad12788ec5b9653cbf96d6	154275	output/synthetic_identifiability_qualification_v7/fixture_validation_3/persisted_inputs/corpus_270001/donor_maps/absent_channel.json
200dcfd24171a9b9ea0ed0448e375eee5dd2a946c584ab7b8fe14fd21dbff822	164451	output/synthetic_identifiability_qualification_v7/fixture_validation_3/persisted_inputs/corpus_270001/donor_maps/randomized_shuffle.json
ab46b4396f70bf7bd84712644d3bf48ccabc67ebe7192d36d137987726c932ae	304755	output/synthetic_identifiability_qualification_v7/fixture_validation_3/persisted_inputs/corpus_270001/donor_maps/sensor_corrupted.json
12f8c6ad5e31d7b41fa1231b7f614642e82b05b6e9c0ae88a42ed8eec29083cc	304755	output/synthetic_identifiability_qualification_v7/fixture_validation_3/persisted_inputs/corpus_270001/donor_maps/shift_minus_8.json
d4566a7461aec5c3cefa9733278c42e1ab9c715b6a471cedc5e88e4a72abaf95	300963	output/synthetic_identifiability_qualification_v7/fixture_validation_3/persisted_inputs/corpus_270001/donor_maps/shift_plus_8.json
395eb3a9b88066f8f3eac90b9938ac97d4f0e5dac31a06e1f9043cd2b5c5bd8e	164451	output/synthetic_identifiability_qualification_v7/fixture_validation_3/persisted_inputs/corpus_270001/donor_maps/synchronized.json
56c197b65f426235caa747b733b5bcb87c1d53175b3a555290e5472a6ee55b21	207363	output/synthetic_identifiability_qualification_v7/fixture_validation_3/persisted_inputs/corpus_270001/donor_maps/uninformative.json
5b531e778726fa4f2eb28553a3cf1261905b8ad404fdeaa5f9d43aee8680a6e8	3581	output/synthetic_identifiability_qualification_v7/fixture_validation_3/persisted_inputs/corpus_270001/evaluation_keys.jsonl
1053db9534fd9fe9920a77b0328ed58a0badef38be9d5ef22120252aa900cb5a	23736	output/synthetic_identifiability_qualification_v7/fixture_validation_3/persisted_inputs/corpus_270001/evaluation_prompts.jsonl
e3b0c44298fc1c149afbf4c8996fb92427ae41e4649b934ca495991b7852b855	0	output/synthetic_identifiability_qualification_v7/fixture_validation_3/persisted_inputs/corpus_270001/evidence/absent_channel.jsonl
a09d8de614d438e6a3c6b5838e5bb686e84da82c5465dbf7456e0d99cc846282	1209008	output/synthetic_identifiability_qualification_v7/fixture_validation_3/persisted_inputs/corpus_270001/evidence/randomized_shuffle.jsonl
1eecc73e4ee6a6540179198d59276bc479f4a71963d51186f7c2b707d741a3a0	1272947	output/synthetic_identifiability_qualification_v7/fixture_validation_3/persisted_inputs/corpus_270001/evidence/sensor_corrupted.jsonl
a8a97a15330ffbb6eb32d21bd4adbfb8b3bd0f18b06fccb90ed6c887d66e6993	1297592	output/synthetic_identifiability_qualification_v7/fixture_validation_3/persisted_inputs/corpus_270001/evidence/shift_minus_8.jsonl
90f7fb9eaabc7ee8f94c506d8a633b8374c4f2eefa8e2862e8cd426e0d33c99c	1300388	output/synthetic_identifiability_qualification_v7/fixture_validation_3/persisted_inputs/corpus_270001/evidence/shift_plus_8.jsonl
a84b61269f38923ec2dbaae658a632ba3d87c0e77b38eca61533428036193a24	1209519	output/synthetic_identifiability_qualification_v7/fixture_validation_3/persisted_inputs/corpus_270001/evidence/synchronized.jsonl
693c0710a74adcb7ec1b40d4432a88e83495a29bca4e9a617b6e64b156e527be	1202592	output/synthetic_identifiability_qualification_v7/fixture_validation_3/persisted_inputs/corpus_270001/evidence/uninformative.jsonl
743b9d2bcfe6b0c5b3b34fd5aff63fd4a6dc7f52901c1603c5f6fa455ad9065a	245	output/synthetic_identifiability_qualification_v7/fixture_validation_3/persisted_inputs/corpus_270001/lexicon_oracle.json
54074675ad7e682114c07a0225a6db4a9679828fdc2b4566680dda535184f2fa	1941206	output/synthetic_identifiability_qualification_v7/fixture_validation_3/persisted_inputs/corpus_270001/oracle_episodes.jsonl
2c7430462604796270a8deab904a96b982b1aab7771ebc0acbe4f3769242c51e	33748294	output/synthetic_identifiability_qualification_v7/fixture_validation_3/persisted_inputs/corpus_270001/visible_episodes.jsonl
4ac5dc57b7e74e0d6a2c38b095b643ca27c0840b15f0ab40cdc2d4035a66c385	5270	output/synthetic_identifiability_qualification_v7/fixture_validation_3/persisted_inputs/input_manifest.json
8f09313b3b34e99110f2b5795f27df97f60bf8a6204d09f4a0b7cad298a9e9fb	197	output/synthetic_identifiability_qualification_v7/fixture_validation_3/persisted_inputs/qualification_metadata.json
af22194a167390a20319da94f4c845100fa23094146f2365bccbcd38404ddfd6	1572	output/synthetic_identifiability_qualification_v7/fixture_validation_3/qualification_summary.json
17506c46a83890a6c7006feeb997caaef88b21f62ca3f3ed879e633ddc97b76a	41741	output/synthetic_identifiability_qualification_v7/fixture_validation_3/recomputable/compute_operation_log.json
80852a653116b8cfdf977449020261c45a326eb2206b13067f7f1b651fed459d	58347	output/synthetic_identifiability_qualification_v7/fixture_validation_3/recomputable/control_results.json
70d6ac87133cfca7dcdecd207e607e4a49f31927da0ef5d395484410d712f3a9	19387	output/synthetic_identifiability_qualification_v7/fixture_validation_3/recomputable/core_gates.json
9fed0bc7702e8604a55ccd9961b94c04e1e25493c3a55fb7205cfd64a63ed800	14588	output/synthetic_identifiability_qualification_v7/fixture_validation_3/recomputable/factor_audit.json
eeb45797ed770c31b208b1b37ad009b3626b78d3450179ea734cd898a9dc3e94	1724053	output/synthetic_identifiability_qualification_v7/fixture_validation_3/recomputable/factor_results.json
dd290bdc51822a4821b06acabb1dceda637c4480cc5d089deef8e60d40653e2f	342	output/synthetic_identifiability_qualification_v7/fixture_validation_3/recomputable/leakage_audit.json
781b56db5c5a642eda3dae8bc15bd8a41ccd86d6ba6ced1107c7f5b0dbd399e7	411	output/synthetic_identifiability_qualification_v7/fixture_validation_3/recomputable/learner_numeric_audit.json
2bdf1a01631960322c8a53c3188f55995c38ba568684e3cf844ecf23046a0de9	364294	output/synthetic_identifiability_qualification_v7/fixture_validation_3/recomputable/model_results.json
580088b4dd6184ec5a38d3afa2f16fb55ae44799bd9bd8c14726cbaa92c3e18e	144257	output/synthetic_identifiability_qualification_v7/fixture_validation_3/recomputable/null_capacity_audit.json
388d9b35642d1c9d35fa8771c85adb4fc647bd165d0f4049f2c7444f1be0230a	2757	output/synthetic_identifiability_qualification_v7/fixture_validation_3/recomputable/order_invariance_audit.json
f71b0ec6f716f3f1b3d3d1cfb5e6729aa1cfe289febd6155d03472e947857776	45384	output/synthetic_identifiability_qualification_v7/fixture_validation_3/seed_operation_log.json
3bf8f423a7ba785ea4e0421528c35e97a2fb3875cc4fbcb12c8a00226ad79806	10531	output/synthetic_identifiability_qualification_v7/freeze_receipt.json
9a60dc04530c240a2e8e9bc2af407306e3d21707cbe3a229e4104f6e7c959657	611	output/synthetic_identifiability_qualification_v7/frozen_adjudication_contract.json
cb519a936f8d4486fdd7a2f71f199644d266ac855277ad3fef34bc04121bcf34	5407	output/synthetic_identifiability_qualification_v7/frozen_config_snapshot.yaml
0b86f997a86643e1805c3c2a0fe32a741e8ee6128f2a40c5a347ca8844dcabc7	786	output/synthetic_identifiability_qualification_v7/frozen_environment.json
370a6bcffae6aeaf35cf88964a96350a578fa2df62cfedf6727a5dc1adf75fdc	1105	output/synthetic_identifiability_qualification_v7/frozen_gates.json
1c1ee6d85cc02e5b98d213004cefbcf87f38eba764c581a1151c73338a2be4f0	546	output/synthetic_identifiability_qualification_v7/frozen_primary_sources.json
9129792fa73a96b48c296586d1d30da1c60c5dd08807831ba4d066132baf3d7f	4185	output/synthetic_identifiability_qualification_v7/frozen_protocol_snapshot.md
332e19776f73eaf3d689bbc912bc30ce20040d539fba827bdc5f089d5f978cd4	5758	output/synthetic_identifiability_qualification_v7/frozen_seed_registries.json
5f5caa88371c3ab9324ded4afe95eb5428224a772c1f478a21cbb0bf24766986	106	output/synthetic_identifiability_qualification_v7/frozen_source_snapshot/babyworld_lite/__init__.py
c57a0e190b8f02bf89a698a272dc0f4fd254a6324cd39ca639165a623e68978c	157	output/synthetic_identifiability_qualification_v7/frozen_source_snapshot/babyworld_lite/sensor_alignment_v2/__init__.py
6d74817b5bb30b4b265f2ec246b71be432d68ca6f545d50b04a153d77df33b6d	16759	output/synthetic_identifiability_qualification_v7/frozen_source_snapshot/babyworld_lite/sensor_alignment_v2/detector.py
a66d16f515d275fcd08c1db7293ca9ba50c14e7e60b820bba5d2eca3c8338bd8	16903	output/synthetic_identifiability_qualification_v7/frozen_source_snapshot/babyworld_lite/sensor_alignment_v2/protocol.py
31aaba45e98455138ba798806497fbc83ab9f02e6843c0364f3378d1056eae1f	46948	output/synthetic_identifiability_qualification_v7/frozen_source_snapshot/babyworld_lite/sensor_alignment_v2/synthetic.py
16e9e72ab238a27dcba2a9b871aec8abd266a75417c2d5d212c5fe420418f086	140	output/synthetic_identifiability_qualification_v7/frozen_source_snapshot/babyworld_lite/sensor_alignment_v7/__init__.py
71954e71d385c11b30ab7dcfc61b2618572400f229f269d4d07b717f3c5a6b0a	3689	output/synthetic_identifiability_qualification_v7/frozen_source_snapshot/babyworld_lite/sensor_alignment_v7/adjudicator.py
9d017ffcfc48f8f0b9ad8803ea378a09385e9690e7647ef7ec936f7e00b5da18	43724	output/synthetic_identifiability_qualification_v7/frozen_source_snapshot/babyworld_lite/sensor_alignment_v7/benchmark.py
72de2b8c3643c9f6eb7b5c3b7cda0fdd1d6be7d464fb51d998e3e784199d1936	4073	output/synthetic_identifiability_qualification_v7/frozen_source_snapshot/babyworld_lite/sensor_alignment_v7/controls.py
2c2508d4d3cb83afcde1e7d870795a74bcc427e2535e697070592e134e4966ad	7692	output/synthetic_identifiability_qualification_v7/frozen_source_snapshot/babyworld_lite/sensor_alignment_v7/detector_runtime.py
917aae4cff4726565bbbc26b19dfa563251342cd2814ba686b979819f551df38	27401	output/synthetic_identifiability_qualification_v7/frozen_source_snapshot/babyworld_lite/sensor_alignment_v7/integrity.py
4dd17af4940c3464ba99ea4703d9c97a69b20dc551a8274bd1acaebdb4d9ad9b	34033	output/synthetic_identifiability_qualification_v7/frozen_source_snapshot/babyworld_lite/sensor_alignment_v7/learner.py
f69dd1e92b876f372449124425da889d9fa768aebc9c1e26bb735b8c09b6c516	12144	output/synthetic_identifiability_qualification_v7/frozen_source_snapshot/babyworld_lite/sensor_alignment_v7/protocol.py
78361182be14c8c1d47794dce012211b7e8485883e0d170825023a0ef69ddfbf	44558	output/synthetic_identifiability_qualification_v7/frozen_source_snapshot/babyworld_lite/sensor_alignment_v7/study.py
176eb21e52f6910e22702022a23f31a56d3ccb8cf5b66533cebd35636482ee7e	3544	output/synthetic_identifiability_qualification_v7/frozen_source_snapshot/configs/synthetic_component_robustness_v3.yaml
5921aa7e70b507b5c5c0a706e508f1ae7da1ab54398f4f96c296b902aa244b18	3273	output/synthetic_identifiability_qualification_v7/frozen_source_snapshot/configs/synthetic_identifiability_qualification_v5.yaml
5c896116d5fd4cf9efa94d0178989f28f15fc7776fc0d740c3022faf672cf94c	5408	output/synthetic_identifiability_qualification_v7/frozen_source_snapshot/configs/synthetic_identifiability_qualification_v6.yaml
cb519a936f8d4486fdd7a2f71f199644d266ac855277ad3fef34bc04121bcf34	5407	output/synthetic_identifiability_qualification_v7/frozen_source_snapshot/configs/synthetic_identifiability_qualification_v7.yaml
4d1aa3bac16f463dfef9081d15c4032cc8206e799b3a68390e1ac6df1c074690	3427	output/synthetic_identifiability_qualification_v7/frozen_source_snapshot/configs/synthetic_protocol_fidelity_v4.yaml
c1e90423ad197bf97e12f1bb719c92886218c1c4873e55ee849ed62dede30d10	7278	output/synthetic_identifiability_qualification_v7/frozen_source_snapshot/configs/synthetic_sensor_event_robustness_v2.yaml
19de1000f0eca2250e63e64a87e9691fce70616bf99f0bef7b80a6eb3b0879ef	4534	output/synthetic_identifiability_qualification_v7/frozen_source_snapshot/configs/synthetic_weak_alignment_recovery_v1.yaml
8f16bae6a91c32f4a0afae9ef9deadd1bd8b7aa3311b4597f0399f6135aa8abd	1573	output/synthetic_identifiability_qualification_v7/frozen_source_snapshot/docs/synthetic_identifiability_qualification_v7_limitations.md
1c1ee6d85cc02e5b98d213004cefbcf87f38eba764c581a1151c73338a2be4f0	546	output/synthetic_identifiability_qualification_v7/frozen_source_snapshot/docs/synthetic_identifiability_qualification_v7_primary_sources.json
9129792fa73a96b48c296586d1d30da1c60c5dd08807831ba4d066132baf3d7f	4185	output/synthetic_identifiability_qualification_v7/frozen_source_snapshot/docs/synthetic_identifiability_qualification_v7_protocol.md
1f22c667d8488ea62001bcd99b23ad5e361074bfb6a5c1654dcf45681baffebf	3906	output/synthetic_identifiability_qualification_v7/frozen_source_snapshot/docs/synthetic_identifiability_qualification_v7_repair_ledger.json
49c44066c9e55c37a73d2ac0e47f5e6f0c657c5e9434e988f9d432d874b01309	8781	output/synthetic_identifiability_qualification_v7/frozen_source_snapshot/docs/synthetic_identifiability_qualification_v7_traceability.json
bbb837b2eb63ad7ef2c35ac916b4ce19f91e66752ba8b77154045b7adb3b31ec	2877	output/synthetic_identifiability_qualification_v7/frozen_source_snapshot/docs/synthetic_identifiability_qualification_v7_v5_v6_audit.json
b4b0e30bf7fd692ef5bf254c0c020641bb3591f4453c27747a944f52110db62b	892	output/synthetic_identifiability_qualification_v7/frozen_source_snapshot/output/synthetic_identifiability_qualification_v6/prefreeze_invalidation.json
a487035deba4692728240eb593ba16e1182d9b5959b43d950b60883d1ed08b33	1408	output/synthetic_identifiability_qualification_v7/frozen_source_snapshot/output/synthetic_sensor_event_robustness_v2/detector/frozen_detector.json
0f7e42788a6545a937ee1d6afb8ce08e5c069bf90268f6f96bdad4324eff3f01	7297	output/synthetic_identifiability_qualification_v7/frozen_source_snapshot/scripts/run_synthetic_identifiability_qualification_v7.py
c332488033893130c7cc12c5d7bdef57b6a3451180e1fa9d3149df923a1828f0	6093	output/synthetic_identifiability_qualification_v7/frozen_source_snapshot/snapshot_manifest.json
dcfabd18135bf240338722ca2bc6c14bcd2d3be0ea917eb65e22624342059c30	595	output/synthetic_identifiability_qualification_v7/frozen_source_snapshot/tests/conftest.py
07d25c2527bc767c8be2fa44214e65cffd95390bc071091fe5f42f513947c331	20833	output/synthetic_identifiability_qualification_v7/frozen_source_snapshot/tests/test_synthetic_identifiability_qualification_v7.py
49c44066c9e55c37a73d2ac0e47f5e6f0c657c5e9434e988f9d432d874b01309	8781	output/synthetic_identifiability_qualification_v7/frozen_traceability.json
2a6395daad3b79cc4b3da38e391c63363794e49bab4f1e2218a7e994e7532206	104187	output/synthetic_identifiability_qualification_v7/independent_recompute/compute_operation_log.json
5e81c674d3e4c05bd8175c11c1a00d21a7cc6dac2f528e3a2bdd5a330623b5c3	116675	output/synthetic_identifiability_qualification_v7/independent_recompute/control_results.json
2c8f356062a98ed6d429d1e8a409db783d1065ab21650fb47f980345a83124d2	68970	output/synthetic_identifiability_qualification_v7/independent_recompute/core_gates.json
5da474cc0cca932997bb4c7c38f309cb9a6fa312e44c4c30a4a3059742fcbce1	25685	output/synthetic_identifiability_qualification_v7/independent_recompute/factor_audit.json
2906d2a9342d3cf813f77fd979fb4fba743769c72b265d0cddd8b0a60ec612e7	3448366	output/synthetic_identifiability_qualification_v7/independent_recompute/factor_results.json
dd290bdc51822a4821b06acabb1dceda637c4480cc5d089deef8e60d40653e2f	342	output/synthetic_identifiability_qualification_v7/independent_recompute/leakage_audit.json
f20a8d3e159a9b80564bb16c9bc0670715ea994cc75cd10872949250868e0977	411	output/synthetic_identifiability_qualification_v7/independent_recompute/learner_numeric_audit.json
c1e277e32c7f16fa65895d2b432b49ad958accb1c747594336d10ef33be8dea7	1457549	output/synthetic_identifiability_qualification_v7/independent_recompute/model_results.json
7b902d43e89ba6ba0b54bd0a78848d5cb68016c9bb46eba22d0ea1b663149c52	288398	output/synthetic_identifiability_qualification_v7/independent_recompute/null_capacity_audit.json
8bff2f35261a23ebec03c90c820ed6b8b16d7d8e909bcfb661742088aa4a0821	9940	output/synthetic_identifiability_qualification_v7/independent_recompute/order_invariance_audit.json
7dca4aafec9cf2f3d6ce9b7b5cd57e8349f5f0ade8b6ba915bdb096a6cd5133b	2116	output/synthetic_identifiability_qualification_v7/independent_recompute_comparison.json
9f6eaf3baa2e1219c8c41267317d7466955427709b5ae56354cb0d32a41bd917	2202	output/synthetic_identifiability_qualification_v7/independent_recompute_process.json
dee4fa03b59762911a93f97828a5474a7c1e7b2e128461b4699eda608b27ef34	12829	output/synthetic_identifiability_qualification_v7/negative_recompute_cases/mutated_inputs/config.json
601a8b2f91ebd3bd18dc9d271f94841e7954a47d3d28ce248f8dddb96a8d4581	4223212	output/synthetic_identifiability_qualification_v7/negative_recompute_cases/mutated_inputs/corpus_270201/conditions/absent_channel.jsonl
02ef71dcccf2d35fac104f1864e7222a3065c5b9d270ec6718551ee4b6a6d74e	33748043	output/synthetic_identifiability_qualification_v7/negative_recompute_cases/mutated_inputs/corpus_270201/conditions/randomized_shuffle.jsonl
55356f995e106cc19b6ff1da61ad5be75a3263af977847c5bdc5957ebf86bb94	31660019	output/synthetic_identifiability_qualification_v7/negative_recompute_cases/mutated_inputs/corpus_270201/conditions/sensor_corrupted.jsonl
f3b8cec499a0cc0da1af6280ee360d015fbc176c1e9c948b7f223659204b8b59	32472996	output/synthetic_identifiability_qualification_v7/negative_recompute_cases/mutated_inputs/corpus_270201/conditions/shift_minus_8.jsonl
552431342b66a407f9e00ffd0e99fbeae224a2345d9344b2cb9870a6d3405477	32460134	output/synthetic_identifiability_qualification_v7/negative_recompute_cases/mutated_inputs/corpus_270201/conditions/shift_plus_8.jsonl
56f8b7359aef35cfe39e3331974a2a3955732aa828503fa2d434a97533f54574	33748043	output/synthetic_identifiability_qualification_v7/negative_recompute_cases/mutated_inputs/corpus_270201/conditions/synchronized.jsonl
4e0ae4e7c2b8703d9229ce29c8c790b1e135173b02a1c1942f66265eaa31e29c	22231420	output/synthetic_identifiability_qualification_v7/negative_recompute_cases/mutated_inputs/corpus_270201/conditions/uninformative.jsonl
6928c2e9662fdf5e486feaf7b0ab0dc8120e2c26f156d35c5b97de985fb7bb55	165489	output/synthetic_identifiability_qualification_v7/negative_recompute_cases/mutated_inputs/corpus_270201/corpus_audit.json
f38a127310de1dfa707ded58fda1a2591ac3b4c00c07055043a38b63e2662bb5	154275	output/synthetic_identifiability_qualification_v7/negative_recompute_cases/mutated_inputs/corpus_270201/donor_maps/absent_channel.json
fea5a7bb71746b4e045c8fcbd3dea095f112dc37780e3b405725f4394c01aa4d	164451	output/synthetic_identifiability_qualification_v7/negative_recompute_cases/mutated_inputs/corpus_270201/donor_maps/randomized_shuffle.json
339e33a1e4b0d47f4c2bb272bdc651ab04a2254fedb4c150460dd1adf6303776	304755	output/synthetic_identifiability_qualification_v7/negative_recompute_cases/mutated_inputs/corpus_270201/donor_maps/sensor_corrupted.json
1f712db361d525a1a471915037a3366318a29b612d9ba4997d7ab8dcd951d656	304755	output/synthetic_identifiability_qualification_v7/negative_recompute_cases/mutated_inputs/corpus_270201/donor_maps/shift_minus_8.json
92da1abf3cac6443ce0cd5c62676ee53b424b5b0ac6ec92b057f3e18ec31acce	300963	output/synthetic_identifiability_qualification_v7/negative_recompute_cases/mutated_inputs/corpus_270201/donor_maps/shift_plus_8.json
7b52edd6055b66ca270578bb1f1cb141bac5f2d747ff70acaa07f41c76dfb696	164451	output/synthetic_identifiability_qualification_v7/negative_recompute_cases/mutated_inputs/corpus_270201/donor_maps/synchronized.json
ef2b7b3f4e0b2f06d14ddd6edb711eba493466cf8592db3247eedb6101b0be5c	207363	output/synthetic_identifiability_qualification_v7/negative_recompute_cases/mutated_inputs/corpus_270201/donor_maps/uninformative.json
ddd227fcfce9426b4463cd972322661c3cd21b2b017fc8f1e88f2dc70e8c74e7	3581	output/synthetic_identifiability_qualification_v7/negative_recompute_cases/mutated_inputs/corpus_270201/evaluation_keys.jsonl
477fc956efd44bf25791c8ea0b470201c5acd19395d3c0a2f5b06e9e4cf3f0fa	23736	output/synthetic_identifiability_qualification_v7/negative_recompute_cases/mutated_inputs/corpus_270201/evaluation_prompts.jsonl
e3b0c44298fc1c149afbf4c8996fb92427ae41e4649b934ca495991b7852b855	0	output/synthetic_identifiability_qualification_v7/negative_recompute_cases/mutated_inputs/corpus_270201/evidence/absent_channel.jsonl
135026e0cbf355816418f83fbf4ff27e0e2d96dd2ebf461c6aaf93800c3ef525	1209594	output/synthetic_identifiability_qualification_v7/negative_recompute_cases/mutated_inputs/corpus_270201/evidence/randomized_shuffle.jsonl
a033974bff259232a701aff9c745033aed1e7d3a043c163a04754ba57f66ed29	1272904	output/synthetic_identifiability_qualification_v7/negative_recompute_cases/mutated_inputs/corpus_270201/evidence/sensor_corrupted.jsonl
ea7523844aae2c52eb1075c0c9a2fb925c845785537b9a2efb9b3293130ea5f0	1297229	output/synthetic_identifiability_qualification_v7/negative_recompute_cases/mutated_inputs/corpus_270201/evidence/shift_minus_8.jsonl
24d056b779b00578ffd17ac77224a3fe7147a715ecd0e7c7cd449789558f671d	1301257	output/synthetic_identifiability_qualification_v7/negative_recompute_cases/mutated_inputs/corpus_270201/evidence/shift_plus_8.jsonl
def8dbf2a30bc030cbc38051821d346689f1b3ccf7d9d6095fe97aa6a2ab95ad	1209990	output/synthetic_identifiability_qualification_v7/negative_recompute_cases/mutated_inputs/corpus_270201/evidence/synchronized.jsonl
0137a15cd3e34789afcdbf46fdde85cea47108db8ec62e90b56fa2c62e76ef29	1202592	output/synthetic_identifiability_qualification_v7/negative_recompute_cases/mutated_inputs/corpus_270201/evidence/uninformative.jsonl
898b48db959ee3e54f272984520eae8484a0da73265e240fcf767d8af036c639	245	output/synthetic_identifiability_qualification_v7/negative_recompute_cases/mutated_inputs/corpus_270201/lexicon_oracle.json
41ea655ce0d783722e00104a28d98dab99dbe451600b92243a78559b7c541ead	1941206	output/synthetic_identifiability_qualification_v7/negative_recompute_cases/mutated_inputs/corpus_270201/oracle_episodes.jsonl
56f8b7359aef35cfe39e3331974a2a3955732aa828503fa2d434a97533f54574	33748043	output/synthetic_identifiability_qualification_v7/negative_recompute_cases/mutated_inputs/corpus_270201/visible_episodes.jsonl
1eba2d36919c4b688fb9e47b18d308b9c6888377e9417786c9b57ff75ee8fe0d	4223212	output/synthetic_identifiability_qualification_v7/negative_recompute_cases/mutated_inputs/corpus_270207/conditions/absent_channel.jsonl
5f701ef73b141db188cfc024b1d9fd957a29c9f1892565b81f96b7399209d870	33748327	output/synthetic_identifiability_qualification_v7/negative_recompute_cases/mutated_inputs/corpus_270207/conditions/randomized_shuffle.jsonl
b347d19168ff9433ccb11fff3d76cfbe0554e4f72fc1da35a449aad289acd354	31661924	output/synthetic_identifiability_qualification_v7/negative_recompute_cases/mutated_inputs/corpus_270207/conditions/sensor_corrupted.jsonl
70a7f4185832da1db48be19e5bf99171d7dc1d8d3d6f3600a95e38bb482eb206	32468930	output/synthetic_identifiability_qualification_v7/negative_recompute_cases/mutated_inputs/corpus_270207/conditions/shift_minus_8.jsonl
5140a02863f1593e382bbe58611e09c6da1e60d8c2d21fbf9f862a5473bfb9e8	32463571	output/synthetic_identifiability_qualification_v7/negative_recompute_cases/mutated_inputs/corpus_270207/conditions/shift_plus_8.jsonl
291727418b605d7606f280269a6e343a6d8c21ad143dd2dcc0b79e4f6c5838e8	33748328	output/synthetic_identifiability_qualification_v7/negative_recompute_cases/mutated_inputs/corpus_270207/conditions/synchronized.jsonl
64b4a4a4da98cad7aa16b8f94c90de2040bd3bbe60b2076a200da88cc6e5b5eb	22231420	output/synthetic_identifiability_qualification_v7/negative_recompute_cases/mutated_inputs/corpus_270207/conditions/uninformative.jsonl
4f15169689d054f4b5691da3b044819c4cbe370892a03f25baa9a1ef95c98a76	165506	output/synthetic_identifiability_qualification_v7/negative_recompute_cases/mutated_inputs/corpus_270207/corpus_audit.json
55ab278320af298a9b4f3a9773a383a86157daf1c27dc57fccc17f93adc7e304	154275	output/synthetic_identifiability_qualification_v7/negative_recompute_cases/mutated_inputs/corpus_270207/donor_maps/absent_channel.json
ee15d019caa434359f56c118ecf67314a6c4f2c1e4cea3efe8b88df9b36ee0a3	164451	output/synthetic_identifiability_qualification_v7/negative_recompute_cases/mutated_inputs/corpus_270207/donor_maps/randomized_shuffle.json
c7a35a5f64378875caf0cd8d03c98491c72eba3117a1bf16f739edcf523489a0	304755	output/synthetic_identifiability_qualification_v7/negative_recompute_cases/mutated_inputs/corpus_270207/donor_maps/sensor_corrupted.json
f423a764ef9be9ba7c5b2334d6f76ce0b4b16113ae06890adadc16751a12549e	304755	output/synthetic_identifiability_qualification_v7/negative_recompute_cases/mutated_inputs/corpus_270207/donor_maps/shift_minus_8.json
a2d5dfa4e853ebccbffbdabf52151e610cc16fb16cc069ec87f9f6e56fff1eb2	300963	output/synthetic_identifiability_qualification_v7/negative_recompute_cases/mutated_inputs/corpus_270207/donor_maps/shift_plus_8.json
a5cb2d86261b1882c0680e67198e36629daf5760a33d9b44780644c9fbd18ab8	164451	output/synthetic_identifiability_qualification_v7/negative_recompute_cases/mutated_inputs/corpus_270207/donor_maps/synchronized.json
1082966013646534e97db389b5585c8fd1bf6c64cb3af888a6d6fa1c49689952	207363	output/synthetic_identifiability_qualification_v7/negative_recompute_cases/mutated_inputs/corpus_270207/donor_maps/uninformative.json
835bcaf6a537cb2f1bf41be20831cf9877a4cc419b09954f8de88011d1f152cb	3581	output/synthetic_identifiability_qualification_v7/negative_recompute_cases/mutated_inputs/corpus_270207/evaluation_keys.jsonl
aaa3da7c0f649dda061f60330db7ff8c7853de2fd44fba7bf7dc767f042d2043	23736	output/synthetic_identifiability_qualification_v7/negative_recompute_cases/mutated_inputs/corpus_270207/evaluation_prompts.jsonl
e3b0c44298fc1c149afbf4c8996fb92427ae41e4649b934ca495991b7852b855	0	output/synthetic_identifiability_qualification_v7/negative_recompute_cases/mutated_inputs/corpus_270207/evidence/absent_channel.jsonl
87f3bd6477a8eb35841ac153f3d1a1aaccd81ebe63724353eef70c23ac8d2921	1208788	output/synthetic_identifiability_qualification_v7/negative_recompute_cases/mutated_inputs/corpus_270207/evidence/randomized_shuffle.jsonl
cc72255aadf8edaf33d0bae6e5acd2afd9b726c40e8b3751d65b10b1d99ff717	1273826	output/synthetic_identifiability_qualification_v7/negative_recompute_cases/mutated_inputs/corpus_270207/evidence/sensor_corrupted.jsonl
8e26b0a42e97305f0fd9c79e1ae12b6ddada345df707098a05150ee83d2d2667	1297009	output/synthetic_identifiability_qualification_v7/negative_recompute_cases/mutated_inputs/corpus_270207/evidence/shift_minus_8.jsonl
3dd61c0c50066f8c8684b9473f311950f8cfcec19bdab4c0917ee53b9c0d05f2	1301028	output/synthetic_identifiability_qualification_v7/negative_recompute_cases/mutated_inputs/corpus_270207/evidence/shift_plus_8.jsonl
a7f43fa8e6cac83e303758bbe787b351b49247e64fc4af2a1489a24c5934a105	1209196	output/synthetic_identifiability_qualification_v7/negative_recompute_cases/mutated_inputs/corpus_270207/evidence/synchronized.jsonl
90c0c2a472123cddee7ff16ac251d1a03887223ab830160d20fb59c8245accbf	1202592	output/synthetic_identifiability_qualification_v7/negative_recompute_cases/mutated_inputs/corpus_270207/evidence/uninformative.jsonl
efdb65250980ae2399dba7090da4f092fb9fdb753c355b5e1077e2dfe0ccbcc1	245	output/synthetic_identifiability_qualification_v7/negative_recompute_cases/mutated_inputs/corpus_270207/lexicon_oracle.json
f7c60f09398426e1f01df525e7760185bba34720bef3ea7fd79eeccce63452de	1941206	output/synthetic_identifiability_qualification_v7/negative_recompute_cases/mutated_inputs/corpus_270207/oracle_episodes.jsonl
3b1e6965157b7ec6b2e827929c6c980bbb933728275cc241a0120733e0c05a09	33748327	output/synthetic_identifiability_qualification_v7/negative_recompute_cases/mutated_inputs/corpus_270207/visible_episodes.jsonl
7749b3170e974ed1fb3095cb63cac1c98425fe79e909b68c96072b0b22791ef1	10112	output/synthetic_identifiability_qualification_v7/negative_recompute_cases/mutated_inputs/input_manifest.json
5d74d2569b6d53d6da742d7b89465ede49eed20a6346e8264d7d65912b25f107	223	output/synthetic_identifiability_qualification_v7/negative_recompute_cases/mutated_inputs/qualification_metadata.json
5f5caa88371c3ab9324ded4afe95eb5428224a772c1f478a21cbb0bf24766986	106	output/synthetic_identifiability_qualification_v7/negative_recompute_cases/mutated_snapshot/babyworld_lite/__init__.py
c57a0e190b8f02bf89a698a272dc0f4fd254a6324cd39ca639165a623e68978c	157	output/synthetic_identifiability_qualification_v7/negative_recompute_cases/mutated_snapshot/babyworld_lite/sensor_alignment_v2/__init__.py
6d74817b5bb30b4b265f2ec246b71be432d68ca6f545d50b04a153d77df33b6d	16759	output/synthetic_identifiability_qualification_v7/negative_recompute_cases/mutated_snapshot/babyworld_lite/sensor_alignment_v2/detector.py
a66d16f515d275fcd08c1db7293ca9ba50c14e7e60b820bba5d2eca3c8338bd8	16903	output/synthetic_identifiability_qualification_v7/negative_recompute_cases/mutated_snapshot/babyworld_lite/sensor_alignment_v2/protocol.py
31aaba45e98455138ba798806497fbc83ab9f02e6843c0364f3378d1056eae1f	46948	output/synthetic_identifiability_qualification_v7/negative_recompute_cases/mutated_snapshot/babyworld_lite/sensor_alignment_v2/synthetic.py
558f004319ad519b108afbd4871488148a51ea0b086b9c97c04afd8bd5c79c63	167	output/synthetic_identifiability_qualification_v7/negative_recompute_cases/mutated_snapshot/babyworld_lite/sensor_alignment_v7/__init__.py
71954e71d385c11b30ab7dcfc61b2618572400f229f269d4d07b717f3c5a6b0a	3689	output/synthetic_identifiability_qualification_v7/negative_recompute_cases/mutated_snapshot/babyworld_lite/sensor_alignment_v7/adjudicator.py
9d017ffcfc48f8f0b9ad8803ea378a09385e9690e7647ef7ec936f7e00b5da18	43724	output/synthetic_identifiability_qualification_v7/negative_recompute_cases/mutated_snapshot/babyworld_lite/sensor_alignment_v7/benchmark.py
72de2b8c3643c9f6eb7b5c3b7cda0fdd1d6be7d464fb51d998e3e784199d1936	4073	output/synthetic_identifiability_qualification_v7/negative_recompute_cases/mutated_snapshot/babyworld_lite/sensor_alignment_v7/controls.py
2c2508d4d3cb83afcde1e7d870795a74bcc427e2535e697070592e134e4966ad	7692	output/synthetic_identifiability_qualification_v7/negative_recompute_cases/mutated_snapshot/babyworld_lite/sensor_alignment_v7/detector_runtime.py
917aae4cff4726565bbbc26b19dfa563251342cd2814ba686b979819f551df38	27401	output/synthetic_identifiability_qualification_v7/negative_recompute_cases/mutated_snapshot/babyworld_lite/sensor_alignment_v7/integrity.py
4dd17af4940c3464ba99ea4703d9c97a69b20dc551a8274bd1acaebdb4d9ad9b	34033	output/synthetic_identifiability_qualification_v7/negative_recompute_cases/mutated_snapshot/babyworld_lite/sensor_alignment_v7/learner.py
f69dd1e92b876f372449124425da889d9fa768aebc9c1e26bb735b8c09b6c516	12144	output/synthetic_identifiability_qualification_v7/negative_recompute_cases/mutated_snapshot/babyworld_lite/sensor_alignment_v7/protocol.py
78361182be14c8c1d47794dce012211b7e8485883e0d170825023a0ef69ddfbf	44558	output/synthetic_identifiability_qualification_v7/negative_recompute_cases/mutated_snapshot/babyworld_lite/sensor_alignment_v7/study.py
176eb21e52f6910e22702022a23f31a56d3ccb8cf5b66533cebd35636482ee7e	3544	output/synthetic_identifiability_qualification_v7/negative_recompute_cases/mutated_snapshot/configs/synthetic_component_robustness_v3.yaml
5921aa7e70b507b5c5c0a706e508f1ae7da1ab54398f4f96c296b902aa244b18	3273	output/synthetic_identifiability_qualification_v7/negative_recompute_cases/mutated_snapshot/configs/synthetic_identifiability_qualification_v5.yaml
5c896116d5fd4cf9efa94d0178989f28f15fc7776fc0d740c3022faf672cf94c	5408	output/synthetic_identifiability_qualification_v7/negative_recompute_cases/mutated_snapshot/configs/synthetic_identifiability_qualification_v6.yaml
cb519a936f8d4486fdd7a2f71f199644d266ac855277ad3fef34bc04121bcf34	5407	output/synthetic_identifiability_qualification_v7/negative_recompute_cases/mutated_snapshot/configs/synthetic_identifiability_qualification_v7.yaml
4d1aa3bac16f463dfef9081d15c4032cc8206e799b3a68390e1ac6df1c074690	3427	output/synthetic_identifiability_qualification_v7/negative_recompute_cases/mutated_snapshot/configs/synthetic_protocol_fidelity_v4.yaml
c1e90423ad197bf97e12f1bb719c92886218c1c4873e55ee849ed62dede30d10	7278	output/synthetic_identifiability_qualification_v7/negative_recompute_cases/mutated_snapshot/configs/synthetic_sensor_event_robustness_v2.yaml
19de1000f0eca2250e63e64a87e9691fce70616bf99f0bef7b80a6eb3b0879ef	4534	output/synthetic_identifiability_qualification_v7/negative_recompute_cases/mutated_snapshot/configs/synthetic_weak_alignment_recovery_v1.yaml
8f16bae6a91c32f4a0afae9ef9deadd1bd8b7aa3311b4597f0399f6135aa8abd	1573	output/synthetic_identifiability_qualification_v7/negative_recompute_cases/mutated_snapshot/docs/synthetic_identifiability_qualification_v7_limitations.md
1c1ee6d85cc02e5b98d213004cefbcf87f38eba764c581a1151c73338a2be4f0	546	output/synthetic_identifiability_qualification_v7/negative_recompute_cases/mutated_snapshot/docs/synthetic_identifiability_qualification_v7_primary_sources.json
9129792fa73a96b48c296586d1d30da1c60c5dd08807831ba4d066132baf3d7f	4185	output/synthetic_identifiability_qualification_v7/negative_recompute_cases/mutated_snapshot/docs/synthetic_identifiability_qualification_v7_protocol.md
1f22c667d8488ea62001bcd99b23ad5e361074bfb6a5c1654dcf45681baffebf	3906	output/synthetic_identifiability_qualification_v7/negative_recompute_cases/mutated_snapshot/docs/synthetic_identifiability_qualification_v7_repair_ledger.json
49c44066c9e55c37a73d2ac0e47f5e6f0c657c5e9434e988f9d432d874b01309	8781	output/synthetic_identifiability_qualification_v7/negative_recompute_cases/mutated_snapshot/docs/synthetic_identifiability_qualification_v7_traceability.json
bbb837b2eb63ad7ef2c35ac916b4ce19f91e66752ba8b77154045b7adb3b31ec	2877	output/synthetic_identifiability_qualification_v7/negative_recompute_cases/mutated_snapshot/docs/synthetic_identifiability_qualification_v7_v5_v6_audit.json
b4b0e30bf7fd692ef5bf254c0c020641bb3591f4453c27747a944f52110db62b	892	output/synthetic_identifiability_qualification_v7/negative_recompute_cases/mutated_snapshot/output/synthetic_identifiability_qualification_v6/prefreeze_invalidation.json
a487035deba4692728240eb593ba16e1182d9b5959b43d950b60883d1ed08b33	1408	output/synthetic_identifiability_qualification_v7/negative_recompute_cases/mutated_snapshot/output/synthetic_sensor_event_robustness_v2/detector/frozen_detector.json
0f7e42788a6545a937ee1d6afb8ce08e5c069bf90268f6f96bdad4324eff3f01	7297	output/synthetic_identifiability_qualification_v7/negative_recompute_cases/mutated_snapshot/scripts/run_synthetic_identifiability_qualification_v7.py
c332488033893130c7cc12c5d7bdef57b6a3451180e1fa9d3149df923a1828f0	6093	output/synthetic_identifiability_qualification_v7/negative_recompute_cases/mutated_snapshot/snapshot_manifest.json
dcfabd18135bf240338722ca2bc6c14bcd2d3be0ea917eb65e22624342059c30	595	output/synthetic_identifiability_qualification_v7/negative_recompute_cases/mutated_snapshot/tests/conftest.py
07d25c2527bc767c8be2fa44214e65cffd95390bc071091fe5f42f513947c331	20833	output/synthetic_identifiability_qualification_v7/negative_recompute_cases/mutated_snapshot/tests/test_synthetic_identifiability_qualification_v7.py
62cc7b94c19b67bfa878d9924bd91a1b256ad0d0aeb199308d02a11cd22ebb0e	4700	output/synthetic_identifiability_qualification_v7/negative_recompute_tests.json
a1cce6a31883d20384d5884bd55cb2f221a1fd1a3977acba63d7e29dc7d633e5	2328	output/synthetic_identifiability_qualification_v7/official_test_execution_report.json
068dc93b31171c733f35470f64830e516a2158cfff8c7acca7ca386fbd87a0ee	354	output/synthetic_identifiability_qualification_v7/preservation_proof.json
d7eb3267aa2ceb7e0a8e5f0a69f94872164a53742620a407cadc8d8603abda4e	233133	output/synthetic_identifiability_qualification_v7/preserved_v1_v6_hashes_after.tsv
d7eb3267aa2ceb7e0a8e5f0a69f94872164a53742620a407cadc8d8603abda4e	233133	output/synthetic_identifiability_qualification_v7/preserved_v1_v6_hashes_before.tsv
8481cbf20f11622e67bf0cb15c48062aa1b0408689528df9bbd7c1455bf2fa92	1097	output/synthetic_identifiability_qualification_v7/qualification_run/condition_audits.json
27d79acc3f2542bb13be5f50305cb68c6b0a9d4821766077c6f25c044092b0df	350358	output/synthetic_identifiability_qualification_v7/qualification_run/corpus_audits.json
ac31ff17574d308b99b2c2a5d5afbf125ea96b05fc4ccc2cbbab98629b157753	683251	output/synthetic_identifiability_qualification_v7/qualification_run/detector_capacity_audit.json
aa885e3aa54173feb0625f8cde09d8f619976a939cfd48d8b28d335efe271300	909	output/synthetic_identifiability_qualification_v7/qualification_run/detector_runtime_audit.json
2bb845fcf16c4520058e1d8e9da7af3836165fce9eff1226ffbb3b32ff3bf86e	689	output/synthetic_identifiability_qualification_v7/qualification_run/identifier_reference_audit.json
dee4fa03b59762911a93f97828a5474a7c1e7b2e128461b4699eda608b27ef34	12829	output/synthetic_identifiability_qualification_v7/qualification_run/persisted_inputs/config.json
601a8b2f91ebd3bd18dc9d271f94841e7954a47d3d28ce248f8dddb96a8d4581	4223212	output/synthetic_identifiability_qualification_v7/qualification_run/persisted_inputs/corpus_270201/conditions/absent_channel.jsonl
02ef71dcccf2d35fac104f1864e7222a3065c5b9d270ec6718551ee4b6a6d74e	33748043	output/synthetic_identifiability_qualification_v7/qualification_run/persisted_inputs/corpus_270201/conditions/randomized_shuffle.jsonl
55356f995e106cc19b6ff1da61ad5be75a3263af977847c5bdc5957ebf86bb94	31660019	output/synthetic_identifiability_qualification_v7/qualification_run/persisted_inputs/corpus_270201/conditions/sensor_corrupted.jsonl
f3b8cec499a0cc0da1af6280ee360d015fbc176c1e9c948b7f223659204b8b59	32472996	output/synthetic_identifiability_qualification_v7/qualification_run/persisted_inputs/corpus_270201/conditions/shift_minus_8.jsonl
552431342b66a407f9e00ffd0e99fbeae224a2345d9344b2cb9870a6d3405477	32460134	output/synthetic_identifiability_qualification_v7/qualification_run/persisted_inputs/corpus_270201/conditions/shift_plus_8.jsonl
56f8b7359aef35cfe39e3331974a2a3955732aa828503fa2d434a97533f54574	33748043	output/synthetic_identifiability_qualification_v7/qualification_run/persisted_inputs/corpus_270201/conditions/synchronized.jsonl
4e0ae4e7c2b8703d9229ce29c8c790b1e135173b02a1c1942f66265eaa31e29c	22231420	output/synthetic_identifiability_qualification_v7/qualification_run/persisted_inputs/corpus_270201/conditions/uninformative.jsonl
6928c2e9662fdf5e486feaf7b0ab0dc8120e2c26f156d35c5b97de985fb7bb55	165489	output/synthetic_identifiability_qualification_v7/qualification_run/persisted_inputs/corpus_270201/corpus_audit.json
f38a127310de1dfa707ded58fda1a2591ac3b4c00c07055043a38b63e2662bb5	154275	output/synthetic_identifiability_qualification_v7/qualification_run/persisted_inputs/corpus_270201/donor_maps/absent_channel.json
fea5a7bb71746b4e045c8fcbd3dea095f112dc37780e3b405725f4394c01aa4d	164451	output/synthetic_identifiability_qualification_v7/qualification_run/persisted_inputs/corpus_270201/donor_maps/randomized_shuffle.json
339e33a1e4b0d47f4c2bb272bdc651ab04a2254fedb4c150460dd1adf6303776	304755	output/synthetic_identifiability_qualification_v7/qualification_run/persisted_inputs/corpus_270201/donor_maps/sensor_corrupted.json
1f712db361d525a1a471915037a3366318a29b612d9ba4997d7ab8dcd951d656	304755	output/synthetic_identifiability_qualification_v7/qualification_run/persisted_inputs/corpus_270201/donor_maps/shift_minus_8.json
92da1abf3cac6443ce0cd5c62676ee53b424b5b0ac6ec92b057f3e18ec31acce	300963	output/synthetic_identifiability_qualification_v7/qualification_run/persisted_inputs/corpus_270201/donor_maps/shift_plus_8.json
7b52edd6055b66ca270578bb1f1cb141bac5f2d747ff70acaa07f41c76dfb696	164451	output/synthetic_identifiability_qualification_v7/qualification_run/persisted_inputs/corpus_270201/donor_maps/synchronized.json
ef2b7b3f4e0b2f06d14ddd6edb711eba493466cf8592db3247eedb6101b0be5c	207363	output/synthetic_identifiability_qualification_v7/qualification_run/persisted_inputs/corpus_270201/donor_maps/uninformative.json
ddd227fcfce9426b4463cd972322661c3cd21b2b017fc8f1e88f2dc70e8c74e7	3581	output/synthetic_identifiability_qualification_v7/qualification_run/persisted_inputs/corpus_270201/evaluation_keys.jsonl
477fc956efd44bf25791c8ea0b470201c5acd19395d3c0a2f5b06e9e4cf3f0fa	23736	output/synthetic_identifiability_qualification_v7/qualification_run/persisted_inputs/corpus_270201/evaluation_prompts.jsonl
e3b0c44298fc1c149afbf4c8996fb92427ae41e4649b934ca495991b7852b855	0	output/synthetic_identifiability_qualification_v7/qualification_run/persisted_inputs/corpus_270201/evidence/absent_channel.jsonl
135026e0cbf355816418f83fbf4ff27e0e2d96dd2ebf461c6aaf93800c3ef525	1209594	output/synthetic_identifiability_qualification_v7/qualification_run/persisted_inputs/corpus_270201/evidence/randomized_shuffle.jsonl
a033974bff259232a701aff9c745033aed1e7d3a043c163a04754ba57f66ed29	1272904	output/synthetic_identifiability_qualification_v7/qualification_run/persisted_inputs/corpus_270201/evidence/sensor_corrupted.jsonl
ea7523844aae2c52eb1075c0c9a2fb925c845785537b9a2efb9b3293130ea5f0	1297229	output/synthetic_identifiability_qualification_v7/qualification_run/persisted_inputs/corpus_270201/evidence/shift_minus_8.jsonl
24d056b779b00578ffd17ac77224a3fe7147a715ecd0e7c7cd449789558f671d	1301257	output/synthetic_identifiability_qualification_v7/qualification_run/persisted_inputs/corpus_270201/evidence/shift_plus_8.jsonl
def8dbf2a30bc030cbc38051821d346689f1b3ccf7d9d6095fe97aa6a2ab95ad	1209990	output/synthetic_identifiability_qualification_v7/qualification_run/persisted_inputs/corpus_270201/evidence/synchronized.jsonl
0137a15cd3e34789afcdbf46fdde85cea47108db8ec62e90b56fa2c62e76ef29	1202592	output/synthetic_identifiability_qualification_v7/qualification_run/persisted_inputs/corpus_270201/evidence/uninformative.jsonl
898b48db959ee3e54f272984520eae8484a0da73265e240fcf767d8af036c639	245	output/synthetic_identifiability_qualification_v7/qualification_run/persisted_inputs/corpus_270201/lexicon_oracle.json
41ea655ce0d783722e00104a28d98dab99dbe451600b92243a78559b7c541ead	1941206	output/synthetic_identifiability_qualification_v7/qualification_run/persisted_inputs/corpus_270201/oracle_episodes.jsonl
56f8b7359aef35cfe39e3331974a2a3955732aa828503fa2d434a97533f54574	33748043	output/synthetic_identifiability_qualification_v7/qualification_run/persisted_inputs/corpus_270201/visible_episodes.jsonl
1eba2d36919c4b688fb9e47b18d308b9c6888377e9417786c9b57ff75ee8fe0d	4223212	output/synthetic_identifiability_qualification_v7/qualification_run/persisted_inputs/corpus_270207/conditions/absent_channel.jsonl
5f701ef73b141db188cfc024b1d9fd957a29c9f1892565b81f96b7399209d870	33748327	output/synthetic_identifiability_qualification_v7/qualification_run/persisted_inputs/corpus_270207/conditions/randomized_shuffle.jsonl
b347d19168ff9433ccb11fff3d76cfbe0554e4f72fc1da35a449aad289acd354	31661924	output/synthetic_identifiability_qualification_v7/qualification_run/persisted_inputs/corpus_270207/conditions/sensor_corrupted.jsonl
70a7f4185832da1db48be19e5bf99171d7dc1d8d3d6f3600a95e38bb482eb206	32468930	output/synthetic_identifiability_qualification_v7/qualification_run/persisted_inputs/corpus_270207/conditions/shift_minus_8.jsonl
5140a02863f1593e382bbe58611e09c6da1e60d8c2d21fbf9f862a5473bfb9e8	32463571	output/synthetic_identifiability_qualification_v7/qualification_run/persisted_inputs/corpus_270207/conditions/shift_plus_8.jsonl
3b1e6965157b7ec6b2e827929c6c980bbb933728275cc241a0120733e0c05a09	33748327	output/synthetic_identifiability_qualification_v7/qualification_run/persisted_inputs/corpus_270207/conditions/synchronized.jsonl
64b4a4a4da98cad7aa16b8f94c90de2040bd3bbe60b2076a200da88cc6e5b5eb	22231420	output/synthetic_identifiability_qualification_v7/qualification_run/persisted_inputs/corpus_270207/conditions/uninformative.jsonl
4f15169689d054f4b5691da3b044819c4cbe370892a03f25baa9a1ef95c98a76	165506	output/synthetic_identifiability_qualification_v7/qualification_run/persisted_inputs/corpus_270207/corpus_audit.json
55ab278320af298a9b4f3a9773a383a86157daf1c27dc57fccc17f93adc7e304	154275	output/synthetic_identifiability_qualification_v7/qualification_run/persisted_inputs/corpus_270207/donor_maps/absent_channel.json
ee15d019caa434359f56c118ecf67314a6c4f2c1e4cea3efe8b88df9b36ee0a3	164451	output/synthetic_identifiability_qualification_v7/qualification_run/persisted_inputs/corpus_270207/donor_maps/randomized_shuffle.json
c7a35a5f64378875caf0cd8d03c98491c72eba3117a1bf16f739edcf523489a0	304755	output/synthetic_identifiability_qualification_v7/qualification_run/persisted_inputs/corpus_270207/donor_maps/sensor_corrupted.json
f423a764ef9be9ba7c5b2334d6f76ce0b4b16113ae06890adadc16751a12549e	304755	output/synthetic_identifiability_qualification_v7/qualification_run/persisted_inputs/corpus_270207/donor_maps/shift_minus_8.json
a2d5dfa4e853ebccbffbdabf52151e610cc16fb16cc069ec87f9f6e56fff1eb2	300963	output/synthetic_identifiability_qualification_v7/qualification_run/persisted_inputs/corpus_270207/donor_maps/shift_plus_8.json
a5cb2d86261b1882c0680e67198e36629daf5760a33d9b44780644c9fbd18ab8	164451	output/synthetic_identifiability_qualification_v7/qualification_run/persisted_inputs/corpus_270207/donor_maps/synchronized.json
1082966013646534e97db389b5585c8fd1bf6c64cb3af888a6d6fa1c49689952	207363	output/synthetic_identifiability_qualification_v7/qualification_run/persisted_inputs/corpus_270207/donor_maps/uninformative.json
835bcaf6a537cb2f1bf41be20831cf9877a4cc419b09954f8de88011d1f152cb	3581	output/synthetic_identifiability_qualification_v7/qualification_run/persisted_inputs/corpus_270207/evaluation_keys.jsonl
aaa3da7c0f649dda061f60330db7ff8c7853de2fd44fba7bf7dc767f042d2043	23736	output/synthetic_identifiability_qualification_v7/qualification_run/persisted_inputs/corpus_270207/evaluation_prompts.jsonl
e3b0c44298fc1c149afbf4c8996fb92427ae41e4649b934ca495991b7852b855	0	output/synthetic_identifiability_qualification_v7/qualification_run/persisted_inputs/corpus_270207/evidence/absent_channel.jsonl
87f3bd6477a8eb35841ac153f3d1a1aaccd81ebe63724353eef70c23ac8d2921	1208788	output/synthetic_identifiability_qualification_v7/qualification_run/persisted_inputs/corpus_270207/evidence/randomized_shuffle.jsonl
cc72255aadf8edaf33d0bae6e5acd2afd9b726c40e8b3751d65b10b1d99ff717	1273826	output/synthetic_identifiability_qualification_v7/qualification_run/persisted_inputs/corpus_270207/evidence/sensor_corrupted.jsonl
8e26b0a42e97305f0fd9c79e1ae12b6ddada345df707098a05150ee83d2d2667	1297009	output/synthetic_identifiability_qualification_v7/qualification_run/persisted_inputs/corpus_270207/evidence/shift_minus_8.jsonl
3dd61c0c50066f8c8684b9473f311950f8cfcec19bdab4c0917ee53b9c0d05f2	1301028	output/synthetic_identifiability_qualification_v7/qualification_run/persisted_inputs/corpus_270207/evidence/shift_plus_8.jsonl
a7f43fa8e6cac83e303758bbe787b351b49247e64fc4af2a1489a24c5934a105	1209196	output/synthetic_identifiability_qualification_v7/qualification_run/persisted_inputs/corpus_270207/evidence/synchronized.jsonl
90c0c2a472123cddee7ff16ac251d1a03887223ab830160d20fb59c8245accbf	1202592	output/synthetic_identifiability_qualification_v7/qualification_run/persisted_inputs/corpus_270207/evidence/uninformative.jsonl
efdb65250980ae2399dba7090da4f092fb9fdb753c355b5e1077e2dfe0ccbcc1	245	output/synthetic_identifiability_qualification_v7/qualification_run/persisted_inputs/corpus_270207/lexicon_oracle.json
f7c60f09398426e1f01df525e7760185bba34720bef3ea7fd79eeccce63452de	1941206	output/synthetic_identifiability_qualification_v7/qualification_run/persisted_inputs/corpus_270207/oracle_episodes.jsonl
3b1e6965157b7ec6b2e827929c6c980bbb933728275cc241a0120733e0c05a09	33748327	output/synthetic_identifiability_qualification_v7/qualification_run/persisted_inputs/corpus_270207/visible_episodes.jsonl
7749b3170e974ed1fb3095cb63cac1c98425fe79e909b68c96072b0b22791ef1	10112	output/synthetic_identifiability_qualification_v7/qualification_run/persisted_inputs/input_manifest.json
5d74d2569b6d53d6da742d7b89465ede49eed20a6346e8264d7d65912b25f107	223	output/synthetic_identifiability_qualification_v7/qualification_run/persisted_inputs/qualification_metadata.json
9eddb0088e2cfbac0f81fbc00927e62ec1cc75eccce2018126fb0225d304e070	1603	output/synthetic_identifiability_qualification_v7/qualification_run/qualification_summary.json
2a6395daad3b79cc4b3da38e391c63363794e49bab4f1e2218a7e994e7532206	104187	output/synthetic_identifiability_qualification_v7/qualification_run/recomputable/compute_operation_log.json
5e81c674d3e4c05bd8175c11c1a00d21a7cc6dac2f528e3a2bdd5a330623b5c3	116675	output/synthetic_identifiability_qualification_v7/qualification_run/recomputable/control_results.json
2c8f356062a98ed6d429d1e8a409db783d1065ab21650fb47f980345a83124d2	68970	output/synthetic_identifiability_qualification_v7/qualification_run/recomputable/core_gates.json
5da474cc0cca932997bb4c7c38f309cb9a6fa312e44c4c30a4a3059742fcbce1	25685	output/synthetic_identifiability_qualification_v7/qualification_run/recomputable/factor_audit.json
2906d2a9342d3cf813f77fd979fb4fba743769c72b265d0cddd8b0a60ec612e7	3448366	output/synthetic_identifiability_qualification_v7/qualification_run/recomputable/factor_results.json
dd290bdc51822a4821b06acabb1dceda637c4480cc5d089deef8e60d40653e2f	342	output/synthetic_identifiability_qualification_v7/qualification_run/recomputable/leakage_audit.json
f20a8d3e159a9b80564bb16c9bc0670715ea994cc75cd10872949250868e0977	411	output/synthetic_identifiability_qualification_v7/qualification_run/recomputable/learner_numeric_audit.json
c1e277e32c7f16fa65895d2b432b49ad958accb1c747594336d10ef33be8dea7	1457549	output/synthetic_identifiability_qualification_v7/qualification_run/recomputable/model_results.json
7b902d43e89ba6ba0b54bd0a78848d5cb68016c9bb46eba22d0ea1b663149c52	288398	output/synthetic_identifiability_qualification_v7/qualification_run/recomputable/null_capacity_audit.json
8bff2f35261a23ebec03c90c820ed6b8b16d7d8e909bcfb661742088aa4a0821	9940	output/synthetic_identifiability_qualification_v7/qualification_run/recomputable/order_invariance_audit.json
051807375e2a41776ee363621f1d5fba90e310e0701ac8363fc41908da9af760	111219	output/synthetic_identifiability_qualification_v7/qualification_run/seed_operation_log.json
22af309f96a7cf8b2cbfd817555fe073578348cd0e1db2ef2e927b27c7cb8b58	2009	output/synthetic_identifiability_qualification_v7/terminal_decision.json
7f4a3acdf1ec9c602d936302e0e476fd56e4fa6b998715684e72a71cd7bcd34a	3614	output/synthetic_identifiability_qualification_v7/terminal_regeneration.json
c004dbbcf32cfc05a82e982570255a3c10068f537de28dc160c950bbf586d2f8	2199	output/synthetic_identifiability_qualification_v7/terminal_staging/adjudication_inputs.json
22af309f96a7cf8b2cbfd817555fe073578348cd0e1db2ef2e927b27c7cb8b58	2009	output/synthetic_identifiability_qualification_v7/terminal_staging/terminal_decision.json
2b47644e09a850828f54e67dcaf607627885d638d469d7d63c927ab8c8fcb1a4	300	output/synthetic_identifiability_qualification_v7/traceability_validation.json
3b3b872a5fec0ae0f902829bd81eb2c6789cd05dc39165491a862c0c21853602	2198	output/synthetic_identifiability_qualification_v8/adjudication_inputs.json
24428c507cbd7ff2e839f42a264002800408af7b3d93bb51acc54d2c5d271f4a	4718	output/synthetic_identifiability_qualification_v8/collected_tests_pre_freeze.json
f5147cf3a3c9fff6b2111e27201c0fec1fab4ea52581f72acb44919de370ff86	65413	output/synthetic_identifiability_qualification_v8/complete_file_manifest.json
e2b556116e753077a9725a639ab933d0a4e285d07204134f66727ad84aef96b0	217874	output/synthetic_identifiability_qualification_v8/fixture_construction_probe_1/corpus_audit.json
ea8fb87311efcd0f973900f4ea7678fe2c77d8cc886b9b3ae73ab5f17eb04fa9	317	output/synthetic_identifiability_qualification_v8/fixture_construction_probe_1/operation_log.json
6f141cd2c3c3f6e793802dced1355015f6d07abb5edaa82f3b4471c59351d141	1093	output/synthetic_identifiability_qualification_v8/fixture_probe_0_failure.json
0d9a98c16e1ee4a18795123e69fabeb9b58440965f5a5f415235a395ed10ea58	550	output/synthetic_identifiability_qualification_v8/fixture_validation_official/condition_audits.json
a09fedf91cff2fadb6e73548d851b0d48728669d83f457441ffa67da6e0ca6dd	230263	output/synthetic_identifiability_qualification_v8/fixture_validation_official/corpus_audits.json
bb228b426a2363c7bb3820492493ff0f9b6e2a562ea12c1059085e7e1b16a7ab	342101	output/synthetic_identifiability_qualification_v8/fixture_validation_official/detector_capacity_audit.json
8451c9affc0d5fde6a5161310ebe2f8cc18628b560ca32088755117ac1edcecd	909	output/synthetic_identifiability_qualification_v8/fixture_validation_official/detector_runtime_audit.json
df56aed7457ff55d5e2d07b89aa0b9e00ee26ddc94e02de2588adb73d142aa1f	631	output/synthetic_identifiability_qualification_v8/fixture_validation_official/identifier_reference_audit.json
d2b8fc96d928a610f7250afd7b9aedba1af51e3a884e22cc043f29b9c873d340	14288	output/synthetic_identifiability_qualification_v8/fixture_validation_official/persisted_inputs/config.json
a6804e35f6ffe60828bfcab2440133dedefafa84143b510392ebd5cdcba26811	4223212	output/synthetic_identifiability_qualification_v8/fixture_validation_official/persisted_inputs/corpus_280001/conditions/absent_channel.jsonl
b15835bae16d50d00bb532b877875c738d75c89ae40e8b6a9d145c2042545c13	33747027	output/synthetic_identifiability_qualification_v8/fixture_validation_official/persisted_inputs/corpus_280001/conditions/randomized_shuffle.jsonl
eb077cf230f6e1aa262bf2084383769ca70e31dfc4dd8dbee2cf7b77df9c7d42	31654477	output/synthetic_identifiability_qualification_v8/fixture_validation_official/persisted_inputs/corpus_280001/conditions/sensor_corrupted.jsonl
e0428d78f3989f6dd213c10b05b2369bbbc1be11a4bb0a2becbf0b5191ee3749	32472781	output/synthetic_identifiability_qualification_v8/fixture_validation_official/persisted_inputs/corpus_280001/conditions/shift_minus_8.jsonl
077033862326f1239cb953e36abc0b428e2c0423a73e648711adbdfa3bc979e8	32457366	output/synthetic_identifiability_qualification_v8/fixture_validation_official/persisted_inputs/corpus_280001/conditions/shift_plus_8.jsonl
40e28f749ea20f5b6657e5ff9a2f8f8b53bc3cefb24bf447c7e936895f030fe2	33747027	output/synthetic_identifiability_qualification_v8/fixture_validation_official/persisted_inputs/corpus_280001/conditions/synchronized.jsonl
86e20cae8fd1a8bdb3ce4d8ae5efb834997f5c870549724d8fda370bcf6794d2	22231420	output/synthetic_identifiability_qualification_v8/fixture_validation_official/persisted_inputs/corpus_280001/conditions/uninformative.jsonl
fbf4895db31a627833646a626ddf80d63d81ae3cd5b2f91b931a7297b1d1ed7d	217930	output/synthetic_identifiability_qualification_v8/fixture_validation_official/persisted_inputs/corpus_280001/corpus_audit.json
d3a7460f585ea1d48a467846298e1f5419c329c8efdb28ada13e2244ba8600ab	154275	output/synthetic_identifiability_qualification_v8/fixture_validation_official/persisted_inputs/corpus_280001/donor_maps/absent_channel.json
88b83e0aaf1530219d3c0de25c35dff803d29c71426f2e0ee93906a336572417	164451	output/synthetic_identifiability_qualification_v8/fixture_validation_official/persisted_inputs/corpus_280001/donor_maps/randomized_shuffle.json
e3d8f8943ef97c6e6b2b6a286209fcf705680fc5e2809d1f133044d1c5d819b0	304755	output/synthetic_identifiability_qualification_v8/fixture_validation_official/persisted_inputs/corpus_280001/donor_maps/sensor_corrupted.json
4a35dc9be4a5548954083abeb1130767f23ef87e7afa4bdad54ef3e63a1fc540	304755	output/synthetic_identifiability_qualification_v8/fixture_validation_official/persisted_inputs/corpus_280001/donor_maps/shift_minus_8.json
cef0638edfceae5f8c4c4a22af29798230be712ad7031aff6ffbd2a8b0d2add8	300963	output/synthetic_identifiability_qualification_v8/fixture_validation_official/persisted_inputs/corpus_280001/donor_maps/shift_plus_8.json
42f63e8c341b783b27765a9fa87050530bdd77a1f1a1c1b4d487608fb5f3cea8	164451	output/synthetic_identifiability_qualification_v8/fixture_validation_official/persisted_inputs/corpus_280001/donor_maps/synchronized.json
a10573c1dba1bee6ff96a79cf399abafb69ffe74c1b600416bbb6efcdbfc3223	207363	output/synthetic_identifiability_qualification_v8/fixture_validation_official/persisted_inputs/corpus_280001/donor_maps/uninformative.json
a1c664500356efa0bc7fd4bf8f1d8cd9cb12c1ee77b08f7ff3bc573bf5078c99	3581	output/synthetic_identifiability_qualification_v8/fixture_validation_official/persisted_inputs/corpus_280001/evaluation_keys.jsonl
c7a34e46bba63f5838ffa73b35a32b78b9a67957039411d441926fc0bd138b4c	23736	output/synthetic_identifiability_qualification_v8/fixture_validation_official/persisted_inputs/corpus_280001/evaluation_prompts.jsonl
e3b0c44298fc1c149afbf4c8996fb92427ae41e4649b934ca495991b7852b855	0	output/synthetic_identifiability_qualification_v8/fixture_validation_official/persisted_inputs/corpus_280001/evidence/absent_channel.jsonl
26350f2341a76bc68819710ad09c1b9dfe2daba217345b099bfd71d24bf822af	1209769	output/synthetic_identifiability_qualification_v8/fixture_validation_official/persisted_inputs/corpus_280001/evidence/randomized_shuffle.jsonl
7e20968b68f08db43c03b8c14f3663f1519f5cee4a30d84cf78d4e9b372b73e8	1273832	output/synthetic_identifiability_qualification_v8/fixture_validation_official/persisted_inputs/corpus_280001/evidence/sensor_corrupted.jsonl
f44418d2769faa5be91ccd3c85b6c5df9f009057b83ea491afcf992cd1ee69f9	1297483	output/synthetic_identifiability_qualification_v8/fixture_validation_official/persisted_inputs/corpus_280001/evidence/shift_minus_8.jsonl
a36231f337ca671dae3eed7dfd7d5c3409364812f1a5ab8f19dbbdb7abf26839	1301572	output/synthetic_identifiability_qualification_v8/fixture_validation_official/persisted_inputs/corpus_280001/evidence/shift_plus_8.jsonl
66b5655f1de89c0cfaf26a975d357b0fbe3593f8b647be1dd07e6cfbf52b17b1	1210101	output/synthetic_identifiability_qualification_v8/fixture_validation_official/persisted_inputs/corpus_280001/evidence/synchronized.jsonl
e2048a4ce7f6a85506ab26fbd549ec9134d37b653ec2486031d5c8b21ff7719c	1202592	output/synthetic_identifiability_qualification_v8/fixture_validation_official/persisted_inputs/corpus_280001/evidence/uninformative.jsonl
4c3002fe75c824dc3475c84cb1d11b509a414d93477bd22ba7940fdb2d149299	245	output/synthetic_identifiability_qualification_v8/fixture_validation_official/persisted_inputs/corpus_280001/lexicon_oracle.json
0949fb23e0d72b9a64506b145afa634aa57292b64274501c4a31ce62d7a9fcc1	1941206	output/synthetic_identifiability_qualification_v8/fixture_validation_official/persisted_inputs/corpus_280001/oracle_episodes.jsonl
40e28f749ea20f5b6657e5ff9a2f8f8b53bc3cefb24bf447c7e936895f030fe2	33747027	output/synthetic_identifiability_qualification_v8/fixture_validation_official/persisted_inputs/corpus_280001/visible_episodes.jsonl
bc16b3998498f16a3e17308db9939c66763d404ff0986b098678762a26e41777	5270	output/synthetic_identifiability_qualification_v8/fixture_validation_official/persisted_inputs/input_manifest.json
7dfd205f25275778cc9d340290e45fdf53e43391bc70dbab0404a18abae8e227	197	output/synthetic_identifiability_qualification_v8/fixture_validation_official/persisted_inputs/qualification_metadata.json
bd1130c017470675b175c9686f5fba6ad4822544d1e1eaec96f594950f010885	1572	output/synthetic_identifiability_qualification_v8/fixture_validation_official/qualification_summary.json
1aaeb05763da5b2717203404ce24b316042fd828c3f5a7d3218d62146794f9ef	41741	output/synthetic_identifiability_qualification_v8/fixture_validation_official/recomputable/compute_operation_log.json
0a427e1b29222bec7333d2a4dfeb8b4134aa1b67d17359642efac8877b702d73	58344	output/synthetic_identifiability_qualification_v8/fixture_validation_official/recomputable/control_results.json
2930b94626a04b117ce89517e93000a030299b1c77dd81b3ec44dee52e3b3dd9	19394	output/synthetic_identifiability_qualification_v8/fixture_validation_official/recomputable/core_gates.json
98558c6a1c29f478d950271304decdda93434ccd144f04f9129131fe20570c67	14588	output/synthetic_identifiability_qualification_v8/fixture_validation_official/recomputable/factor_audit.json
5b69caa94c0dd25e7cba7cdd2f8d8966a69884746c877ca233326d4dd1cc7954	1724485	output/synthetic_identifiability_qualification_v8/fixture_validation_official/recomputable/factor_results.json
dd290bdc51822a4821b06acabb1dceda637c4480cc5d089deef8e60d40653e2f	342	output/synthetic_identifiability_qualification_v8/fixture_validation_official/recomputable/leakage_audit.json
d0a5fbe9d7522e9450ef4540e285d627f5870b641cc5df84a9ebc81cb362df65	411	output/synthetic_identifiability_qualification_v8/fixture_validation_official/recomputable/learner_numeric_audit.json
f425719b59f8916bed9a991de488197ea3ff7892f08a294085041927bae64868	364428	output/synthetic_identifiability_qualification_v8/fixture_validation_official/recomputable/model_results.json
76cc78a5a900f34bdfbf9858ce49bf6df494e81e2f11410b641923a669e23793	144266	output/synthetic_identifiability_qualification_v8/fixture_validation_official/recomputable/null_capacity_audit.json
b4d8de194e052da1eeb13143cdfc3b8b8c5b5cd3eef68a0df3e3b7d5fb4268b0	2757	output/synthetic_identifiability_qualification_v8/fixture_validation_official/recomputable/order_invariance_audit.json
5e4014a133dcc00add912f5eb7a063cc7103b429b8d0d59ff03db36979f4d8c5	45384	output/synthetic_identifiability_qualification_v8/fixture_validation_official/seed_operation_log.json
583b9f404a2dd466b59783983281e0a503dd86c301b036043ef3b71754971235	14783	output/synthetic_identifiability_qualification_v8/freeze_receipt.json
7898a309d42aeefe54013a6e6c999b65eb04bce56b534ff51ae07f1dd5461a9e	611	output/synthetic_identifiability_qualification_v8/frozen_adjudication_contract.json
066bb65a0b9c86350eeab65143c9115790a66ae4fbacdbb9b30105408ff03557	5561	output/synthetic_identifiability_qualification_v8/frozen_config_snapshot.yaml
49a9edae9473d33e1c319b199878bd87cce26670f8a8aad3f4a66023f3ceadb4	786	output/synthetic_identifiability_qualification_v8/frozen_environment.json
ade83ea3b7f592242fd0c273569a82639eac9139376b870e25e06ed00695ed32	1161	output/synthetic_identifiability_qualification_v8/frozen_gates.json
888d51cfe7863612014892b7c762532b18488f90b053c7c226c4fd32d2015d78	822	output/synthetic_identifiability_qualification_v8/frozen_primary_sources.json
b60b6adc52cf15ff623620e8f40531b94dbae3e4f3dff3ed10009e68db5188d8	4951	output/synthetic_identifiability_qualification_v8/frozen_protocol_snapshot.md
f83a35a87eff40c436c8a45590c3ad45046412ec49fd895dabf4efbe65330dbb	7046	output/synthetic_identifiability_qualification_v8/frozen_seed_registries.json
5f5caa88371c3ab9324ded4afe95eb5428224a772c1f478a21cbb0bf24766986	106	output/synthetic_identifiability_qualification_v8/frozen_source_snapshot/babyworld_lite/__init__.py
c57a0e190b8f02bf89a698a272dc0f4fd254a6324cd39ca639165a623e68978c	157	output/synthetic_identifiability_qualification_v8/frozen_source_snapshot/babyworld_lite/sensor_alignment_v2/__init__.py
6d74817b5bb30b4b265f2ec246b71be432d68ca6f545d50b04a153d77df33b6d	16759	output/synthetic_identifiability_qualification_v8/frozen_source_snapshot/babyworld_lite/sensor_alignment_v2/detector.py
a66d16f515d275fcd08c1db7293ca9ba50c14e7e60b820bba5d2eca3c8338bd8	16903	output/synthetic_identifiability_qualification_v8/frozen_source_snapshot/babyworld_lite/sensor_alignment_v2/protocol.py
31aaba45e98455138ba798806497fbc83ab9f02e6843c0364f3378d1056eae1f	46948	output/synthetic_identifiability_qualification_v8/frozen_source_snapshot/babyworld_lite/sensor_alignment_v2/synthetic.py
e8b18c5acdcaef72f814dc4d07e5c026252aff062315fa796030f84a7a72545c	140	output/synthetic_identifiability_qualification_v8/frozen_source_snapshot/babyworld_lite/sensor_alignment_v8/__init__.py
860bb59a2500ae1ed141c0bf4a7399e68d32d4091a170f11965599c0332fa5e4	3689	output/synthetic_identifiability_qualification_v8/frozen_source_snapshot/babyworld_lite/sensor_alignment_v8/adjudicator.py
d6c378326f676ca5f8ca166c3e746de2eedb99e2d22a34464d02f38dd5d6f373	51021	output/synthetic_identifiability_qualification_v8/frozen_source_snapshot/babyworld_lite/sensor_alignment_v8/benchmark.py
2099594a925d87d33fca7169fec009dea150573ac3571d32d26393af4692dc4b	4073	output/synthetic_identifiability_qualification_v8/frozen_source_snapshot/babyworld_lite/sensor_alignment_v8/controls.py
06ed68541aa1e0ab404adfd584385bf35106fc9491e5e474f557440ae89a4f0f	7692	output/synthetic_identifiability_qualification_v8/frozen_source_snapshot/babyworld_lite/sensor_alignment_v8/detector_runtime.py
61017fa2f5ab5e26e6b256cf01365104729c9198d581c4d1bbfca9f79542499d	27407	output/synthetic_identifiability_qualification_v8/frozen_source_snapshot/babyworld_lite/sensor_alignment_v8/integrity.py
442a45d899b9b490a5c2f066dff10df82f79ac374f063fd8950c67e4e6435a0d	34033	output/synthetic_identifiability_qualification_v8/frozen_source_snapshot/babyworld_lite/sensor_alignment_v8/learner.py
c54ad24a7d12ec409e6a8c043e611d2ea6011d4a43a460dc7587c64155563cd3	12144	output/synthetic_identifiability_qualification_v8/frozen_source_snapshot/babyworld_lite/sensor_alignment_v8/protocol.py
aa74c33bf5bd4a4f83f7b2d9d61ad26ced1df6316d68d21dc4c88b4b138f117d	44558	output/synthetic_identifiability_qualification_v8/frozen_source_snapshot/babyworld_lite/sensor_alignment_v8/study.py
176eb21e52f6910e22702022a23f31a56d3ccb8cf5b66533cebd35636482ee7e	3544	output/synthetic_identifiability_qualification_v8/frozen_source_snapshot/configs/synthetic_component_robustness_v3.yaml
5921aa7e70b507b5c5c0a706e508f1ae7da1ab54398f4f96c296b902aa244b18	3273	output/synthetic_identifiability_qualification_v8/frozen_source_snapshot/configs/synthetic_identifiability_qualification_v5.yaml
5c896116d5fd4cf9efa94d0178989f28f15fc7776fc0d740c3022faf672cf94c	5408	output/synthetic_identifiability_qualification_v8/frozen_source_snapshot/configs/synthetic_identifiability_qualification_v6.yaml
cb519a936f8d4486fdd7a2f71f199644d266ac855277ad3fef34bc04121bcf34	5407	output/synthetic_identifiability_qualification_v8/frozen_source_snapshot/configs/synthetic_identifiability_qualification_v7.yaml
066bb65a0b9c86350eeab65143c9115790a66ae4fbacdbb9b30105408ff03557	5561	output/synthetic_identifiability_qualification_v8/frozen_source_snapshot/configs/synthetic_identifiability_qualification_v8.yaml
4d1aa3bac16f463dfef9081d15c4032cc8206e799b3a68390e1ac6df1c074690	3427	output/synthetic_identifiability_qualification_v8/frozen_source_snapshot/configs/synthetic_protocol_fidelity_v4.yaml
c1e90423ad197bf97e12f1bb719c92886218c1c4873e55ee849ed62dede30d10	7278	output/synthetic_identifiability_qualification_v8/frozen_source_snapshot/configs/synthetic_sensor_event_robustness_v2.yaml
19de1000f0eca2250e63e64a87e9691fce70616bf99f0bef7b80a6eb3b0879ef	4534	output/synthetic_identifiability_qualification_v8/frozen_source_snapshot/configs/synthetic_weak_alignment_recovery_v1.yaml
ce96ba5d70d00f76b73f0f6df729f2c0a994f35ef8df1a059f7ba85f14f70194	1573	output/synthetic_identifiability_qualification_v8/frozen_source_snapshot/docs/synthetic_identifiability_qualification_v8_limitations.md
888d51cfe7863612014892b7c762532b18488f90b053c7c226c4fd32d2015d78	822	output/synthetic_identifiability_qualification_v8/frozen_source_snapshot/docs/synthetic_identifiability_qualification_v8_primary_sources.json
b60b6adc52cf15ff623620e8f40531b94dbae3e4f3dff3ed10009e68db5188d8	4951	output/synthetic_identifiability_qualification_v8/frozen_source_snapshot/docs/synthetic_identifiability_qualification_v8_protocol.md
1da369f900245e175a83312e90d073d5565be731f6d32ae064feafd2546c50c0	8770	output/synthetic_identifiability_qualification_v8/frozen_source_snapshot/docs/synthetic_identifiability_qualification_v8_repair_ledger.json
43fb933f27b6d499ad1df3894935fc3607b7baa071f4a50eb42c1ab24052645a	8781	output/synthetic_identifiability_qualification_v8/frozen_source_snapshot/docs/synthetic_identifiability_qualification_v8_traceability.json
4874d3bfed0b0e92b8462ade04bd916a336d13736887a24c3c42013450ee9280	4938	output/synthetic_identifiability_qualification_v8/frozen_source_snapshot/docs/synthetic_identifiability_qualification_v8_v5_v7_audit.json
b4b0e30bf7fd692ef5bf254c0c020641bb3591f4453c27747a944f52110db62b	892	output/synthetic_identifiability_qualification_v8/frozen_source_snapshot/output/synthetic_identifiability_qualification_v6/prefreeze_invalidation.json
27d79acc3f2542bb13be5f50305cb68c6b0a9d4821766077c6f25c044092b0df	350358	output/synthetic_identifiability_qualification_v8/frozen_source_snapshot/output/synthetic_identifiability_qualification_v7/qualification_run/corpus_audits.json
9eddb0088e2cfbac0f81fbc00927e62ec1cc75eccce2018126fb0225d304e070	1603	output/synthetic_identifiability_qualification_v8/frozen_source_snapshot/output/synthetic_identifiability_qualification_v7/qualification_run/qualification_summary.json
22af309f96a7cf8b2cbfd817555fe073578348cd0e1db2ef2e927b27c7cb8b58	2009	output/synthetic_identifiability_qualification_v8/frozen_source_snapshot/output/synthetic_identifiability_qualification_v7/terminal_decision.json
e2b556116e753077a9725a639ab933d0a4e285d07204134f66727ad84aef96b0	217874	output/synthetic_identifiability_qualification_v8/frozen_source_snapshot/output/synthetic_identifiability_qualification_v8/fixture_construction_probe_1/corpus_audit.json
ea8fb87311efcd0f973900f4ea7678fe2c77d8cc886b9b3ae73ab5f17eb04fa9	317	output/synthetic_identifiability_qualification_v8/frozen_source_snapshot/output/synthetic_identifiability_qualification_v8/fixture_construction_probe_1/operation_log.json
6f141cd2c3c3f6e793802dced1355015f6d07abb5edaa82f3b4471c59351d141	1093	output/synthetic_identifiability_qualification_v8/frozen_source_snapshot/output/synthetic_identifiability_qualification_v8/fixture_probe_0_failure.json
a09fedf91cff2fadb6e73548d851b0d48728669d83f457441ffa67da6e0ca6dd	230263	output/synthetic_identifiability_qualification_v8/frozen_source_snapshot/output/synthetic_identifiability_qualification_v8/fixture_validation_official/corpus_audits.json
bb228b426a2363c7bb3820492493ff0f9b6e2a562ea12c1059085e7e1b16a7ab	342101	output/synthetic_identifiability_qualification_v8/frozen_source_snapshot/output/synthetic_identifiability_qualification_v8/fixture_validation_official/detector_capacity_audit.json
df56aed7457ff55d5e2d07b89aa0b9e00ee26ddc94e02de2588adb73d142aa1f	631	output/synthetic_identifiability_qualification_v8/frozen_source_snapshot/output/synthetic_identifiability_qualification_v8/fixture_validation_official/identifier_reference_audit.json
bd1130c017470675b175c9686f5fba6ad4822544d1e1eaec96f594950f010885	1572	output/synthetic_identifiability_qualification_v8/frozen_source_snapshot/output/synthetic_identifiability_qualification_v8/fixture_validation_official/qualification_summary.json
2930b94626a04b117ce89517e93000a030299b1c77dd81b3ec44dee52e3b3dd9	19394	output/synthetic_identifiability_qualification_v8/frozen_source_snapshot/output/synthetic_identifiability_qualification_v8/fixture_validation_official/recomputable/core_gates.json
76cc78a5a900f34bdfbf9858ce49bf6df494e81e2f11410b641923a669e23793	144266	output/synthetic_identifiability_qualification_v8/frozen_source_snapshot/output/synthetic_identifiability_qualification_v8/fixture_validation_official/recomputable/null_capacity_audit.json
a487035deba4692728240eb593ba16e1182d9b5959b43d950b60883d1ed08b33	1408	output/synthetic_identifiability_qualification_v8/frozen_source_snapshot/output/synthetic_sensor_event_robustness_v2/detector/frozen_detector.json
d9afdd71f479fade0f0fb927c11dbd42dc111e3cfaa8d4865f9a31895031de35	8615	output/synthetic_identifiability_qualification_v8/frozen_source_snapshot/scripts/run_synthetic_identifiability_qualification_v8.py
e15347ee43c9b725136b982be0d96f0aa3aa4dc4280b23d8657c633e2a5e0d76	9071	output/synthetic_identifiability_qualification_v8/frozen_source_snapshot/snapshot_manifest.json
dcfabd18135bf240338722ca2bc6c14bcd2d3be0ea917eb65e22624342059c30	595	output/synthetic_identifiability_qualification_v8/frozen_source_snapshot/tests/conftest.py
1195b449dbc4cbfd808d2e17f254ad5c05b88df4932ebf059108e90a3e3f8c0f	21794	output/synthetic_identifiability_qualification_v8/frozen_source_snapshot/tests/test_synthetic_identifiability_qualification_v8.py
43fb933f27b6d499ad1df3894935fc3607b7baa071f4a50eb42c1ab24052645a	8781	output/synthetic_identifiability_qualification_v8/frozen_traceability.json
a797ea9e819c4c59ef86e4d4db8ef8ac0e85d6d8fc614380f365398e2af356e8	104187	output/synthetic_identifiability_qualification_v8/independent_recompute/compute_operation_log.json
bdf0c78dc69ba7d67f1c0994982c31053fa34b761a2c39cb9164bf555a03606d	116685	output/synthetic_identifiability_qualification_v8/independent_recompute/control_results.json
7f0c3c4a3c417956ceedfe9a84fc51e8fcce60c5bb985ba6ff689ebf6833409c	68992	output/synthetic_identifiability_qualification_v8/independent_recompute/core_gates.json
eda349f3ab62732011aa9e2f526e2ad81207d3cde760b0ca3e77c475ebbf6a9c	25685	output/synthetic_identifiability_qualification_v8/independent_recompute/factor_audit.json
c41fccf4d7d5a9c7c4f1b0e72e2ffc05307c121567c2da2f10fd068163bc5233	3448200	output/synthetic_identifiability_qualification_v8/independent_recompute/factor_results.json
dd290bdc51822a4821b06acabb1dceda637c4480cc5d089deef8e60d40653e2f	342	output/synthetic_identifiability_qualification_v8/independent_recompute/leakage_audit.json
2521ef4d5a68e1d0b9e17ae1b267a9c586a707a0985f27a7c89f366e2ae6f7f8	411	output/synthetic_identifiability_qualification_v8/independent_recompute/learner_numeric_audit.json
f4ae2f7c980f67037709d66d3adf7bdbc60ecfd2f49b4fab690b48a081370f76	1457830	output/synthetic_identifiability_qualification_v8/independent_recompute/model_results.json
8fbede3f9e9c1053e32a5d4e166487943656eaeb2e61f1001a479a035baf72db	288386	output/synthetic_identifiability_qualification_v8/independent_recompute/null_capacity_audit.json
606696691bb0a72a16015b836dbbc98741987a44cd4791b8572d32fa4ec332e5	9940	output/synthetic_identifiability_qualification_v8/independent_recompute/order_invariance_audit.json
706f4d1bd96437db1b4fde7f7f43770901513e39bb4d59fdb302b8c3e72f56a9	2116	output/synthetic_identifiability_qualification_v8/independent_recompute_comparison.json
730109291757e5b3555a19c98de5496dac9fcaaab39ad2e50ed1f1db63114021	2202	output/synthetic_identifiability_qualification_v8/independent_recompute_process.json
79772da243d7e6cc3352212136bf7640361785377c071a21fb267a211697f69c	14284	output/synthetic_identifiability_qualification_v8/negative_recompute_cases/mutated_inputs/config.json
c2ec431fabbf5ebd600451d12bd5d5c92c1a0383998f012292a60b9ff4da84dd	4223212	output/synthetic_identifiability_qualification_v8/negative_recompute_cases/mutated_inputs/corpus_280201/conditions/absent_channel.jsonl
31b7ac6f5cd7bb0c97c10ebf01206d8404065ad673cda9651c6f295dc4576f0e	33747051	output/synthetic_identifiability_qualification_v8/negative_recompute_cases/mutated_inputs/corpus_280201/conditions/randomized_shuffle.jsonl
6d2dfa00d16160c293869828c8337060c4ef76de0c8a2a2a72aa6f8a11589980	31661514	output/synthetic_identifiability_qualification_v8/negative_recompute_cases/mutated_inputs/corpus_280201/conditions/sensor_corrupted.jsonl
16de418c2b10d3e214a2464a03d3809df39695705ace00e7b752fff071106f04	32467717	output/synthetic_identifiability_qualification_v8/negative_recompute_cases/mutated_inputs/corpus_280201/conditions/shift_minus_8.jsonl
009f33933ca65eef8ec8be763a1bab667e820544b6c49982f6fcd2b7eee7e921	32464859	output/synthetic_identifiability_qualification_v8/negative_recompute_cases/mutated_inputs/corpus_280201/conditions/shift_plus_8.jsonl
23b628ced8f3e081765f958e25f80bae9f526948ace173820f618169e8e11303	33747051	output/synthetic_identifiability_qualification_v8/negative_recompute_cases/mutated_inputs/corpus_280201/conditions/synchronized.jsonl
04843ecea6a9b3da06e3b76301b3e4e4ce1d1471e823469482c588066578b919	22231420	output/synthetic_identifiability_qualification_v8/negative_recompute_cases/mutated_inputs/corpus_280201/conditions/uninformative.jsonl
fbf4895db31a627833646a626ddf80d63d81ae3cd5b2f91b931a7297b1d1ed7d	217930	output/synthetic_identifiability_qualification_v8/negative_recompute_cases/mutated_inputs/corpus_280201/corpus_audit.json
e7de95a0f2d9da985e39c64fda48e56f4cb5e21ca7c6552a77f7d37014ff0779	154275	output/synthetic_identifiability_qualification_v8/negative_recompute_cases/mutated_inputs/corpus_280201/donor_maps/absent_channel.json
01462b3efa384a1d9fd4c6bffc5c82467b79960fb05f787db4b641adf990ee98	164451	output/synthetic_identifiability_qualification_v8/negative_recompute_cases/mutated_inputs/corpus_280201/donor_maps/randomized_shuffle.json
96c8c044a209c5a95d847eb13462c81d8b3392104e3f3d9bfcdf41ebaa57549c	304755	output/synthetic_identifiability_qualification_v8/negative_recompute_cases/mutated_inputs/corpus_280201/donor_maps/sensor_corrupted.json
6554a378cb212b0b877400529e7412e721518de7b4094758cd7734853c850fb2	304755	output/synthetic_identifiability_qualification_v8/negative_recompute_cases/mutated_inputs/corpus_280201/donor_maps/shift_minus_8.json
a9763133c95446f84856df122b82306a2365b463e0bcfa1c8c6f0ba6d18cdb3a	300963	output/synthetic_identifiability_qualification_v8/negative_recompute_cases/mutated_inputs/corpus_280201/donor_maps/shift_plus_8.json
49d98d414e6eff49018c5c42efd1f9ff965bc27f9e68c5c2913e185a4594eb2d	164451	output/synthetic_identifiability_qualification_v8/negative_recompute_cases/mutated_inputs/corpus_280201/donor_maps/synchronized.json
3be2edadb0e2ab4c1e3b22059dd6b8dc75bf359a708d616be0435d85cfb13119	207363	output/synthetic_identifiability_qualification_v8/negative_recompute_cases/mutated_inputs/corpus_280201/donor_maps/uninformative.json
2aec4e4db26499555b66f31e678d5b7be3bfc8d4f771b0d530d4f55da5b034c3	3581	output/synthetic_identifiability_qualification_v8/negative_recompute_cases/mutated_inputs/corpus_280201/evaluation_keys.jsonl
dbdffd96a1d6b12eb7f34368648ab95b7efb3776027eb7cf5861d353e6e15251	23736	output/synthetic_identifiability_qualification_v8/negative_recompute_cases/mutated_inputs/corpus_280201/evaluation_prompts.jsonl
e3b0c44298fc1c149afbf4c8996fb92427ae41e4649b934ca495991b7852b855	0	output/synthetic_identifiability_qualification_v8/negative_recompute_cases/mutated_inputs/corpus_280201/evidence/absent_channel.jsonl
79e70d52cad20f3b3d2742fdb2982426f3c34faf33af66fa992099bb33946664	1209960	output/synthetic_identifiability_qualification_v8/negative_recompute_cases/mutated_inputs/corpus_280201/evidence/randomized_shuffle.jsonl
a6259b71a0d87bd69163f25aad0309b7a1cc84cb253ca2bceaa2e924fc756e84	1272925	output/synthetic_identifiability_qualification_v8/negative_recompute_cases/mutated_inputs/corpus_280201/evidence/sensor_corrupted.jsonl
95a879aad1de5b8224989bd2f8abfbc2f64d7bc1eb2f47c34b58c01e02981a2e	1297717	output/synthetic_identifiability_qualification_v8/negative_recompute_cases/mutated_inputs/corpus_280201/evidence/shift_minus_8.jsonl
f5f8667c5bc2d91a830dd0d11ff94efa189797c05d7950b3cd8318cd01eb1bd4	1301292	output/synthetic_identifiability_qualification_v8/negative_recompute_cases/mutated_inputs/corpus_280201/evidence/shift_plus_8.jsonl
b1d1d4bd781079165d31c5320a70c9f9ddc9f24790f5060c7b6634c5ac9805b3	1210375	output/synthetic_identifiability_qualification_v8/negative_recompute_cases/mutated_inputs/corpus_280201/evidence/synchronized.jsonl
8108117617167910fdbad9c99de258710d539c7d4f92e09bf487cf66ff84235c	1202592	output/synthetic_identifiability_qualification_v8/negative_recompute_cases/mutated_inputs/corpus_280201/evidence/uninformative.jsonl
508e404378f72fbf5bbee5ca83b5f10b1bf1e4cc66373854f8ef2196ef7cbbd7	245	output/synthetic_identifiability_qualification_v8/negative_recompute_cases/mutated_inputs/corpus_280201/lexicon_oracle.json
5c9f748387a31e9006ae76f03a8866e7216ce3e09a16655296a8462163b735f9	1941206	output/synthetic_identifiability_qualification_v8/negative_recompute_cases/mutated_inputs/corpus_280201/oracle_episodes.jsonl
23b628ced8f3e081765f958e25f80bae9f526948ace173820f618169e8e11303	33747051	output/synthetic_identifiability_qualification_v8/negative_recompute_cases/mutated_inputs/corpus_280201/visible_episodes.jsonl
34c1a49d9577790c30efc4642dfaaa1e250fee073cc87b385a83909ba2ea0c79	4223212	output/synthetic_identifiability_qualification_v8/negative_recompute_cases/mutated_inputs/corpus_280207/conditions/absent_channel.jsonl
a68b67219a5e66c3c97e920cc1594aef01b7221b3f7ec4bd9085cce1cf470db8	33747029	output/synthetic_identifiability_qualification_v8/negative_recompute_cases/mutated_inputs/corpus_280207/conditions/randomized_shuffle.jsonl
8982a38f47813e216b2563c2473871c9a033115e8d6ce8c7103a4c020a59df34	31660014	output/synthetic_identifiability_qualification_v8/negative_recompute_cases/mutated_inputs/corpus_280207/conditions/sensor_corrupted.jsonl
d51145e4af772de823cecc14fd6d0dcc5e02c466406148bd078422a5c9ec3fa1	32467678	output/synthetic_identifiability_qualification_v8/negative_recompute_cases/mutated_inputs/corpus_280207/conditions/shift_minus_8.jsonl
9b76b30ac63aa86ae14a9ef563759c35d4cee6e69beca94879032a44631dab99	32459959	output/synthetic_identifiability_qualification_v8/negative_recompute_cases/mutated_inputs/corpus_280207/conditions/shift_plus_8.jsonl
a26b42871b249a250173307155ed0ac6b9e801a22d49b8fb90f865067e6a50cb	33747030	output/synthetic_identifiability_qualification_v8/negative_recompute_cases/mutated_inputs/corpus_280207/conditions/synchronized.jsonl
218d2748d40aa39c58e389468d3817a027bff749746e3473665f78e185238a68	22231420	output/synthetic_identifiability_qualification_v8/negative_recompute_cases/mutated_inputs/corpus_280207/conditions/uninformative.jsonl
fbf4895db31a627833646a626ddf80d63d81ae3cd5b2f91b931a7297b1d1ed7d	217930	output/synthetic_identifiability_qualification_v8/negative_recompute_cases/mutated_inputs/corpus_280207/corpus_audit.json
56377334e5039a2c2999e1f355fc3d6d9dd213d2546fe503e86b259a3ab16abd	154275	output/synthetic_identifiability_qualification_v8/negative_recompute_cases/mutated_inputs/corpus_280207/donor_maps/absent_channel.json
6910164a4d0835114c22e8de89095b8b89b13a12c099c26acf31af330b13371f	164451	output/synthetic_identifiability_qualification_v8/negative_recompute_cases/mutated_inputs/corpus_280207/donor_maps/randomized_shuffle.json
8b8093f395c0c9831d67a5b1282206ed814e83faf5c6cdb7fcd4e14cb4150e51	304755	output/synthetic_identifiability_qualification_v8/negative_recompute_cases/mutated_inputs/corpus_280207/donor_maps/sensor_corrupted.json
50319cf6cbb4926864adc4f734f9503a226f1d12d3473b802b4232375762cd51	304755	output/synthetic_identifiability_qualification_v8/negative_recompute_cases/mutated_inputs/corpus_280207/donor_maps/shift_minus_8.json
184e43d839d0b63c92cb40bcda8671075a3c08a56412d368076f6fb020b3a0d6	300963	output/synthetic_identifiability_qualification_v8/negative_recompute_cases/mutated_inputs/corpus_280207/donor_maps/shift_plus_8.json
fc5962ad5f193203fa03f7e0625f95de2f8d762a6c5eaaf02c662b5d38ff3909	164451	output/synthetic_identifiability_qualification_v8/negative_recompute_cases/mutated_inputs/corpus_280207/donor_maps/synchronized.json
b4204054ac74ede85b3b6231a0368155b5237595319d94908a4d19a3dbce9ad2	207363	output/synthetic_identifiability_qualification_v8/negative_recompute_cases/mutated_inputs/corpus_280207/donor_maps/uninformative.json
e84cb7db2f501557d4d375ab2adadc50e2d11f52667f2c7d5fd74c476ec101f0	3581	output/synthetic_identifiability_qualification_v8/negative_recompute_cases/mutated_inputs/corpus_280207/evaluation_keys.jsonl
f954e38c52f3b91f92c54bd08c90027a23f79be9bab3080df5810a0326c4f790	23736	output/synthetic_identifiability_qualification_v8/negative_recompute_cases/mutated_inputs/corpus_280207/evaluation_prompts.jsonl
e3b0c44298fc1c149afbf4c8996fb92427ae41e4649b934ca495991b7852b855	0	output/synthetic_identifiability_qualification_v8/negative_recompute_cases/mutated_inputs/corpus_280207/evidence/absent_channel.jsonl
eab439c26e041bc89ad3d424c6e5b6a41651750dfd4198a6cca7e7b37b4dd853	1209482	output/synthetic_identifiability_qualification_v8/negative_recompute_cases/mutated_inputs/corpus_280207/evidence/randomized_shuffle.jsonl
a7920514089d8b0c3551bde1a72a4b1fe49ef1d2a30c0ea5fbba94b1973f3ac6	1273173	output/synthetic_identifiability_qualification_v8/negative_recompute_cases/mutated_inputs/corpus_280207/evidence/sensor_corrupted.jsonl
f782e07f62108da7a08e785ec0fd89224338a0a9ad40650fb13bbce57eb5619f	1297516	output/synthetic_identifiability_qualification_v8/negative_recompute_cases/mutated_inputs/corpus_280207/evidence/shift_minus_8.jsonl
e70c5dcc6de82548cc1e2ea8e53d0cb53d979df0d3e23e531e6aefc08333c985	1301378	output/synthetic_identifiability_qualification_v8/negative_recompute_cases/mutated_inputs/corpus_280207/evidence/shift_plus_8.jsonl
41392feb2219294fa6e0ac684688098d33f3d926a7b753ce3f8bf9a7a284d8b4	1209810	output/synthetic_identifiability_qualification_v8/negative_recompute_cases/mutated_inputs/corpus_280207/evidence/synchronized.jsonl
d80511cfca0d8d926921cfc9078d9ca8d335a6515e7d908dcfe66e25ebb070d0	1202592	output/synthetic_identifiability_qualification_v8/negative_recompute_cases/mutated_inputs/corpus_280207/evidence/uninformative.jsonl
db7f23df631fc1976ed079aaa55163f5ed3bd8f9911c55aaff61d691a829bc35	245	output/synthetic_identifiability_qualification_v8/negative_recompute_cases/mutated_inputs/corpus_280207/lexicon_oracle.json
ac3bb2be526bdf278f5a454736cf3b690b03e058fcc35487d9404d2dfc69d333	1941206	output/synthetic_identifiability_qualification_v8/negative_recompute_cases/mutated_inputs/corpus_280207/oracle_episodes.jsonl
ecbf2f64322542f0b9d0541532b4484834a7f184f7ee3ccdbefc1fdf6a08015f	33747029	output/synthetic_identifiability_qualification_v8/negative_recompute_cases/mutated_inputs/corpus_280207/visible_episodes.jsonl
086b27166a8fa45459a3ba7863ac85299f94b8efa30c3ec2d2781b9b939d509f	10112	output/synthetic_identifiability_qualification_v8/negative_recompute_cases/mutated_inputs/input_manifest.json
72bc9d61778119589b1093eec92948f04803ab71cf182243ea025d1dd2df50ce	223	output/synthetic_identifiability_qualification_v8/negative_recompute_cases/mutated_inputs/qualification_metadata.json
5f5caa88371c3ab9324ded4afe95eb5428224a772c1f478a21cbb0bf24766986	106	output/synthetic_identifiability_qualification_v8/negative_recompute_cases/mutated_snapshot/babyworld_lite/__init__.py
c57a0e190b8f02bf89a698a272dc0f4fd254a6324cd39ca639165a623e68978c	157	output/synthetic_identifiability_qualification_v8/negative_recompute_cases/mutated_snapshot/babyworld_lite/sensor_alignment_v2/__init__.py
6d74817b5bb30b4b265f2ec246b71be432d68ca6f545d50b04a153d77df33b6d	16759	output/synthetic_identifiability_qualification_v8/negative_recompute_cases/mutated_snapshot/babyworld_lite/sensor_alignment_v2/detector.py
a66d16f515d275fcd08c1db7293ca9ba50c14e7e60b820bba5d2eca3c8338bd8	16903	output/synthetic_identifiability_qualification_v8/negative_recompute_cases/mutated_snapshot/babyworld_lite/sensor_alignment_v2/protocol.py
31aaba45e98455138ba798806497fbc83ab9f02e6843c0364f3378d1056eae1f	46948	output/synthetic_identifiability_qualification_v8/negative_recompute_cases/mutated_snapshot/babyworld_lite/sensor_alignment_v2/synthetic.py
5ec34295d8f420adc678002597cd273db20b35f2458670915441499051185e6e	167	output/synthetic_identifiability_qualification_v8/negative_recompute_cases/mutated_snapshot/babyworld_lite/sensor_alignment_v8/__init__.py
860bb59a2500ae1ed141c0bf4a7399e68d32d4091a170f11965599c0332fa5e4	3689	output/synthetic_identifiability_qualification_v8/negative_recompute_cases/mutated_snapshot/babyworld_lite/sensor_alignment_v8/adjudicator.py
d6c378326f676ca5f8ca166c3e746de2eedb99e2d22a34464d02f38dd5d6f373	51021	output/synthetic_identifiability_qualification_v8/negative_recompute_cases/mutated_snapshot/babyworld_lite/sensor_alignment_v8/benchmark.py
2099594a925d87d33fca7169fec009dea150573ac3571d32d26393af4692dc4b	4073	output/synthetic_identifiability_qualification_v8/negative_recompute_cases/mutated_snapshot/babyworld_lite/sensor_alignment_v8/controls.py
06ed68541aa1e0ab404adfd584385bf35106fc9491e5e474f557440ae89a4f0f	7692	output/synthetic_identifiability_qualification_v8/negative_recompute_cases/mutated_snapshot/babyworld_lite/sensor_alignment_v8/detector_runtime.py
61017fa2f5ab5e26e6b256cf01365104729c9198d581c4d1bbfca9f79542499d	27407	output/synthetic_identifiability_qualification_v8/negative_recompute_cases/mutated_snapshot/babyworld_lite/sensor_alignment_v8/integrity.py
442a45d899b9b490a5c2f066dff10df82f79ac374f063fd8950c67e4e6435a0d	34033	output/synthetic_identifiability_qualification_v8/negative_recompute_cases/mutated_snapshot/babyworld_lite/sensor_alignment_v8/learner.py
c54ad24a7d12ec409e6a8c043e611d2ea6011d4a43a460dc7587c64155563cd3	12144	output/synthetic_identifiability_qualification_v8/negative_recompute_cases/mutated_snapshot/babyworld_lite/sensor_alignment_v8/protocol.py
aa74c33bf5bd4a4f83f7b2d9d61ad26ced1df6316d68d21dc4c88b4b138f117d	44558	output/synthetic_identifiability_qualification_v8/negative_recompute_cases/mutated_snapshot/babyworld_lite/sensor_alignment_v8/study.py
176eb21e52f6910e22702022a23f31a56d3ccb8cf5b66533cebd35636482ee7e	3544	output/synthetic_identifiability_qualification_v8/negative_recompute_cases/mutated_snapshot/configs/synthetic_component_robustness_v3.yaml
5921aa7e70b507b5c5c0a706e508f1ae7da1ab54398f4f96c296b902aa244b18	3273	output/synthetic_identifiability_qualification_v8/negative_recompute_cases/mutated_snapshot/configs/synthetic_identifiability_qualification_v5.yaml
5c896116d5fd4cf9efa94d0178989f28f15fc7776fc0d740c3022faf672cf94c	5408	output/synthetic_identifiability_qualification_v8/negative_recompute_cases/mutated_snapshot/configs/synthetic_identifiability_qualification_v6.yaml
cb519a936f8d4486fdd7a2f71f199644d266ac855277ad3fef34bc04121bcf34	5407	output/synthetic_identifiability_qualification_v8/negative_recompute_cases/mutated_snapshot/configs/synthetic_identifiability_qualification_v7.yaml
066bb65a0b9c86350eeab65143c9115790a66ae4fbacdbb9b30105408ff03557	5561	output/synthetic_identifiability_qualification_v8/negative_recompute_cases/mutated_snapshot/configs/synthetic_identifiability_qualification_v8.yaml
4d1aa3bac16f463dfef9081d15c4032cc8206e799b3a68390e1ac6df1c074690	3427	output/synthetic_identifiability_qualification_v8/negative_recompute_cases/mutated_snapshot/configs/synthetic_protocol_fidelity_v4.yaml
c1e90423ad197bf97e12f1bb719c92886218c1c4873e55ee849ed62dede30d10	7278	output/synthetic_identifiability_qualification_v8/negative_recompute_cases/mutated_snapshot/configs/synthetic_sensor_event_robustness_v2.yaml
19de1000f0eca2250e63e64a87e9691fce70616bf99f0bef7b80a6eb3b0879ef	4534	output/synthetic_identifiability_qualification_v8/negative_recompute_cases/mutated_snapshot/configs/synthetic_weak_alignment_recovery_v1.yaml
ce96ba5d70d00f76b73f0f6df729f2c0a994f35ef8df1a059f7ba85f14f70194	1573	output/synthetic_identifiability_qualification_v8/negative_recompute_cases/mutated_snapshot/docs/synthetic_identifiability_qualification_v8_limitations.md
888d51cfe7863612014892b7c762532b18488f90b053c7c226c4fd32d2015d78	822	output/synthetic_identifiability_qualification_v8/negative_recompute_cases/mutated_snapshot/docs/synthetic_identifiability_qualification_v8_primary_sources.json
b60b6adc52cf15ff623620e8f40531b94dbae3e4f3dff3ed10009e68db5188d8	4951	output/synthetic_identifiability_qualification_v8/negative_recompute_cases/mutated_snapshot/docs/synthetic_identifiability_qualification_v8_protocol.md
1da369f900245e175a83312e90d073d5565be731f6d32ae064feafd2546c50c0	8770	output/synthetic_identifiability_qualification_v8/negative_recompute_cases/mutated_snapshot/docs/synthetic_identifiability_qualification_v8_repair_ledger.json
43fb933f27b6d499ad1df3894935fc3607b7baa071f4a50eb42c1ab24052645a	8781	output/synthetic_identifiability_qualification_v8/negative_recompute_cases/mutated_snapshot/docs/synthetic_identifiability_qualification_v8_traceability.json
4874d3bfed0b0e92b8462ade04bd916a336d13736887a24c3c42013450ee9280	4938	output/synthetic_identifiability_qualification_v8/negative_recompute_cases/mutated_snapshot/docs/synthetic_identifiability_qualification_v8_v5_v7_audit.json
b4b0e30bf7fd692ef5bf254c0c020641bb3591f4453c27747a944f52110db62b	892	output/synthetic_identifiability_qualification_v8/negative_recompute_cases/mutated_snapshot/output/synthetic_identifiability_qualification_v6/prefreeze_invalidation.json
27d79acc3f2542bb13be5f50305cb68c6b0a9d4821766077c6f25c044092b0df	350358	output/synthetic_identifiability_qualification_v8/negative_recompute_cases/mutated_snapshot/output/synthetic_identifiability_qualification_v7/qualification_run/corpus_audits.json
9eddb0088e2cfbac0f81fbc00927e62ec1cc75eccce2018126fb0225d304e070	1603	output/synthetic_identifiability_qualification_v8/negative_recompute_cases/mutated_snapshot/output/synthetic_identifiability_qualification_v7/qualification_run/qualification_summary.json
22af309f96a7cf8b2cbfd817555fe073578348cd0e1db2ef2e927b27c7cb8b58	2009	output/synthetic_identifiability_qualification_v8/negative_recompute_cases/mutated_snapshot/output/synthetic_identifiability_qualification_v7/terminal_decision.json
e2b556116e753077a9725a639ab933d0a4e285d07204134f66727ad84aef96b0	217874	output/synthetic_identifiability_qualification_v8/negative_recompute_cases/mutated_snapshot/output/synthetic_identifiability_qualification_v8/fixture_construction_probe_1/corpus_audit.json
ea8fb87311efcd0f973900f4ea7678fe2c77d8cc886b9b3ae73ab5f17eb04fa9	317	output/synthetic_identifiability_qualification_v8/negative_recompute_cases/mutated_snapshot/output/synthetic_identifiability_qualification_v8/fixture_construction_probe_1/operation_log.json
6f141cd2c3c3f6e793802dced1355015f6d07abb5edaa82f3b4471c59351d141	1093	output/synthetic_identifiability_qualification_v8/negative_recompute_cases/mutated_snapshot/output/synthetic_identifiability_qualification_v8/fixture_probe_0_failure.json
a09fedf91cff2fadb6e73548d851b0d48728669d83f457441ffa67da6e0ca6dd	230263	output/synthetic_identifiability_qualification_v8/negative_recompute_cases/mutated_snapshot/output/synthetic_identifiability_qualification_v8/fixture_validation_official/corpus_audits.json
bb228b426a2363c7bb3820492493ff0f9b6e2a562ea12c1059085e7e1b16a7ab	342101	output/synthetic_identifiability_qualification_v8/negative_recompute_cases/mutated_snapshot/output/synthetic_identifiability_qualification_v8/fixture_validation_official/detector_capacity_audit.json
df56aed7457ff55d5e2d07b89aa0b9e00ee26ddc94e02de2588adb73d142aa1f	631	output/synthetic_identifiability_qualification_v8/negative_recompute_cases/mutated_snapshot/output/synthetic_identifiability_qualification_v8/fixture_validation_official/identifier_reference_audit.json
bd1130c017470675b175c9686f5fba6ad4822544d1e1eaec96f594950f010885	1572	output/synthetic_identifiability_qualification_v8/negative_recompute_cases/mutated_snapshot/output/synthetic_identifiability_qualification_v8/fixture_validation_official/qualification_summary.json
2930b94626a04b117ce89517e93000a030299b1c77dd81b3ec44dee52e3b3dd9	19394	output/synthetic_identifiability_qualification_v8/negative_recompute_cases/mutated_snapshot/output/synthetic_identifiability_qualification_v8/fixture_validation_official/recomputable/core_gates.json
76cc78a5a900f34bdfbf9858ce49bf6df494e81e2f11410b641923a669e23793	144266	output/synthetic_identifiability_qualification_v8/negative_recompute_cases/mutated_snapshot/output/synthetic_identifiability_qualification_v8/fixture_validation_official/recomputable/null_capacity_audit.json
a487035deba4692728240eb593ba16e1182d9b5959b43d950b60883d1ed08b33	1408	output/synthetic_identifiability_qualification_v8/negative_recompute_cases/mutated_snapshot/output/synthetic_sensor_event_robustness_v2/detector/frozen_detector.json
d9afdd71f479fade0f0fb927c11dbd42dc111e3cfaa8d4865f9a31895031de35	8615	output/synthetic_identifiability_qualification_v8/negative_recompute_cases/mutated_snapshot/scripts/run_synthetic_identifiability_qualification_v8.py
e15347ee43c9b725136b982be0d96f0aa3aa4dc4280b23d8657c633e2a5e0d76	9071	output/synthetic_identifiability_qualification_v8/negative_recompute_cases/mutated_snapshot/snapshot_manifest.json
dcfabd18135bf240338722ca2bc6c14bcd2d3be0ea917eb65e22624342059c30	595	output/synthetic_identifiability_qualification_v8/negative_recompute_cases/mutated_snapshot/tests/conftest.py
1195b449dbc4cbfd808d2e17f254ad5c05b88df4932ebf059108e90a3e3f8c0f	21794	output/synthetic_identifiability_qualification_v8/negative_recompute_cases/mutated_snapshot/tests/test_synthetic_identifiability_qualification_v8.py
108493c0c463bb9df8944469850c1391d77f9393c2f0884365403dc1cca2734f	4700	output/synthetic_identifiability_qualification_v8/negative_recompute_tests.json
0cd2154ccd953721943ad8a36f1b9ca4a73454f604664834f21425e3ed06e7b2	2319	output/synthetic_identifiability_qualification_v8/official_test_execution_report.json
5b1854d03c05868f4c3b801ebc3db8db1231e518775a0f265c34f2117f543347	354	output/synthetic_identifiability_qualification_v8/preservation_proof.json
f157eb931615b7e559de6250d5f0321ba10ce9fa78436d58ec3a647467659147	306868	output/synthetic_identifiability_qualification_v8/preserved_v1_v7_hashes_after.tsv
f157eb931615b7e559de6250d5f0321ba10ce9fa78436d58ec3a647467659147	306868	output/synthetic_identifiability_qualification_v8/preserved_v1_v7_hashes_before.tsv
15c040730e76f986a6d4a2fe555e9f4e3aac15d9162e0639c2f547e24e707dbc	1097	output/synthetic_identifiability_qualification_v8/qualification_run/condition_audits.json
9386495372f143362cc0e1d9586c43d82b33ae602a85865baff4b61c97fbe9df	460523	output/synthetic_identifiability_qualification_v8/qualification_run/corpus_audits.json
09be0ccdeecdaf2a977f228cd550cdb937d8ab5f1a8b01b1d8475352d991d4ad	683265	output/synthetic_identifiability_qualification_v8/qualification_run/detector_capacity_audit.json
1ccbc4a7a15b88c1b0135604d3b545a3c76f2013e864a1b17fc532b51b70dc2a	909	output/synthetic_identifiability_qualification_v8/qualification_run/detector_runtime_audit.json
c376dcdb7d9ed72c86f601b1cc1079795d1e004d62505b7c5f373c1d5c18e824	689	output/synthetic_identifiability_qualification_v8/qualification_run/identifier_reference_audit.json
79772da243d7e6cc3352212136bf7640361785377c071a21fb267a211697f69c	14284	output/synthetic_identifiability_qualification_v8/qualification_run/persisted_inputs/config.json
c2ec431fabbf5ebd600451d12bd5d5c92c1a0383998f012292a60b9ff4da84dd	4223212	output/synthetic_identifiability_qualification_v8/qualification_run/persisted_inputs/corpus_280201/conditions/absent_channel.jsonl
31b7ac6f5cd7bb0c97c10ebf01206d8404065ad673cda9651c6f295dc4576f0e	33747051	output/synthetic_identifiability_qualification_v8/qualification_run/persisted_inputs/corpus_280201/conditions/randomized_shuffle.jsonl
6d2dfa00d16160c293869828c8337060c4ef76de0c8a2a2a72aa6f8a11589980	31661514	output/synthetic_identifiability_qualification_v8/qualification_run/persisted_inputs/corpus_280201/conditions/sensor_corrupted.jsonl
16de418c2b10d3e214a2464a03d3809df39695705ace00e7b752fff071106f04	32467717	output/synthetic_identifiability_qualification_v8/qualification_run/persisted_inputs/corpus_280201/conditions/shift_minus_8.jsonl
009f33933ca65eef8ec8be763a1bab667e820544b6c49982f6fcd2b7eee7e921	32464859	output/synthetic_identifiability_qualification_v8/qualification_run/persisted_inputs/corpus_280201/conditions/shift_plus_8.jsonl
23b628ced8f3e081765f958e25f80bae9f526948ace173820f618169e8e11303	33747051	output/synthetic_identifiability_qualification_v8/qualification_run/persisted_inputs/corpus_280201/conditions/synchronized.jsonl
04843ecea6a9b3da06e3b76301b3e4e4ce1d1471e823469482c588066578b919	22231420	output/synthetic_identifiability_qualification_v8/qualification_run/persisted_inputs/corpus_280201/conditions/uninformative.jsonl
fbf4895db31a627833646a626ddf80d63d81ae3cd5b2f91b931a7297b1d1ed7d	217930	output/synthetic_identifiability_qualification_v8/qualification_run/persisted_inputs/corpus_280201/corpus_audit.json
e7de95a0f2d9da985e39c64fda48e56f4cb5e21ca7c6552a77f7d37014ff0779	154275	output/synthetic_identifiability_qualification_v8/qualification_run/persisted_inputs/corpus_280201/donor_maps/absent_channel.json
01462b3efa384a1d9fd4c6bffc5c82467b79960fb05f787db4b641adf990ee98	164451	output/synthetic_identifiability_qualification_v8/qualification_run/persisted_inputs/corpus_280201/donor_maps/randomized_shuffle.json
96c8c044a209c5a95d847eb13462c81d8b3392104e3f3d9bfcdf41ebaa57549c	304755	output/synthetic_identifiability_qualification_v8/qualification_run/persisted_inputs/corpus_280201/donor_maps/sensor_corrupted.json
6554a378cb212b0b877400529e7412e721518de7b4094758cd7734853c850fb2	304755	output/synthetic_identifiability_qualification_v8/qualification_run/persisted_inputs/corpus_280201/donor_maps/shift_minus_8.json
a9763133c95446f84856df122b82306a2365b463e0bcfa1c8c6f0ba6d18cdb3a	300963	output/synthetic_identifiability_qualification_v8/qualification_run/persisted_inputs/corpus_280201/donor_maps/shift_plus_8.json
49d98d414e6eff49018c5c42efd1f9ff965bc27f9e68c5c2913e185a4594eb2d	164451	output/synthetic_identifiability_qualification_v8/qualification_run/persisted_inputs/corpus_280201/donor_maps/synchronized.json
3be2edadb0e2ab4c1e3b22059dd6b8dc75bf359a708d616be0435d85cfb13119	207363	output/synthetic_identifiability_qualification_v8/qualification_run/persisted_inputs/corpus_280201/donor_maps/uninformative.json
2aec4e4db26499555b66f31e678d5b7be3bfc8d4f771b0d530d4f55da5b034c3	3581	output/synthetic_identifiability_qualification_v8/qualification_run/persisted_inputs/corpus_280201/evaluation_keys.jsonl
dbdffd96a1d6b12eb7f34368648ab95b7efb3776027eb7cf5861d353e6e15251	23736	output/synthetic_identifiability_qualification_v8/qualification_run/persisted_inputs/corpus_280201/evaluation_prompts.jsonl
e3b0c44298fc1c149afbf4c8996fb92427ae41e4649b934ca495991b7852b855	0	output/synthetic_identifiability_qualification_v8/qualification_run/persisted_inputs/corpus_280201/evidence/absent_channel.jsonl
79e70d52cad20f3b3d2742fdb2982426f3c34faf33af66fa992099bb33946664	1209960	output/synthetic_identifiability_qualification_v8/qualification_run/persisted_inputs/corpus_280201/evidence/randomized_shuffle.jsonl
a6259b71a0d87bd69163f25aad0309b7a1cc84cb253ca2bceaa2e924fc756e84	1272925	output/synthetic_identifiability_qualification_v8/qualification_run/persisted_inputs/corpus_280201/evidence/sensor_corrupted.jsonl
95a879aad1de5b8224989bd2f8abfbc2f64d7bc1eb2f47c34b58c01e02981a2e	1297717	output/synthetic_identifiability_qualification_v8/qualification_run/persisted_inputs/corpus_280201/evidence/shift_minus_8.jsonl
f5f8667c5bc2d91a830dd0d11ff94efa189797c05d7950b3cd8318cd01eb1bd4	1301292	output/synthetic_identifiability_qualification_v8/qualification_run/persisted_inputs/corpus_280201/evidence/shift_plus_8.jsonl
b1d1d4bd781079165d31c5320a70c9f9ddc9f24790f5060c7b6634c5ac9805b3	1210375	output/synthetic_identifiability_qualification_v8/qualification_run/persisted_inputs/corpus_280201/evidence/synchronized.jsonl
8108117617167910fdbad9c99de258710d539c7d4f92e09bf487cf66ff84235c	1202592	output/synthetic_identifiability_qualification_v8/qualification_run/persisted_inputs/corpus_280201/evidence/uninformative.jsonl
508e404378f72fbf5bbee5ca83b5f10b1bf1e4cc66373854f8ef2196ef7cbbd7	245	output/synthetic_identifiability_qualification_v8/qualification_run/persisted_inputs/corpus_280201/lexicon_oracle.json
5c9f748387a31e9006ae76f03a8866e7216ce3e09a16655296a8462163b735f9	1941206	output/synthetic_identifiability_qualification_v8/qualification_run/persisted_inputs/corpus_280201/oracle_episodes.jsonl
23b628ced8f3e081765f958e25f80bae9f526948ace173820f618169e8e11303	33747051	output/synthetic_identifiability_qualification_v8/qualification_run/persisted_inputs/corpus_280201/visible_episodes.jsonl
34c1a49d9577790c30efc4642dfaaa1e250fee073cc87b385a83909ba2ea0c79	4223212	output/synthetic_identifiability_qualification_v8/qualification_run/persisted_inputs/corpus_280207/conditions/absent_channel.jsonl
a68b67219a5e66c3c97e920cc1594aef01b7221b3f7ec4bd9085cce1cf470db8	33747029	output/synthetic_identifiability_qualification_v8/qualification_run/persisted_inputs/corpus_280207/conditions/randomized_shuffle.jsonl
8982a38f47813e216b2563c2473871c9a033115e8d6ce8c7103a4c020a59df34	31660014	output/synthetic_identifiability_qualification_v8/qualification_run/persisted_inputs/corpus_280207/conditions/sensor_corrupted.jsonl
d51145e4af772de823cecc14fd6d0dcc5e02c466406148bd078422a5c9ec3fa1	32467678	output/synthetic_identifiability_qualification_v8/qualification_run/persisted_inputs/corpus_280207/conditions/shift_minus_8.jsonl
9b76b30ac63aa86ae14a9ef563759c35d4cee6e69beca94879032a44631dab99	32459959	output/synthetic_identifiability_qualification_v8/qualification_run/persisted_inputs/corpus_280207/conditions/shift_plus_8.jsonl
ecbf2f64322542f0b9d0541532b4484834a7f184f7ee3ccdbefc1fdf6a08015f	33747029	output/synthetic_identifiability_qualification_v8/qualification_run/persisted_inputs/corpus_280207/conditions/synchronized.jsonl
218d2748d40aa39c58e389468d3817a027bff749746e3473665f78e185238a68	22231420	output/synthetic_identifiability_qualification_v8/qualification_run/persisted_inputs/corpus_280207/conditions/uninformative.jsonl
fbf4895db31a627833646a626ddf80d63d81ae3cd5b2f91b931a7297b1d1ed7d	217930	output/synthetic_identifiability_qualification_v8/qualification_run/persisted_inputs/corpus_280207/corpus_audit.json
56377334e5039a2c2999e1f355fc3d6d9dd213d2546fe503e86b259a3ab16abd	154275	output/synthetic_identifiability_qualification_v8/qualification_run/persisted_inputs/corpus_280207/donor_maps/absent_channel.json
6910164a4d0835114c22e8de89095b8b89b13a12c099c26acf31af330b13371f	164451	output/synthetic_identifiability_qualification_v8/qualification_run/persisted_inputs/corpus_280207/donor_maps/randomized_shuffle.json
8b8093f395c0c9831d67a5b1282206ed814e83faf5c6cdb7fcd4e14cb4150e51	304755	output/synthetic_identifiability_qualification_v8/qualification_run/persisted_inputs/corpus_280207/donor_maps/sensor_corrupted.json
50319cf6cbb4926864adc4f734f9503a226f1d12d3473b802b4232375762cd51	304755	output/synthetic_identifiability_qualification_v8/qualification_run/persisted_inputs/corpus_280207/donor_maps/shift_minus_8.json
184e43d839d0b63c92cb40bcda8671075a3c08a56412d368076f6fb020b3a0d6	300963	output/synthetic_identifiability_qualification_v8/qualification_run/persisted_inputs/corpus_280207/donor_maps/shift_plus_8.json
fc5962ad5f193203fa03f7e0625f95de2f8d762a6c5eaaf02c662b5d38ff3909	164451	output/synthetic_identifiability_qualification_v8/qualification_run/persisted_inputs/corpus_280207/donor_maps/synchronized.json
b4204054ac74ede85b3b6231a0368155b5237595319d94908a4d19a3dbce9ad2	207363	output/synthetic_identifiability_qualification_v8/qualification_run/persisted_inputs/corpus_280207/donor_maps/uninformative.json
e84cb7db2f501557d4d375ab2adadc50e2d11f52667f2c7d5fd74c476ec101f0	3581	output/synthetic_identifiability_qualification_v8/qualification_run/persisted_inputs/corpus_280207/evaluation_keys.jsonl
f954e38c52f3b91f92c54bd08c90027a23f79be9bab3080df5810a0326c4f790	23736	output/synthetic_identifiability_qualification_v8/qualification_run/persisted_inputs/corpus_280207/evaluation_prompts.jsonl
e3b0c44298fc1c149afbf4c8996fb92427ae41e4649b934ca495991b7852b855	0	output/synthetic_identifiability_qualification_v8/qualification_run/persisted_inputs/corpus_280207/evidence/absent_channel.jsonl
eab439c26e041bc89ad3d424c6e5b6a41651750dfd4198a6cca7e7b37b4dd853	1209482	output/synthetic_identifiability_qualification_v8/qualification_run/persisted_inputs/corpus_280207/evidence/randomized_shuffle.jsonl
a7920514089d8b0c3551bde1a72a4b1fe49ef1d2a30c0ea5fbba94b1973f3ac6	1273173	output/synthetic_identifiability_qualification_v8/qualification_run/persisted_inputs/corpus_280207/evidence/sensor_corrupted.jsonl
f782e07f62108da7a08e785ec0fd89224338a0a9ad40650fb13bbce57eb5619f	1297516	output/synthetic_identifiability_qualification_v8/qualification_run/persisted_inputs/corpus_280207/evidence/shift_minus_8.jsonl
e70c5dcc6de82548cc1e2ea8e53d0cb53d979df0d3e23e531e6aefc08333c985	1301378	output/synthetic_identifiability_qualification_v8/qualification_run/persisted_inputs/corpus_280207/evidence/shift_plus_8.jsonl
41392feb2219294fa6e0ac684688098d33f3d926a7b753ce3f8bf9a7a284d8b4	1209810	output/synthetic_identifiability_qualification_v8/qualification_run/persisted_inputs/corpus_280207/evidence/synchronized.jsonl
d80511cfca0d8d926921cfc9078d9ca8d335a6515e7d908dcfe66e25ebb070d0	1202592	output/synthetic_identifiability_qualification_v8/qualification_run/persisted_inputs/corpus_280207/evidence/uninformative.jsonl
db7f23df631fc1976ed079aaa55163f5ed3bd8f9911c55aaff61d691a829bc35	245	output/synthetic_identifiability_qualification_v8/qualification_run/persisted_inputs/corpus_280207/lexicon_oracle.json
ac3bb2be526bdf278f5a454736cf3b690b03e058fcc35487d9404d2dfc69d333	1941206	output/synthetic_identifiability_qualification_v8/qualification_run/persisted_inputs/corpus_280207/oracle_episodes.jsonl
ecbf2f64322542f0b9d0541532b4484834a7f184f7ee3ccdbefc1fdf6a08015f	33747029	output/synthetic_identifiability_qualification_v8/qualification_run/persisted_inputs/corpus_280207/visible_episodes.jsonl
086b27166a8fa45459a3ba7863ac85299f94b8efa30c3ec2d2781b9b939d509f	10112	output/synthetic_identifiability_qualification_v8/qualification_run/persisted_inputs/input_manifest.json
72bc9d61778119589b1093eec92948f04803ab71cf182243ea025d1dd2df50ce	223	output/synthetic_identifiability_qualification_v8/qualification_run/persisted_inputs/qualification_metadata.json
165ab935ac9b5bad1614bb8e6273fb2803f595d68ab2fa5813eb2f8d3b7237eb	1602	output/synthetic_identifiability_qualification_v8/qualification_run/qualification_summary.json
a797ea9e819c4c59ef86e4d4db8ef8ac0e85d6d8fc614380f365398e2af356e8	104187	output/synthetic_identifiability_qualification_v8/qualification_run/recomputable/compute_operation_log.json
bdf0c78dc69ba7d67f1c0994982c31053fa34b761a2c39cb9164bf555a03606d	116685	output/synthetic_identifiability_qualification_v8/qualification_run/recomputable/control_results.json
7f0c3c4a3c417956ceedfe9a84fc51e8fcce60c5bb985ba6ff689ebf6833409c	68992	output/synthetic_identifiability_qualification_v8/qualification_run/recomputable/core_gates.json
eda349f3ab62732011aa9e2f526e2ad81207d3cde760b0ca3e77c475ebbf6a9c	25685	output/synthetic_identifiability_qualification_v8/qualification_run/recomputable/factor_audit.json
c41fccf4d7d5a9c7c4f1b0e72e2ffc05307c121567c2da2f10fd068163bc5233	3448200	output/synthetic_identifiability_qualification_v8/qualification_run/recomputable/factor_results.json
dd290bdc51822a4821b06acabb1dceda637c4480cc5d089deef8e60d40653e2f	342	output/synthetic_identifiability_qualification_v8/qualification_run/recomputable/leakage_audit.json
2521ef4d5a68e1d0b9e17ae1b267a9c586a707a0985f27a7c89f366e2ae6f7f8	411	output/synthetic_identifiability_qualification_v8/qualification_run/recomputable/learner_numeric_audit.json
f4ae2f7c980f67037709d66d3adf7bdbc60ecfd2f49b4fab690b48a081370f76	1457830	output/synthetic_identifiability_qualification_v8/qualification_run/recomputable/model_results.json
8fbede3f9e9c1053e32a5d4e166487943656eaeb2e61f1001a479a035baf72db	288386	output/synthetic_identifiability_qualification_v8/qualification_run/recomputable/null_capacity_audit.json
606696691bb0a72a16015b836dbbc98741987a44cd4791b8572d32fa4ec332e5	9940	output/synthetic_identifiability_qualification_v8/qualification_run/recomputable/order_invariance_audit.json
d2d6f10e8d49a683503ed36ae8232bf9f90ebd42d864e57900a2a230feebe33b	111219	output/synthetic_identifiability_qualification_v8/qualification_run/seed_operation_log.json
ae836a172509f6853f8f131b82a6e222f4d72dae034b0770b8c5d066dee23363	1989	output/synthetic_identifiability_qualification_v8/terminal_decision.json
ed39aee1291ad88e6622857a80ba6d0da2664ccdafeded36915cfa12c8884669	3594	output/synthetic_identifiability_qualification_v8/terminal_regeneration.json
3b3b872a5fec0ae0f902829bd81eb2c6789cd05dc39165491a862c0c21853602	2198	output/synthetic_identifiability_qualification_v8/terminal_staging/adjudication_inputs.json
ae836a172509f6853f8f131b82a6e222f4d72dae034b0770b8c5d066dee23363	1989	output/synthetic_identifiability_qualification_v8/terminal_staging/terminal_decision.json
2b47644e09a850828f54e67dcaf607627885d638d469d7d63c927ab8c8fcb1a4	300	output/synthetic_identifiability_qualification_v8/traceability_validation.json
021dd056dfe42a59e2c80250d7b4cdb23dd56894db181069c32b35b63e92925c	45224	output/synthetic_protocol_fidelity_v4/complete_file_manifest.json
18a064f7eb6c950dffa6e2ed7896a1b1ecab3e2f2f9c03fd918b07a0f372a48a	825	output/synthetic_protocol_fidelity_v4/fixture_validation/competition_audit.json
ad185eb6cf5072020ebcf13ec1fcef727e2c358eb3b4b6c5f1798c562ca0cf6b	12053	output/synthetic_protocol_fidelity_v4/fixture_validation/control_results.json
36ff97af4f3685aa58f827ef72a243a207a1f5acdda8e54d3248de7f178553f8	4117	output/synthetic_protocol_fidelity_v4/fixture_validation/core_manifest.json
5260d7a657fb03a2aa53f7c068b3089a8f984864d9eebf4ca1e9c9e39b3062fd	5770	output/synthetic_protocol_fidelity_v4/fixture_validation/corpus_audits.json
d556812115ee0efaa626e6a37d135d109d479ce0b0f778dc449677276b46d770	733	output/synthetic_protocol_fidelity_v4/fixture_validation/detector_runtime_audit.json
d3084ed3c8f64bf5a61c4ea9c1b63498336b1576d82cbd5aaa86c220b66f6d31	13676	output/synthetic_protocol_fidelity_v4/fixture_validation/factor_recomputation.json
0f3cf14d1c6506d75ebc4358d95e22ac4cafef685c0471083136458986d58091	12526	output/synthetic_protocol_fidelity_v4/fixture_validation/factor_results.json
4e01252f8ba95138d943e7d5e10c1022e57ec219322d84196dc0dedfe36fc24a	400	output/synthetic_protocol_fidelity_v4/fixture_validation/factor_stratification_audit.json
4f4c06a42c173ffa22e1e0a9195139acbc909d263a7b51e9b5ff38d593a00943	1201	output/synthetic_protocol_fidelity_v4/fixture_validation/inference_audit.json
0a1c3fc154da4270b546fe93b222475c45fde96e810ab8f6b511f3204d61b1d9	174	output/synthetic_protocol_fidelity_v4/fixture_validation/leakage_audit.json
9d132386155d3ef672ffccebcbe17fdee3ba9b5ff297d44e965e676f0d84db01	285	output/synthetic_protocol_fidelity_v4/fixture_validation/metadata/run_metadata.json
9e364414352b64644b6805c422aa0a9c912f2ae999c259578e38d1cf8568778b	9731	output/synthetic_protocol_fidelity_v4/fixture_validation/model_results.json
5405550446f54a432024cc5ba4c7859d3993f9f44828e035994beab20ec7ea6c	443	output/synthetic_protocol_fidelity_v4/fixture_validation/noun_selectivity_audit.json
cfb9755cd49e97fe7be2f5c81100a6dd4fda828c21526adcc57f75da0aaea03d	865	output/synthetic_protocol_fidelity_v4/fixture_validation/qualification_summary.json
ca3d163bab055381827226140568f3bef7eaac187cebd76878e0b63e9e442356	3	output/synthetic_protocol_fidelity_v4/fixture_validation/raw/corpus_140001/absent_donor_map.json
3c81b402faa1928b43ec0cb3569340b80a605d4772ab0e5b661025462f8d5f13	5283	output/synthetic_protocol_fidelity_v4/fixture_validation/raw/corpus_140001/corpus_audit.json
f2653f9d69dd7abfda6960c2ea864dde75a9e4f8a593379ae96ff55614643d01	672	output/synthetic_protocol_fidelity_v4/fixture_validation/raw/corpus_140001/evaluation_keys.jsonl
99792b63129cb4ad8b6d89984904d4eaff4d9c3fb2be0fdf33e7680966cd4d25	2604	output/synthetic_protocol_fidelity_v4/fixture_validation/raw/corpus_140001/evaluation_prompts.jsonl
f013779d2433e355b70e407d29e41a13780c976c85f1a0346ba67999b01adcd7	234	output/synthetic_protocol_fidelity_v4/fixture_validation/raw/corpus_140001/lexicon_oracle.json
c1951345a356ffacc47b65d4609a6f833868e9a066b71da280bc4472eb93f5f6	53664	output/synthetic_protocol_fidelity_v4/fixture_validation/raw/corpus_140001/oracle_episodes.jsonl
a6f653279a15a856e4df6ad3f80647f98ecbc935c37c976ab5e616613f4bd2a1	60525	output/synthetic_protocol_fidelity_v4/fixture_validation/raw/corpus_140001/shuffled_derived_evidence.jsonl
690537e416eabc2aedf7ac1931360b6b8b2a121a57b8b482aea9dd453f1056d1	8067	output/synthetic_protocol_fidelity_v4/fixture_validation/raw/corpus_140001/shuffled_donor_map.json
4f62d70638df782e1721befa913d2f7562ec36c32a10c7084c3a8e9b9ae5ee14	60525	output/synthetic_protocol_fidelity_v4/fixture_validation/raw/corpus_140001/synchronized_derived_evidence.jsonl
3e42de0cc702524d8cca837520a3f331c38929c2bd12eccb1d50a0f195e3fe2f	8067	output/synthetic_protocol_fidelity_v4/fixture_validation/raw/corpus_140001/synchronized_donor_map.json
061a8b1e0a355cfc40bfc0ee83c935b4fe29480dc3e8512ad768dbb785bc0356	1555532	output/synthetic_protocol_fidelity_v4/fixture_validation/raw/corpus_140001/visible_episodes.jsonl
ef46fc4fda40ca40aa13acf1458b1acec1ca76f490b6d46f2feb7ab9f1048e3a	14698	output/synthetic_protocol_fidelity_v4/fixture_validation/seed_operation_log.json
fce3b4e2fec8d808c693a32f4131550992222b2f04fe73558b3360c4aacee3a0	825	output/synthetic_protocol_fidelity_v4/fixture_validation_final/competition_audit.json
ad185eb6cf5072020ebcf13ec1fcef727e2c358eb3b4b6c5f1798c562ca0cf6b	12053	output/synthetic_protocol_fidelity_v4/fixture_validation_final/control_results.json
6458ccabfebf24b39a6b7f198c07c08254a84a3594f873cee418cc11ccc32f28	4118	output/synthetic_protocol_fidelity_v4/fixture_validation_final/core_manifest.json
5260d7a657fb03a2aa53f7c068b3089a8f984864d9eebf4ca1e9c9e39b3062fd	5770	output/synthetic_protocol_fidelity_v4/fixture_validation_final/corpus_audits.json
d556812115ee0efaa626e6a37d135d109d479ce0b0f778dc449677276b46d770	733	output/synthetic_protocol_fidelity_v4/fixture_validation_final/detector_runtime_audit.json
63d4f5138458f1998f766503e99235f1685a765e22a9fba74e67fd6343cc8ee1	13676	output/synthetic_protocol_fidelity_v4/fixture_validation_final/factor_recomputation.json
a0e18d751324dc0ebe5767cea479ea5161fdd73a2243a59bc84307765c6e7b1e	12526	output/synthetic_protocol_fidelity_v4/fixture_validation_final/factor_results.json
4e01252f8ba95138d943e7d5e10c1022e57ec219322d84196dc0dedfe36fc24a	400	output/synthetic_protocol_fidelity_v4/fixture_validation_final/factor_stratification_audit.json
4f4c06a42c173ffa22e1e0a9195139acbc909d263a7b51e9b5ff38d593a00943	1201	output/synthetic_protocol_fidelity_v4/fixture_validation_final/inference_audit.json
0a1c3fc154da4270b546fe93b222475c45fde96e810ab8f6b511f3204d61b1d9	174	output/synthetic_protocol_fidelity_v4/fixture_validation_final/leakage_audit.json
55699f8d1142781e0793b474c7998bf95a3c35371484f0748d3b2653aa4be682	291	output/synthetic_protocol_fidelity_v4/fixture_validation_final/metadata/run_metadata.json
4c6ae0bad46e80ef1c46c12299098a60a65b950059313a795d6bac98b4ed6126	10356	output/synthetic_protocol_fidelity_v4/fixture_validation_final/model_results.json
5405550446f54a432024cc5ba4c7859d3993f9f44828e035994beab20ec7ea6c	443	output/synthetic_protocol_fidelity_v4/fixture_validation_final/noun_selectivity_audit.json
89b67cbb1ccf5bad428a1569ad9e42bc257aa3de7e6d4d55b0d03468bb559b47	864	output/synthetic_protocol_fidelity_v4/fixture_validation_final/qualification_summary.json
ca3d163bab055381827226140568f3bef7eaac187cebd76878e0b63e9e442356	3	output/synthetic_protocol_fidelity_v4/fixture_validation_final/raw/corpus_140001/absent_donor_map.json
3c81b402faa1928b43ec0cb3569340b80a605d4772ab0e5b661025462f8d5f13	5283	output/synthetic_protocol_fidelity_v4/fixture_validation_final/raw/corpus_140001/corpus_audit.json
f2653f9d69dd7abfda6960c2ea864dde75a9e4f8a593379ae96ff55614643d01	672	output/synthetic_protocol_fidelity_v4/fixture_validation_final/raw/corpus_140001/evaluation_keys.jsonl
99792b63129cb4ad8b6d89984904d4eaff4d9c3fb2be0fdf33e7680966cd4d25	2604	output/synthetic_protocol_fidelity_v4/fixture_validation_final/raw/corpus_140001/evaluation_prompts.jsonl
f013779d2433e355b70e407d29e41a13780c976c85f1a0346ba67999b01adcd7	234	output/synthetic_protocol_fidelity_v4/fixture_validation_final/raw/corpus_140001/lexicon_oracle.json
c1951345a356ffacc47b65d4609a6f833868e9a066b71da280bc4472eb93f5f6	53664	output/synthetic_protocol_fidelity_v4/fixture_validation_final/raw/corpus_140001/oracle_episodes.jsonl
a6f653279a15a856e4df6ad3f80647f98ecbc935c37c976ab5e616613f4bd2a1	60525	output/synthetic_protocol_fidelity_v4/fixture_validation_final/raw/corpus_140001/shuffled_derived_evidence.jsonl
690537e416eabc2aedf7ac1931360b6b8b2a121a57b8b482aea9dd453f1056d1	8067	output/synthetic_protocol_fidelity_v4/fixture_validation_final/raw/corpus_140001/shuffled_donor_map.json
4f62d70638df782e1721befa913d2f7562ec36c32a10c7084c3a8e9b9ae5ee14	60525	output/synthetic_protocol_fidelity_v4/fixture_validation_final/raw/corpus_140001/synchronized_derived_evidence.jsonl
3e42de0cc702524d8cca837520a3f331c38929c2bd12eccb1d50a0f195e3fe2f	8067	output/synthetic_protocol_fidelity_v4/fixture_validation_final/raw/corpus_140001/synchronized_donor_map.json
061a8b1e0a355cfc40bfc0ee83c935b4fe29480dc3e8512ad768dbb785bc0356	1555532	output/synthetic_protocol_fidelity_v4/fixture_validation_final/raw/corpus_140001/visible_episodes.jsonl
ef46fc4fda40ca40aa13acf1458b1acec1ca76f490b6d46f2feb7ab9f1048e3a	14698	output/synthetic_protocol_fidelity_v4/fixture_validation_final/seed_operation_log.json
74dd8d0893c85f5e557c14ac3e52ea1b80486b12ea0c10975cf6035f079dbcae	825	output/synthetic_protocol_fidelity_v4/fixture_validation_repair1/competition_audit.json
ad185eb6cf5072020ebcf13ec1fcef727e2c358eb3b4b6c5f1798c562ca0cf6b	12053	output/synthetic_protocol_fidelity_v4/fixture_validation_repair1/control_results.json
834395bdb47eb713b41a2edc4e72dbc8ccc627f46b16374be127f4991945e293	4117	output/synthetic_protocol_fidelity_v4/fixture_validation_repair1/core_manifest.json
5260d7a657fb03a2aa53f7c068b3089a8f984864d9eebf4ca1e9c9e39b3062fd	5770	output/synthetic_protocol_fidelity_v4/fixture_validation_repair1/corpus_audits.json
d556812115ee0efaa626e6a37d135d109d479ce0b0f778dc449677276b46d770	733	output/synthetic_protocol_fidelity_v4/fixture_validation_repair1/detector_runtime_audit.json
6e8a393308dea6477121dda9da3b857c44ea1e27c11a6d0563f009f8c1832ed5	13676	output/synthetic_protocol_fidelity_v4/fixture_validation_repair1/factor_recomputation.json
51db20bbe01edd08930780840ad716bf46d958d5efc656472c128bd7de8be2f1	12526	output/synthetic_protocol_fidelity_v4/fixture_validation_repair1/factor_results.json
4e01252f8ba95138d943e7d5e10c1022e57ec219322d84196dc0dedfe36fc24a	400	output/synthetic_protocol_fidelity_v4/fixture_validation_repair1/factor_stratification_audit.json
4f4c06a42c173ffa22e1e0a9195139acbc909d263a7b51e9b5ff38d593a00943	1201	output/synthetic_protocol_fidelity_v4/fixture_validation_repair1/inference_audit.json
0a1c3fc154da4270b546fe93b222475c45fde96e810ab8f6b511f3204d61b1d9	174	output/synthetic_protocol_fidelity_v4/fixture_validation_repair1/leakage_audit.json
8f3411a6a1c1bb86d54a81ad451d92001b73d48dbe987a6278f708cf9a39df4b	293	output/synthetic_protocol_fidelity_v4/fixture_validation_repair1/metadata/run_metadata.json
fc3bceacdadfeeccdf6ef73ba526503bdc33bfe2bd58aa1fe19f7b178fa8c2b2	9773	output/synthetic_protocol_fidelity_v4/fixture_validation_repair1/model_results.json
5405550446f54a432024cc5ba4c7859d3993f9f44828e035994beab20ec7ea6c	443	output/synthetic_protocol_fidelity_v4/fixture_validation_repair1/noun_selectivity_audit.json
cfb9755cd49e97fe7be2f5c81100a6dd4fda828c21526adcc57f75da0aaea03d	865	output/synthetic_protocol_fidelity_v4/fixture_validation_repair1/qualification_summary.json
ca3d163bab055381827226140568f3bef7eaac187cebd76878e0b63e9e442356	3	output/synthetic_protocol_fidelity_v4/fixture_validation_repair1/raw/corpus_140001/absent_donor_map.json
3c81b402faa1928b43ec0cb3569340b80a605d4772ab0e5b661025462f8d5f13	5283	output/synthetic_protocol_fidelity_v4/fixture_validation_repair1/raw/corpus_140001/corpus_audit.json
f2653f9d69dd7abfda6960c2ea864dde75a9e4f8a593379ae96ff55614643d01	672	output/synthetic_protocol_fidelity_v4/fixture_validation_repair1/raw/corpus_140001/evaluation_keys.jsonl
99792b63129cb4ad8b6d89984904d4eaff4d9c3fb2be0fdf33e7680966cd4d25	2604	output/synthetic_protocol_fidelity_v4/fixture_validation_repair1/raw/corpus_140001/evaluation_prompts.jsonl
f013779d2433e355b70e407d29e41a13780c976c85f1a0346ba67999b01adcd7	234	output/synthetic_protocol_fidelity_v4/fixture_validation_repair1/raw/corpus_140001/lexicon_oracle.json
c1951345a356ffacc47b65d4609a6f833868e9a066b71da280bc4472eb93f5f6	53664	output/synthetic_protocol_fidelity_v4/fixture_validation_repair1/raw/corpus_140001/oracle_episodes.jsonl
a6f653279a15a856e4df6ad3f80647f98ecbc935c37c976ab5e616613f4bd2a1	60525	output/synthetic_protocol_fidelity_v4/fixture_validation_repair1/raw/corpus_140001/shuffled_derived_evidence.jsonl
690537e416eabc2aedf7ac1931360b6b8b2a121a57b8b482aea9dd453f1056d1	8067	output/synthetic_protocol_fidelity_v4/fixture_validation_repair1/raw/corpus_140001/shuffled_donor_map.json
4f62d70638df782e1721befa913d2f7562ec36c32a10c7084c3a8e9b9ae5ee14	60525	output/synthetic_protocol_fidelity_v4/fixture_validation_repair1/raw/corpus_140001/synchronized_derived_evidence.jsonl
3e42de0cc702524d8cca837520a3f331c38929c2bd12eccb1d50a0f195e3fe2f	8067	output/synthetic_protocol_fidelity_v4/fixture_validation_repair1/raw/corpus_140001/synchronized_donor_map.json
061a8b1e0a355cfc40bfc0ee83c935b4fe29480dc3e8512ad768dbb785bc0356	1555532	output/synthetic_protocol_fidelity_v4/fixture_validation_repair1/raw/corpus_140001/visible_episodes.jsonl
ef46fc4fda40ca40aa13acf1458b1acec1ca76f490b6d46f2feb7ab9f1048e3a	14698	output/synthetic_protocol_fidelity_v4/fixture_validation_repair1/seed_operation_log.json
fce3b4e2fec8d808c693a32f4131550992222b2f04fe73558b3360c4aacee3a0	825	output/synthetic_protocol_fidelity_v4/fixture_validation_repair2/competition_audit.json
ad185eb6cf5072020ebcf13ec1fcef727e2c358eb3b4b6c5f1798c562ca0cf6b	12053	output/synthetic_protocol_fidelity_v4/fixture_validation_repair2/control_results.json
830ec228b2655e7747b97c7a413b7d23582b7a661212d45e3076b2c0a6ba92fd	4117	output/synthetic_protocol_fidelity_v4/fixture_validation_repair2/core_manifest.json
5260d7a657fb03a2aa53f7c068b3089a8f984864d9eebf4ca1e9c9e39b3062fd	5770	output/synthetic_protocol_fidelity_v4/fixture_validation_repair2/corpus_audits.json
d556812115ee0efaa626e6a37d135d109d479ce0b0f778dc449677276b46d770	733	output/synthetic_protocol_fidelity_v4/fixture_validation_repair2/detector_runtime_audit.json
63d4f5138458f1998f766503e99235f1685a765e22a9fba74e67fd6343cc8ee1	13676	output/synthetic_protocol_fidelity_v4/fixture_validation_repair2/factor_recomputation.json
a0e18d751324dc0ebe5767cea479ea5161fdd73a2243a59bc84307765c6e7b1e	12526	output/synthetic_protocol_fidelity_v4/fixture_validation_repair2/factor_results.json
4e01252f8ba95138d943e7d5e10c1022e57ec219322d84196dc0dedfe36fc24a	400	output/synthetic_protocol_fidelity_v4/fixture_validation_repair2/factor_stratification_audit.json
4f4c06a42c173ffa22e1e0a9195139acbc909d263a7b51e9b5ff38d593a00943	1201	output/synthetic_protocol_fidelity_v4/fixture_validation_repair2/inference_audit.json
0a1c3fc154da4270b546fe93b222475c45fde96e810ab8f6b511f3204d61b1d9	174	output/synthetic_protocol_fidelity_v4/fixture_validation_repair2/leakage_audit.json
d0362b3038481444503a13c8ae4486b4f353b34828f238b390d51bc1b0037b73	293	output/synthetic_protocol_fidelity_v4/fixture_validation_repair2/metadata/run_metadata.json
015773df980c98a79fd659830f3422cc7bbb9dde052f60aa0764de39e04b9b4b	9972	output/synthetic_protocol_fidelity_v4/fixture_validation_repair2/model_results.json
5405550446f54a432024cc5ba4c7859d3993f9f44828e035994beab20ec7ea6c	443	output/synthetic_protocol_fidelity_v4/fixture_validation_repair2/noun_selectivity_audit.json
cfb9755cd49e97fe7be2f5c81100a6dd4fda828c21526adcc57f75da0aaea03d	865	output/synthetic_protocol_fidelity_v4/fixture_validation_repair2/qualification_summary.json
ca3d163bab055381827226140568f3bef7eaac187cebd76878e0b63e9e442356	3	output/synthetic_protocol_fidelity_v4/fixture_validation_repair2/raw/corpus_140001/absent_donor_map.json
3c81b402faa1928b43ec0cb3569340b80a605d4772ab0e5b661025462f8d5f13	5283	output/synthetic_protocol_fidelity_v4/fixture_validation_repair2/raw/corpus_140001/corpus_audit.json
f2653f9d69dd7abfda6960c2ea864dde75a9e4f8a593379ae96ff55614643d01	672	output/synthetic_protocol_fidelity_v4/fixture_validation_repair2/raw/corpus_140001/evaluation_keys.jsonl
99792b63129cb4ad8b6d89984904d4eaff4d9c3fb2be0fdf33e7680966cd4d25	2604	output/synthetic_protocol_fidelity_v4/fixture_validation_repair2/raw/corpus_140001/evaluation_prompts.jsonl
f013779d2433e355b70e407d29e41a13780c976c85f1a0346ba67999b01adcd7	234	output/synthetic_protocol_fidelity_v4/fixture_validation_repair2/raw/corpus_140001/lexicon_oracle.json
c1951345a356ffacc47b65d4609a6f833868e9a066b71da280bc4472eb93f5f6	53664	output/synthetic_protocol_fidelity_v4/fixture_validation_repair2/raw/corpus_140001/oracle_episodes.jsonl
a6f653279a15a856e4df6ad3f80647f98ecbc935c37c976ab5e616613f4bd2a1	60525	output/synthetic_protocol_fidelity_v4/fixture_validation_repair2/raw/corpus_140001/shuffled_derived_evidence.jsonl
690537e416eabc2aedf7ac1931360b6b8b2a121a57b8b482aea9dd453f1056d1	8067	output/synthetic_protocol_fidelity_v4/fixture_validation_repair2/raw/corpus_140001/shuffled_donor_map.json
4f62d70638df782e1721befa913d2f7562ec36c32a10c7084c3a8e9b9ae5ee14	60525	output/synthetic_protocol_fidelity_v4/fixture_validation_repair2/raw/corpus_140001/synchronized_derived_evidence.jsonl
3e42de0cc702524d8cca837520a3f331c38929c2bd12eccb1d50a0f195e3fe2f	8067	output/synthetic_protocol_fidelity_v4/fixture_validation_repair2/raw/corpus_140001/synchronized_donor_map.json
061a8b1e0a355cfc40bfc0ee83c935b4fe29480dc3e8512ad768dbb785bc0356	1555532	output/synthetic_protocol_fidelity_v4/fixture_validation_repair2/raw/corpus_140001/visible_episodes.jsonl
ef46fc4fda40ca40aa13acf1458b1acec1ca76f490b6d46f2feb7ab9f1048e3a	14698	output/synthetic_protocol_fidelity_v4/fixture_validation_repair2/seed_operation_log.json
fce3b4e2fec8d808c693a32f4131550992222b2f04fe73558b3360c4aacee3a0	825	output/synthetic_protocol_fidelity_v4/fixture_validation_repair3/competition_audit.json
ad185eb6cf5072020ebcf13ec1fcef727e2c358eb3b4b6c5f1798c562ca0cf6b	12053	output/synthetic_protocol_fidelity_v4/fixture_validation_repair3/control_results.json
6458ccabfebf24b39a6b7f198c07c08254a84a3594f873cee418cc11ccc32f28	4118	output/synthetic_protocol_fidelity_v4/fixture_validation_repair3/core_manifest.json
5260d7a657fb03a2aa53f7c068b3089a8f984864d9eebf4ca1e9c9e39b3062fd	5770	output/synthetic_protocol_fidelity_v4/fixture_validation_repair3/corpus_audits.json
d556812115ee0efaa626e6a37d135d109d479ce0b0f778dc449677276b46d770	733	output/synthetic_protocol_fidelity_v4/fixture_validation_repair3/detector_runtime_audit.json
63d4f5138458f1998f766503e99235f1685a765e22a9fba74e67fd6343cc8ee1	13676	output/synthetic_protocol_fidelity_v4/fixture_validation_repair3/factor_recomputation.json
a0e18d751324dc0ebe5767cea479ea5161fdd73a2243a59bc84307765c6e7b1e	12526	output/synthetic_protocol_fidelity_v4/fixture_validation_repair3/factor_results.json
4e01252f8ba95138d943e7d5e10c1022e57ec219322d84196dc0dedfe36fc24a	400	output/synthetic_protocol_fidelity_v4/fixture_validation_repair3/factor_stratification_audit.json
4f4c06a42c173ffa22e1e0a9195139acbc909d263a7b51e9b5ff38d593a00943	1201	output/synthetic_protocol_fidelity_v4/fixture_validation_repair3/inference_audit.json
0a1c3fc154da4270b546fe93b222475c45fde96e810ab8f6b511f3204d61b1d9	174	output/synthetic_protocol_fidelity_v4/fixture_validation_repair3/leakage_audit.json
a5bc0847cf076d109bdc7ffdbc2b30191a34945e77ae5ee2adb8452015634b95	293	output/synthetic_protocol_fidelity_v4/fixture_validation_repair3/metadata/run_metadata.json
4c6ae0bad46e80ef1c46c12299098a60a65b950059313a795d6bac98b4ed6126	10356	output/synthetic_protocol_fidelity_v4/fixture_validation_repair3/model_results.json
5405550446f54a432024cc5ba4c7859d3993f9f44828e035994beab20ec7ea6c	443	output/synthetic_protocol_fidelity_v4/fixture_validation_repair3/noun_selectivity_audit.json
89b67cbb1ccf5bad428a1569ad9e42bc257aa3de7e6d4d55b0d03468bb559b47	864	output/synthetic_protocol_fidelity_v4/fixture_validation_repair3/qualification_summary.json
ca3d163bab055381827226140568f3bef7eaac187cebd76878e0b63e9e442356	3	output/synthetic_protocol_fidelity_v4/fixture_validation_repair3/raw/corpus_140001/absent_donor_map.json
3c81b402faa1928b43ec0cb3569340b80a605d4772ab0e5b661025462f8d5f13	5283	output/synthetic_protocol_fidelity_v4/fixture_validation_repair3/raw/corpus_140001/corpus_audit.json
f2653f9d69dd7abfda6960c2ea864dde75a9e4f8a593379ae96ff55614643d01	672	output/synthetic_protocol_fidelity_v4/fixture_validation_repair3/raw/corpus_140001/evaluation_keys.jsonl
99792b63129cb4ad8b6d89984904d4eaff4d9c3fb2be0fdf33e7680966cd4d25	2604	output/synthetic_protocol_fidelity_v4/fixture_validation_repair3/raw/corpus_140001/evaluation_prompts.jsonl
f013779d2433e355b70e407d29e41a13780c976c85f1a0346ba67999b01adcd7	234	output/synthetic_protocol_fidelity_v4/fixture_validation_repair3/raw/corpus_140001/lexicon_oracle.json
c1951345a356ffacc47b65d4609a6f833868e9a066b71da280bc4472eb93f5f6	53664	output/synthetic_protocol_fidelity_v4/fixture_validation_repair3/raw/corpus_140001/oracle_episodes.jsonl
a6f653279a15a856e4df6ad3f80647f98ecbc935c37c976ab5e616613f4bd2a1	60525	output/synthetic_protocol_fidelity_v4/fixture_validation_repair3/raw/corpus_140001/shuffled_derived_evidence.jsonl
690537e416eabc2aedf7ac1931360b6b8b2a121a57b8b482aea9dd453f1056d1	8067	output/synthetic_protocol_fidelity_v4/fixture_validation_repair3/raw/corpus_140001/shuffled_donor_map.json
4f62d70638df782e1721befa913d2f7562ec36c32a10c7084c3a8e9b9ae5ee14	60525	output/synthetic_protocol_fidelity_v4/fixture_validation_repair3/raw/corpus_140001/synchronized_derived_evidence.jsonl
3e42de0cc702524d8cca837520a3f331c38929c2bd12eccb1d50a0f195e3fe2f	8067	output/synthetic_protocol_fidelity_v4/fixture_validation_repair3/raw/corpus_140001/synchronized_donor_map.json
061a8b1e0a355cfc40bfc0ee83c935b4fe29480dc3e8512ad768dbb785bc0356	1555532	output/synthetic_protocol_fidelity_v4/fixture_validation_repair3/raw/corpus_140001/visible_episodes.jsonl
ef46fc4fda40ca40aa13acf1458b1acec1ca76f490b6d46f2feb7ab9f1048e3a	14698	output/synthetic_protocol_fidelity_v4/fixture_validation_repair3/seed_operation_log.json
a2902d6651c83e179f1ec649642ef5db886540695b7c922d43127ebe80a49a3e	153	output/synthetic_protocol_fidelity_v4/freeze_integrity_validation.json
c79975d93c3a9935c59ec5e59e32e861de17160395fd5274c1b2e383bcb842ff	5811	output/synthetic_protocol_fidelity_v4/freeze_receipt.json
4d1aa3bac16f463dfef9081d15c4032cc8206e799b3a68390e1ac6df1c074690	3427	output/synthetic_protocol_fidelity_v4/frozen_config_snapshot.yaml
f802bddf3219e5151335a63e1a2a2c8bd982c36fa0ba9cc85737b7229ef7f6cd	522	output/synthetic_protocol_fidelity_v4/frozen_gates.json
5e916c5b0deba6d3075511dad7d4cce863c60a09a9579224085b74ce157e965d	7306	output/synthetic_protocol_fidelity_v4/frozen_protocol_snapshot.md
2627021b5f00260be2a474e4b962f8448e49f282d9846d08d1cd5541b1092665	2613	output/synthetic_protocol_fidelity_v4/frozen_seed_registries.json
a70a42b77748b90f2543096ff4cb51c601019b7d44679029e87199d71927e5c3	125	output/synthetic_protocol_fidelity_v4/frozen_source_snapshot/babyworld_lite/sensor_alignment_v4/__init__.py
65f986c3279ca3a063a8186e81e665fda40da15b38fb4459315b7f63026a9811	5755	output/synthetic_protocol_fidelity_v4/frozen_source_snapshot/babyworld_lite/sensor_alignment_v4/analysis.py
77acb81bfb4e90180940dbaa4d718bdf902858befe8c585ea654b7e35a8317fe	4300	output/synthetic_protocol_fidelity_v4/frozen_source_snapshot/babyworld_lite/sensor_alignment_v4/controls.py
4c10d958abb1eaae554410cdf6eafb78cb353b0c11422d1f93946ed45e60070d	15789	output/synthetic_protocol_fidelity_v4/frozen_source_snapshot/babyworld_lite/sensor_alignment_v4/corpus.py
f8f4593d451187c5ca70eb9a553eabe782882094388470fbed4ad6bb91e23b1b	4845	output/synthetic_protocol_fidelity_v4/frozen_source_snapshot/babyworld_lite/sensor_alignment_v4/detector_runtime.py
72904c943c4c673d637927d0c3fc3cb2fe2e40136b62e188e8887d8d191ead0b	14231	output/synthetic_protocol_fidelity_v4/frozen_source_snapshot/babyworld_lite/sensor_alignment_v4/learner.py
412695ba2623a10758adbbf2023a977c082d3f435060c1501ed0304177b21508	6992	output/synthetic_protocol_fidelity_v4/frozen_source_snapshot/babyworld_lite/sensor_alignment_v4/protocol.py
3d20169d8613deaaa32420f603783ffe2d00414489bb754f0e0310671c77e5c6	38191	output/synthetic_protocol_fidelity_v4/frozen_source_snapshot/babyworld_lite/sensor_alignment_v4/study.py
4d1aa3bac16f463dfef9081d15c4032cc8206e799b3a68390e1ac6df1c074690	3427	output/synthetic_protocol_fidelity_v4/frozen_source_snapshot/configs/synthetic_protocol_fidelity_v4.yaml
8f5e189fca3c5855f4b85624e3163fe361b9b4a36cd12a5e95faa336a203b7a3	3918	output/synthetic_protocol_fidelity_v4/frozen_source_snapshot/docs/synthetic_component_robustness_v3_forensic_audit_v4.md
9aafc86d7b9959ac190c698ce7b03427f86ee588cb0984c177ea3b762753a4e6	1736	output/synthetic_protocol_fidelity_v4/frozen_source_snapshot/docs/synthetic_protocol_fidelity_v4_fixture_repair_log.md
ea1858a08fde17c68f64bd1598879a4e3afe27952b11b28e37580ac29e9b8c6e	2291	output/synthetic_protocol_fidelity_v4/frozen_source_snapshot/docs/synthetic_protocol_fidelity_v4_primary_sources.json
5e916c5b0deba6d3075511dad7d4cce863c60a09a9579224085b74ce157e965d	7306	output/synthetic_protocol_fidelity_v4/frozen_source_snapshot/docs/synthetic_protocol_fidelity_v4_protocol.md
6f4ccfed3fbc310494075bbb476c2a2064cfd9884fae2b0ba34ccb6e108b70dd	1204	output/synthetic_protocol_fidelity_v4/frozen_source_snapshot/docs/synthetic_protocol_fidelity_v4_scientific_limitations.md
667dc53bff35221918c9592a517a66db10ccd2899834407726ec5aed040b1c1d	3233	output/synthetic_protocol_fidelity_v4/frozen_source_snapshot/docs/synthetic_protocol_fidelity_v4_traceability.md
c19a0644e283ddf09e804ec2d68feb756f556b7aa8e0f3eb7a34c1ff71f0ff01	3379	output/synthetic_protocol_fidelity_v4/frozen_source_snapshot/scripts/run_synthetic_protocol_fidelity_v4.py
7a49d05ffcfed7f7acc5fd25bdd5a5057bbe9dbab0458a4b75f2de064e3b7586	18357	output/synthetic_protocol_fidelity_v4/frozen_source_snapshot/tests/test_synthetic_protocol_fidelity_v4.py
4f909f70012ef6c43cae9c2325bb9a0eb9cc9cb234e4eb33a5a4eab6ddf0d82c	1196	output/synthetic_protocol_fidelity_v4/independent_validation_report.md
80c8839215c418eea16bc7bfde6988357ba5ee4e40772475e660e6dce9c317de	825	output/synthetic_protocol_fidelity_v4/isolated_reproduction/competition_audit.json
4dae700b7f4ca800584c2dd46b1e0238ddde9b44a8af86044169b199477e6629	24103	output/synthetic_protocol_fidelity_v4/isolated_reproduction/control_results.json
7e30a30c4df867cac78092c0796fe67fe46cbae56f01951d1156a1aff5a63267	6064	output/synthetic_protocol_fidelity_v4/isolated_reproduction/core_manifest.json
a4b6dcd8e633eadb3fd839eb2625636ab88e28491624e7382afb70e6c94875e3	11537	output/synthetic_protocol_fidelity_v4/isolated_reproduction/corpus_audits.json
fa8a8e51fb146c36c8d8546f547153eba9b9ed563c207fde8384fdfa81854ec1	733	output/synthetic_protocol_fidelity_v4/isolated_reproduction/detector_runtime_audit.json
eec51370efea6a24f18308d5650149c0e2df60b4fce53710fb85b4053a303cc2	53957	output/synthetic_protocol_fidelity_v4/isolated_reproduction/factor_recomputation.json
cb98811601b410272b0df192ab8951d25bf522392a44fad0e62fa94d0179960e	50095	output/synthetic_protocol_fidelity_v4/isolated_reproduction/factor_results.json
11f850566a537b5323546824fb39dd3e5de1f2ae7b259bfa155b6c1cdce1604b	400	output/synthetic_protocol_fidelity_v4/isolated_reproduction/factor_stratification_audit.json
036dc63a2a21058394d04d81198c851df88976987b99e837f9aa41f5bd67f2bf	2707	output/synthetic_protocol_fidelity_v4/isolated_reproduction/inference_audit.json
0a1c3fc154da4270b546fe93b222475c45fde96e810ab8f6b511f3204d61b1d9	174	output/synthetic_protocol_fidelity_v4/isolated_reproduction/leakage_audit.json
4d4a784549906b907b40571fd4ab7b8037be61d58da4c0bfee7f1716b0c0c90c	288	output/synthetic_protocol_fidelity_v4/isolated_reproduction/metadata/run_metadata.json
d6c06e3b466d54b81afc4769ea345a3cb75ae03cb3f270029bdbf9bbba7d3dc3	41414	output/synthetic_protocol_fidelity_v4/isolated_reproduction/model_results.json
aaf76c9d0e0e7783f28956f4f44492f9abfc205b38c56bc6ac1987a6f4e9a646	444	output/synthetic_protocol_fidelity_v4/isolated_reproduction/noun_selectivity_audit.json
4bbdfa2334e27568edf079d81ebde1c2f7ca9de2657eef09b1978881ce1d5b47	891	output/synthetic_protocol_fidelity_v4/isolated_reproduction/qualification_summary.json
ca3d163bab055381827226140568f3bef7eaac187cebd76878e0b63e9e442356	3	output/synthetic_protocol_fidelity_v4/isolated_reproduction/raw/corpus_140201/absent_donor_map.json
3c81b402faa1928b43ec0cb3569340b80a605d4772ab0e5b661025462f8d5f13	5283	output/synthetic_protocol_fidelity_v4/isolated_reproduction/raw/corpus_140201/corpus_audit.json
ffccf2d9e4cc50bb9e559703aaea0acf7c03585c62d06e513083e199775b5e60	672	output/synthetic_protocol_fidelity_v4/isolated_reproduction/raw/corpus_140201/evaluation_keys.jsonl
9b07df552b1136e98d9c995a0b176c557d6bfad15f2f185b44edb6c82ec8c550	2604	output/synthetic_protocol_fidelity_v4/isolated_reproduction/raw/corpus_140201/evaluation_prompts.jsonl
eb7f11d75c668e9024ab3614e4d9fb4f013700a22855372b3488ad0463a26363	234	output/synthetic_protocol_fidelity_v4/isolated_reproduction/raw/corpus_140201/lexicon_oracle.json
f4cb5f0c412498d5e87db613983df31155eb30910bbf4484a7e1b7bafc438bcb	53664	output/synthetic_protocol_fidelity_v4/isolated_reproduction/raw/corpus_140201/oracle_episodes.jsonl
dbc5554d41a94d0ad1d99f2bd701fb20d9c2a7d534f4f89bdd24fe858d30ceab	60531	output/synthetic_protocol_fidelity_v4/isolated_reproduction/raw/corpus_140201/shuffled_derived_evidence.jsonl
b96ffc10704a077d0030e51e324901ff3fc1bb9b2274096d2ce2d87817fc86b5	8067	output/synthetic_protocol_fidelity_v4/isolated_reproduction/raw/corpus_140201/shuffled_donor_map.json
8d204801622c317c02450a39f374c21af16ef0262ccd8e3b82add75dbc029948	60531	output/synthetic_protocol_fidelity_v4/isolated_reproduction/raw/corpus_140201/synchronized_derived_evidence.jsonl
a631710e2295069d52d53e9890ca67170f1139b105311c39adf35dd0b3dfaef9	8067	output/synthetic_protocol_fidelity_v4/isolated_reproduction/raw/corpus_140201/synchronized_donor_map.json
b7ad87dfbb32edf8a02420a25b83dd3046aa5b69cf369138b0c9ac926aa0236e	1555864	output/synthetic_protocol_fidelity_v4/isolated_reproduction/raw/corpus_140201/visible_episodes.jsonl
ca3d163bab055381827226140568f3bef7eaac187cebd76878e0b63e9e442356	3	output/synthetic_protocol_fidelity_v4/isolated_reproduction/raw/corpus_140207/absent_donor_map.json
3c81b402faa1928b43ec0cb3569340b80a605d4772ab0e5b661025462f8d5f13	5283	output/synthetic_protocol_fidelity_v4/isolated_reproduction/raw/corpus_140207/corpus_audit.json
2879bcdf55a97a62c3e35010d3d2d20f374ab1ba88e960856448e2ff7dd07c27	672	output/synthetic_protocol_fidelity_v4/isolated_reproduction/raw/corpus_140207/evaluation_keys.jsonl
c5890bf8c76e203dc6f8ee5b0818ccc7d408f219fd5f0a3b485b601f3b879476	2604	output/synthetic_protocol_fidelity_v4/isolated_reproduction/raw/corpus_140207/evaluation_prompts.jsonl
f663a229a7e7d2dca20773f4793b8fcd024910753acf493a989d823c98a067b7	234	output/synthetic_protocol_fidelity_v4/isolated_reproduction/raw/corpus_140207/lexicon_oracle.json
2d2f77fdfc6e2925b4b8c7608dc031006cba74afc6a29603297f969e3fa78c23	53664	output/synthetic_protocol_fidelity_v4/isolated_reproduction/raw/corpus_140207/oracle_episodes.jsonl
fc715134efd1ee8c282f719caabc730d31f876195a50a3b0910789f8e23ecec3	60519	output/synthetic_protocol_fidelity_v4/isolated_reproduction/raw/corpus_140207/shuffled_derived_evidence.jsonl
984c1aba429affc74cfc6b9ea5de6e36ef1afbe2153f2d178f0d61647a3c1281	8067	output/synthetic_protocol_fidelity_v4/isolated_reproduction/raw/corpus_140207/shuffled_donor_map.json
65e80ef51f56759d49810c7367c881fd29f6113aff2b60504fd0a0ad2aac9f3c	60519	output/synthetic_protocol_fidelity_v4/isolated_reproduction/raw/corpus_140207/synchronized_derived_evidence.jsonl
9d31928b8729434d685e2628d0f8ac1cf1939ebdbd06a06095db3681e82f948c	8067	output/synthetic_protocol_fidelity_v4/isolated_reproduction/raw/corpus_140207/synchronized_donor_map.json
13236959d2291e086ced5c214bdc46fc157c12ca2ec43ff68914d35afac17e07	1556130	output/synthetic_protocol_fidelity_v4/isolated_reproduction/raw/corpus_140207/visible_episodes.jsonl
cff86fc2e7f04f546246a3ef2ec48e3b50c9f88be787e6466a976ea1c34e0b59	49863	output/synthetic_protocol_fidelity_v4/isolated_reproduction/seed_operation_log.json
ad45a5ede1e6beb2854513c8d622e9f3c07b0b77079a231a804787ab7eea16a6	373	output/synthetic_protocol_fidelity_v4/preservation_proof.json
020c982a3a7bb0d37fcdcb8ff61abdf1937f5b97de1a13fcb4bcec57f957e5fe	121978	output/synthetic_protocol_fidelity_v4/preserved_v1_v3_hashes_after.tsv
020c982a3a7bb0d37fcdcb8ff61abdf1937f5b97de1a13fcb4bcec57f957e5fe	121978	output/synthetic_protocol_fidelity_v4/preserved_v1_v3_hashes_before.tsv
ea1858a08fde17c68f64bd1598879a4e3afe27952b11b28e37580ac29e9b8c6e	2291	output/synthetic_protocol_fidelity_v4/primary_sources_snapshot.json
80c8839215c418eea16bc7bfde6988357ba5ee4e40772475e660e6dce9c317de	825	output/synthetic_protocol_fidelity_v4/qualification_run/competition_audit.json
4dae700b7f4ca800584c2dd46b1e0238ddde9b44a8af86044169b199477e6629	24103	output/synthetic_protocol_fidelity_v4/qualification_run/control_results.json
7e30a30c4df867cac78092c0796fe67fe46cbae56f01951d1156a1aff5a63267	6064	output/synthetic_protocol_fidelity_v4/qualification_run/core_manifest.json
a4b6dcd8e633eadb3fd839eb2625636ab88e28491624e7382afb70e6c94875e3	11537	output/synthetic_protocol_fidelity_v4/qualification_run/corpus_audits.json
fa8a8e51fb146c36c8d8546f547153eba9b9ed563c207fde8384fdfa81854ec1	733	output/synthetic_protocol_fidelity_v4/qualification_run/detector_runtime_audit.json
eec51370efea6a24f18308d5650149c0e2df60b4fce53710fb85b4053a303cc2	53957	output/synthetic_protocol_fidelity_v4/qualification_run/factor_recomputation.json
cb98811601b410272b0df192ab8951d25bf522392a44fad0e62fa94d0179960e	50095	output/synthetic_protocol_fidelity_v4/qualification_run/factor_results.json
11f850566a537b5323546824fb39dd3e5de1f2ae7b259bfa155b6c1cdce1604b	400	output/synthetic_protocol_fidelity_v4/qualification_run/factor_stratification_audit.json
036dc63a2a21058394d04d81198c851df88976987b99e837f9aa41f5bd67f2bf	2707	output/synthetic_protocol_fidelity_v4/qualification_run/inference_audit.json
0a1c3fc154da4270b546fe93b222475c45fde96e810ab8f6b511f3204d61b1d9	174	output/synthetic_protocol_fidelity_v4/qualification_run/leakage_audit.json
6e63be4ed6dc06d3c7d018869b9f09c06b708a31ff3f4d6d66d92060791c1a2d	284	output/synthetic_protocol_fidelity_v4/qualification_run/metadata/run_metadata.json
d6c06e3b466d54b81afc4769ea345a3cb75ae03cb3f270029bdbf9bbba7d3dc3	41414	output/synthetic_protocol_fidelity_v4/qualification_run/model_results.json
aaf76c9d0e0e7783f28956f4f44492f9abfc205b38c56bc6ac1987a6f4e9a646	444	output/synthetic_protocol_fidelity_v4/qualification_run/noun_selectivity_audit.json
4bbdfa2334e27568edf079d81ebde1c2f7ca9de2657eef09b1978881ce1d5b47	891	output/synthetic_protocol_fidelity_v4/qualification_run/qualification_summary.json
ca3d163bab055381827226140568f3bef7eaac187cebd76878e0b63e9e442356	3	output/synthetic_protocol_fidelity_v4/qualification_run/raw/corpus_140201/absent_donor_map.json
3c81b402faa1928b43ec0cb3569340b80a605d4772ab0e5b661025462f8d5f13	5283	output/synthetic_protocol_fidelity_v4/qualification_run/raw/corpus_140201/corpus_audit.json
ffccf2d9e4cc50bb9e559703aaea0acf7c03585c62d06e513083e199775b5e60	672	output/synthetic_protocol_fidelity_v4/qualification_run/raw/corpus_140201/evaluation_keys.jsonl
9b07df552b1136e98d9c995a0b176c557d6bfad15f2f185b44edb6c82ec8c550	2604	output/synthetic_protocol_fidelity_v4/qualification_run/raw/corpus_140201/evaluation_prompts.jsonl
eb7f11d75c668e9024ab3614e4d9fb4f013700a22855372b3488ad0463a26363	234	output/synthetic_protocol_fidelity_v4/qualification_run/raw/corpus_140201/lexicon_oracle.json
f4cb5f0c412498d5e87db613983df31155eb30910bbf4484a7e1b7bafc438bcb	53664	output/synthetic_protocol_fidelity_v4/qualification_run/raw/corpus_140201/oracle_episodes.jsonl
dbc5554d41a94d0ad1d99f2bd701fb20d9c2a7d534f4f89bdd24fe858d30ceab	60531	output/synthetic_protocol_fidelity_v4/qualification_run/raw/corpus_140201/shuffled_derived_evidence.jsonl
b96ffc10704a077d0030e51e324901ff3fc1bb9b2274096d2ce2d87817fc86b5	8067	output/synthetic_protocol_fidelity_v4/qualification_run/raw/corpus_140201/shuffled_donor_map.json
8d204801622c317c02450a39f374c21af16ef0262ccd8e3b82add75dbc029948	60531	output/synthetic_protocol_fidelity_v4/qualification_run/raw/corpus_140201/synchronized_derived_evidence.jsonl
a631710e2295069d52d53e9890ca67170f1139b105311c39adf35dd0b3dfaef9	8067	output/synthetic_protocol_fidelity_v4/qualification_run/raw/corpus_140201/synchronized_donor_map.json
b7ad87dfbb32edf8a02420a25b83dd3046aa5b69cf369138b0c9ac926aa0236e	1555864	output/synthetic_protocol_fidelity_v4/qualification_run/raw/corpus_140201/visible_episodes.jsonl
ca3d163bab055381827226140568f3bef7eaac187cebd76878e0b63e9e442356	3	output/synthetic_protocol_fidelity_v4/qualification_run/raw/corpus_140207/absent_donor_map.json
3c81b402faa1928b43ec0cb3569340b80a605d4772ab0e5b661025462f8d5f13	5283	output/synthetic_protocol_fidelity_v4/qualification_run/raw/corpus_140207/corpus_audit.json
2879bcdf55a97a62c3e35010d3d2d20f374ab1ba88e960856448e2ff7dd07c27	672	output/synthetic_protocol_fidelity_v4/qualification_run/raw/corpus_140207/evaluation_keys.jsonl
c5890bf8c76e203dc6f8ee5b0818ccc7d408f219fd5f0a3b485b601f3b879476	2604	output/synthetic_protocol_fidelity_v4/qualification_run/raw/corpus_140207/evaluation_prompts.jsonl
f663a229a7e7d2dca20773f4793b8fcd024910753acf493a989d823c98a067b7	234	output/synthetic_protocol_fidelity_v4/qualification_run/raw/corpus_140207/lexicon_oracle.json
2d2f77fdfc6e2925b4b8c7608dc031006cba74afc6a29603297f969e3fa78c23	53664	output/synthetic_protocol_fidelity_v4/qualification_run/raw/corpus_140207/oracle_episodes.jsonl
fc715134efd1ee8c282f719caabc730d31f876195a50a3b0910789f8e23ecec3	60519	output/synthetic_protocol_fidelity_v4/qualification_run/raw/corpus_140207/shuffled_derived_evidence.jsonl
984c1aba429affc74cfc6b9ea5de6e36ef1afbe2153f2d178f0d61647a3c1281	8067	output/synthetic_protocol_fidelity_v4/qualification_run/raw/corpus_140207/shuffled_donor_map.json
65e80ef51f56759d49810c7367c881fd29f6113aff2b60504fd0a0ad2aac9f3c	60519	output/synthetic_protocol_fidelity_v4/qualification_run/raw/corpus_140207/synchronized_derived_evidence.jsonl
9d31928b8729434d685e2628d0f8ac1cf1939ebdbd06a06095db3681e82f948c	8067	output/synthetic_protocol_fidelity_v4/qualification_run/raw/corpus_140207/synchronized_donor_map.json
13236959d2291e086ced5c214bdc46fc157c12ca2ec43ff68914d35afac17e07	1556130	output/synthetic_protocol_fidelity_v4/qualification_run/raw/corpus_140207/visible_episodes.jsonl
cff86fc2e7f04f546246a3ef2ec48e3b50c9f88be787e6466a976ea1c34e0b59	49863	output/synthetic_protocol_fidelity_v4/qualification_run/seed_operation_log.json
24515f99779376cadddc47219261211b12c463e1e1cf19abc60d7051f4f54fa0	16813	output/synthetic_protocol_fidelity_v4/reproduction_comparison.json
6f4ccfed3fbc310494075bbb476c2a2064cfd9884fae2b0ba34ccb6e108b70dd	1204	output/synthetic_protocol_fidelity_v4/scientific_limitations.md
2d5c55f4d737c9d244523a5f8ef57fcb95fe66eaa7b3371f731f7d803f877304	1259	output/synthetic_protocol_fidelity_v4/terminal_decision.json
a3e5faccef7562efa72c53c456394b410167e348ddd5daf07e60741ef94089ee	6691	output/synthetic_protocol_fidelity_v4/test_execution_report.json
d8ddaea2e2bec94e768af1097ef9b1a5ec3023d390e409f8ec809dc84639ca99	1144	output/synthetic_protocol_fidelity_v4/test_execution_report_corrected_environment.json
667dc53bff35221918c9592a517a66db10ccd2899834407726ec5aed040b1c1d	3233	output/synthetic_protocol_fidelity_v4/traceability_snapshot.md
457bbc4d8ab24c510fbd40a74a498fdd901b99aa2b73eca5d14da07d08e32af0	44644	output/synthetic_sensor_event_robustness_v2/aggregate_results.json
b047028ac84f95a0d4254f738e2b24c06f6684f054edfff891639b773a8d83f9	30960	output/synthetic_sensor_event_robustness_v2/artifact_manifest.json
b438d2535dc7f81b6e5c16dd68b078d29a6a38a02eff92a6a6910f2e9a03657e	2345	output/synthetic_sensor_event_robustness_v2/audits/calibration_boundary.json
b23bc530de41c13fc7dd013aebb5907b15459865fbad7361fb7523790d5649aa	518	output/synthetic_sensor_event_robustness_v2/audits/confirmation_reserve_guard.json
fc7b4c7d1ca2563ffc9def22f7d9e7b80463df1b7de74320f8cefd12aaa2b280	1123	output/synthetic_sensor_event_robustness_v2/audits/detector_validation.json
e74bdeec499db907cf814c7413eae2c0a550e330ed169c4245e41d28192cda73	956	output/synthetic_sensor_event_robustness_v2/audits/evaluation_firewall.json
a2a14df2dc3fe8a50833cc7209e872b851bf33fd74992acedd6632921a4f03f0	579	output/synthetic_sensor_event_robustness_v2/audits/leakage.json
414000d95b21c9734b0c1942aa6b4eed0533ce31df6bdd273d15dee849aa7633	461	output/synthetic_sensor_event_robustness_v2/audits/learnability.json
8d4bbd0d1f0718baa216eef5832bd63d87249b23a48833bb2308103bf867ac61	97693	output/synthetic_sensor_event_robustness_v2/audits/pairing_fairness.json
c85cfad57bfac7498816b29aea00ee4851c735b9fe267bec35b6f8763d3ec43e	1304	output/synthetic_sensor_event_robustness_v2/audits/protocol_freeze.json
d3edd6b641fe204bd70a065784e59ccfcaf1db79846f50d6f324741d13aaac11	466	output/synthetic_sensor_event_robustness_v2/audits/stochastic_model_replicates.json
855cf6b90f212ea8758d6ba0f6b36d8587a954ec7b8148c67225d0caed998359	604	output/synthetic_sensor_event_robustness_v2/confirmation_reserve_manifest.json
8c3f994ee2108dd2c968a6941b09e41175fa29e974cbe89edd56695c5f547242	612	output/synthetic_sensor_event_robustness_v2/detector/fit_trace.json
a487035deba4692728240eb593ba16e1182d9b5959b43d950b60883d1ed08b33	1408	output/synthetic_sensor_event_robustness_v2/detector/frozen_detector.json
fc7b4c7d1ca2563ffc9def22f7d9e7b80463df1b7de74320f8cefd12aaa2b280	1123	output/synthetic_sensor_event_robustness_v2/detector/heldout_validation.json
080985bac8b8a19967e04ef3cbaf4cdd25511e185d5e408f5253c77242533ff1	2221	output/synthetic_sensor_event_robustness_v2/development_run_manifest.json
45dc73f0d6fcf2ea53b7c1ed1c51d538f22ab295ebc5250b82f68c99a25e69e9	154100	output/synthetic_sensor_event_robustness_v2/factor_sensitivity.json
12fa4dd701cd6e33207ac51a351a3679ac8668f4fe07a3ae095f4486b8377b0e	4745	output/synthetic_sensor_event_robustness_v2/freeze_receipt.json
c1e90423ad197bf97e12f1bb719c92886218c1c4873e55ee849ed62dede30d10	7278	output/synthetic_sensor_event_robustness_v2/frozen_config_snapshot.yaml
9eb8951e837f6b84f6113060a147a0bbc8d55ca4e72e73255c3e9ad9166c404e	12704	output/synthetic_sensor_event_robustness_v2/frozen_protocol_snapshot.md
8eb65b00eb7c475793e00f0c8d521582fb41ee220fe84575dc8e0135eed961a9	6169	output/synthetic_sensor_event_robustness_v2/primary_sources_snapshot.json
13b77477f0717e50482a6bf3bde59cf1c7440352a44ae2ad0ea700a54548eaab	335636	output/synthetic_sensor_event_robustness_v2/raw/calibration/train_oracle.jsonl
e3168e2ea94bcb97d83c4f7820182628df99f2cfd1a44ca2fec923e6e295a3b9	725	output/synthetic_sensor_event_robustness_v2/raw/calibration/train_provenance.json
36b1f5add974d2df2467a003041f29af0c4863f77a36afc2f62a936d2fc73ebb	5274572	output/synthetic_sensor_event_robustness_v2/raw/calibration/train_visible.jsonl
1ba2aa7c03f9011c29b6843318e51e66ed07309c12b6d6432eb9a9c3ffeb51cb	120507	output/synthetic_sensor_event_robustness_v2/raw/calibration/validation_oracle.jsonl
176aae352dc75b595ad4eb7ee035597809336023a690c51d900ecd86d91ff3f8	708	output/synthetic_sensor_event_robustness_v2/raw/calibration/validation_provenance.json
9c4bd23933da7655dcea7454b4d493c3af4ed9702640bf2fd1c9170665f42bd5	1884640	output/synthetic_sensor_event_robustness_v2/raw/calibration/validation_visible.jsonl
1f5c47fade64cccd88443b0e885c176c638611377ba9eb9f886f4ae0f2dd6a23	58310	output/synthetic_sensor_event_robustness_v2/raw/corpora/corpus_12011/evaluation_items.jsonl
5f36e8b89eb80eb940a60fc1c4a3e9ebd2d52387b712687e13fb6b3ef4f4eb2e	27636	output/synthetic_sensor_event_robustness_v2/raw/corpora/corpus_12011/evaluation_oracle.jsonl
e224c871d8ca9535240daeb2dbf5ab8aee205748cfdb424697f741dabfe7a99a	4506	output/synthetic_sensor_event_robustness_v2/raw/corpora/corpus_12011/generation_audit.json
80c3fcbe83a5796f2ff0d114a542d510612fdd5ee512a1cfe24a04107ac6fedb	1493	output/synthetic_sensor_event_robustness_v2/raw/corpora/corpus_12011/lexicon_oracle.json
32a192847191fa42d481ee62faf447a3d7ae65fe050088c9a52fad62e7ec65d7	362646	output/synthetic_sensor_event_robustness_v2/raw/corpora/corpus_12011/oracle_episodes.jsonl
249c20b0877407855465a3a88e1ab44b3bd4971d60dcf68119cc2d808a51b4ef	11523	output/synthetic_sensor_event_robustness_v2/raw/corpora/corpus_12011/shuffled_donor_map.json
1cb686c384d6836214d85e4ab6817d065df3e2e2a982e8fd2823aa7eba4e16c2	4068993	output/synthetic_sensor_event_robustness_v2/raw/corpora/corpus_12011/visible_episodes.jsonl
c391275b5092c7f5e63bba67c12e636c6704b5133fe1870359810f45f7f9192e	58332	output/synthetic_sensor_event_robustness_v2/raw/corpora/corpus_12037/evaluation_items.jsonl
9962853107b5174168416d8a5c38c144c596e7e45ddfb780fe6ef4b0315be93d	27636	output/synthetic_sensor_event_robustness_v2/raw/corpora/corpus_12037/evaluation_oracle.jsonl
415916deac63ae41469bb040d1074be814fe72f9e0e7507e957111529211df49	4507	output/synthetic_sensor_event_robustness_v2/raw/corpora/corpus_12037/generation_audit.json
78e5e4014b7db96e53b72892c03d88bcc5b73ba6d75df801191e514deb8fe249	1493	output/synthetic_sensor_event_robustness_v2/raw/corpora/corpus_12037/lexicon_oracle.json
91e367efe496f6441248691ab1afd79b28c6284aba0b6d98c29feacae45cf8b2	362752	output/synthetic_sensor_event_robustness_v2/raw/corpora/corpus_12037/oracle_episodes.jsonl
d1887cf5fe2fb589324763f4879a1ee9557519d98d9e58318e4e0fa43cc0ea31	11523	output/synthetic_sensor_event_robustness_v2/raw/corpora/corpus_12037/shuffled_donor_map.json
ee5797754b31ff4ae240a1e57452a199786e23e6618927310f6abd0cf0c2641b	4068203	output/synthetic_sensor_event_robustness_v2/raw/corpora/corpus_12037/visible_episodes.jsonl
c9f65c4e1e17f654daab330b96b5ae17c2b628afe064608857d7aae3ac628678	58309	output/synthetic_sensor_event_robustness_v2/raw/corpora/corpus_12049/evaluation_items.jsonl
d0ec99d75a888a4d40915640a6a537077b0c943d6119716fe431c6f9a3a3df47	27636	output/synthetic_sensor_event_robustness_v2/raw/corpora/corpus_12049/evaluation_oracle.jsonl
8b85a4964fe2bfed6a75fe9feb9252445540f774da10ec385e220a69f4bb1b61	4494	output/synthetic_sensor_event_robustness_v2/raw/corpora/corpus_12049/generation_audit.json
4e3fa8b02986033d73bfaff2471da6c94e5af94a03c0b8832df669da6abfaaa6	1493	output/synthetic_sensor_event_robustness_v2/raw/corpora/corpus_12049/lexicon_oracle.json
0f41e1d0598ffc320a785ce598f20476c32d70210c32412db1b775eb3ccd8cf2	362740	output/synthetic_sensor_event_robustness_v2/raw/corpora/corpus_12049/oracle_episodes.jsonl
cac95f08ce42cf1088c4e3b6709f9515cd0f5bf8dfe2292ca04fbcfd73624983	11523	output/synthetic_sensor_event_robustness_v2/raw/corpora/corpus_12049/shuffled_donor_map.json
0c3667a91170812f4141010b9fc0d9b0ab7ea8cb46961939023098d53b69d947	4067216	output/synthetic_sensor_event_robustness_v2/raw/corpora/corpus_12049/visible_episodes.jsonl
199f6326ef6bb1cb5597d10c93696ed5617f5ed665c8a220c0f3cea63287480d	58318	output/synthetic_sensor_event_robustness_v2/raw/corpora/corpus_12071/evaluation_items.jsonl
9282fffc001cfc228ad2c6e2ec2d624ed94c558213c4c27475a90b1a81e834c6	27636	output/synthetic_sensor_event_robustness_v2/raw/corpora/corpus_12071/evaluation_oracle.jsonl
fd3b0c35b94962cab0cb51ff31cd29446becc492dc4b3bdf959ec07e73b2ae3c	4495	output/synthetic_sensor_event_robustness_v2/raw/corpora/corpus_12071/generation_audit.json
1e3b933591def082a9c9a5eb897716b9feb2ed29776202af3135df0a5e7836dc	1493	output/synthetic_sensor_event_robustness_v2/raw/corpora/corpus_12071/lexicon_oracle.json
c894cbae2863ec0c479600d48d4b74d6e6143e1e7202b836ad3a66f357d6efbc	362495	output/synthetic_sensor_event_robustness_v2/raw/corpora/corpus_12071/oracle_episodes.jsonl
d637ac2a63142738ddb350167dadf37f38df8ff551a5427c53be8fa29447eef7	11523	output/synthetic_sensor_event_robustness_v2/raw/corpora/corpus_12071/shuffled_donor_map.json
3809e686143e5bfb40f70c9724fa8f22ab1ca4e5c1b6fd53d8ed850f35b66fed	4068174	output/synthetic_sensor_event_robustness_v2/raw/corpora/corpus_12071/visible_episodes.jsonl
531d6717605607c40990d2f4e12b92a7273e33e0d15984178fe020b8b23e549f	58313	output/synthetic_sensor_event_robustness_v2/raw/corpora/corpus_12097/evaluation_items.jsonl
c65cf2563b3c96f70a5323176a85f5ef5722b18b998ecc651199b0ce62ceb05b	27636	output/synthetic_sensor_event_robustness_v2/raw/corpora/corpus_12097/evaluation_oracle.jsonl
64a292ed77c57b71e9e836c81a53bac525b9025f8ba066b5f7e52443c2706732	4507	output/synthetic_sensor_event_robustness_v2/raw/corpora/corpus_12097/generation_audit.json
64f29e97474dcdcf317e0d6a1543ba6d6612066c20fa6f238b2ef968e174fa6d	1493	output/synthetic_sensor_event_robustness_v2/raw/corpora/corpus_12097/lexicon_oracle.json
6d1aacefec15bc1c82fd19f0a20c577f5f2b443b6df5973b8c1ba332d30272e1	362681	output/synthetic_sensor_event_robustness_v2/raw/corpora/corpus_12097/oracle_episodes.jsonl
790e18174f249b64ea013bb01c33b1693a8d572c1537b865e86d3f885f5af57b	11523	output/synthetic_sensor_event_robustness_v2/raw/corpora/corpus_12097/shuffled_donor_map.json
e180c57bb44f8acb30a6381ed3f7b99e089bcddd1ab369752db8614c8ca86cc5	4068633	output/synthetic_sensor_event_robustness_v2/raw/corpora/corpus_12097/visible_episodes.jsonl
e8f0ffae9798319c165317f63c1598c4bc8909fe8dc43a967f12d452b9883abb	58303	output/synthetic_sensor_event_robustness_v2/raw/corpora/corpus_12101/evaluation_items.jsonl
de16994851ceb065682677d2d19727215a6879d54a8b0a221b282750ad54d0bf	27636	output/synthetic_sensor_event_robustness_v2/raw/corpora/corpus_12101/evaluation_oracle.jsonl
f68ba6c394d4cf783be1cfa78a11d5f3d5e8288e87b8847dc06e271f0c661297	4507	output/synthetic_sensor_event_robustness_v2/raw/corpora/corpus_12101/generation_audit.json
42ce32d5412a8cf745a06e11bc2e252849dda80ff40650a51e6940b274691917	1493	output/synthetic_sensor_event_robustness_v2/raw/corpora/corpus_12101/lexicon_oracle.json
96e013ac91332d8dea43b43baf284fd41a4321b87832479e46c415eeeb8f64d2	362765	output/synthetic_sensor_event_robustness_v2/raw/corpora/corpus_12101/oracle_episodes.jsonl
c2edbd24dc152011a6fce5eab147d25eb5248b62e90382d922382d89431c3de3	11523	output/synthetic_sensor_event_robustness_v2/raw/corpora/corpus_12101/shuffled_donor_map.json
4553e12aed8d9770219aa6efcd7ced56efdfe73516294f009039c949bc9fc621	4069120	output/synthetic_sensor_event_robustness_v2/raw/corpora/corpus_12101/visible_episodes.jsonl
b2e705ea725d8c362d08349fdc23ae1506614345506bfaa26a3cdc23823ef0a4	58308	output/synthetic_sensor_event_robustness_v2/raw/corpora/corpus_12113/evaluation_items.jsonl
e4d75112fb9c4b520d3f43b4da6d25b1aee17f7226b92276c625124d4371f75e	27636	output/synthetic_sensor_event_robustness_v2/raw/corpora/corpus_12113/evaluation_oracle.jsonl
9b6934b44e4d7caecb04d3431489a9e3972b4a6f3863f46e28ebff4732fc85cb	4508	output/synthetic_sensor_event_robustness_v2/raw/corpora/corpus_12113/generation_audit.json
aedcbda272fb9cbc533f3c3dc2b2a041d6e8de2060e609cc56cf210ae0c85352	1493	output/synthetic_sensor_event_robustness_v2/raw/corpora/corpus_12113/lexicon_oracle.json
1accf94f32e8784aabaf4c84b917db650a12a8e767ebc91f79f7e18c19e51b98	362579	output/synthetic_sensor_event_robustness_v2/raw/corpora/corpus_12113/oracle_episodes.jsonl
8b4145a6c799f67a2e51e24d93e98d47ad7137eca424c7861bbd473f071732b5	11523	output/synthetic_sensor_event_robustness_v2/raw/corpora/corpus_12113/shuffled_donor_map.json
5a73b06561d66ce407cba007a0a777da97f74dbdabad4e18855e8520243ff4e3	4068746	output/synthetic_sensor_event_robustness_v2/raw/corpora/corpus_12113/visible_episodes.jsonl
796840213d4b07b020c0399649653054df1caafb3f2cec0b70f727b99e2feb77	58323	output/synthetic_sensor_event_robustness_v2/raw/corpora/corpus_12119/evaluation_items.jsonl
5504e8f43105c366ddea431d8e1b7d8a65436ac71ffd9c6005e8328fdda3778f	27636	output/synthetic_sensor_event_robustness_v2/raw/corpora/corpus_12119/evaluation_oracle.jsonl
b4aa786128c566dc1f8b778b9637615782a381451ca97877c1dd061d004b052d	4507	output/synthetic_sensor_event_robustness_v2/raw/corpora/corpus_12119/generation_audit.json
9c5fa8b16812e305e17efc6e035e93af38468bf6e5add5549b0a19d3b63d0d3a	1493	output/synthetic_sensor_event_robustness_v2/raw/corpora/corpus_12119/lexicon_oracle.json
5c779e1541029b190ac3c1e8167c0efc14eaa56c6bcccba6ea618a76e513ed26	362671	output/synthetic_sensor_event_robustness_v2/raw/corpora/corpus_12119/oracle_episodes.jsonl
ff1acef290990c74f9b14ca4d6b29156bc3457965f8f16fff11b891f7699e8f2	11523	output/synthetic_sensor_event_robustness_v2/raw/corpora/corpus_12119/shuffled_donor_map.json
46ecf569b405be3d00cb6907e8c7c5a3cbebb08d89667f5252f4ee985cfbd31e	4068370	output/synthetic_sensor_event_robustness_v2/raw/corpora/corpus_12119/visible_episodes.jsonl
78be65dc3d71c6671a3ff0b883ce354f23984067ab5b26ad4dd86e45efd74eb8	58305	output/synthetic_sensor_event_robustness_v2/raw/corpora/corpus_12143/evaluation_items.jsonl
ebefebb127d4fbdfa309a28cdcb3f79b933a70bb84e1f6ef770a440ff3e78e23	27636	output/synthetic_sensor_event_robustness_v2/raw/corpora/corpus_12143/evaluation_oracle.jsonl
9ecd599509510e461220c3e8e2703c299db3f301864ce30b2f33e6aefa7f5991	4507	output/synthetic_sensor_event_robustness_v2/raw/corpora/corpus_12143/generation_audit.json
977bfcfb47f70e1381622fba3f6df98222925cc6aafe7bdba634e3152020f1b4	1493	output/synthetic_sensor_event_robustness_v2/raw/corpora/corpus_12143/lexicon_oracle.json
9fe6060b34d0f0ecf08f2f39c434cf4752a389baf1426a353c2edbb36fd2a20f	362668	output/synthetic_sensor_event_robustness_v2/raw/corpora/corpus_12143/oracle_episodes.jsonl
fa1054a11a6cf5bb7532cfc29b287c82413a65654e1a550ac5ba1f26df91fc65	11523	output/synthetic_sensor_event_robustness_v2/raw/corpora/corpus_12143/shuffled_donor_map.json
f5b3d0a2854f90fabf42ba161ffdf6aa8ebbd9135b09053a82f463ccb4287d08	4068034	output/synthetic_sensor_event_robustness_v2/raw/corpora/corpus_12143/visible_episodes.jsonl
e989ba393e0571db909e3fd2e3827d79d59c89d057f6fa7903c1cd6afa81bcb2	58337	output/synthetic_sensor_event_robustness_v2/raw/corpora/corpus_12149/evaluation_items.jsonl
e9bef074cd764c8886afc4612141d347ebe0211a663db8152116d860a140072a	27636	output/synthetic_sensor_event_robustness_v2/raw/corpora/corpus_12149/evaluation_oracle.jsonl
75223e23c027ba7b8f7621687842d81a8aecc369eb11f86350fb536bcee86161	4507	output/synthetic_sensor_event_robustness_v2/raw/corpora/corpus_12149/generation_audit.json
cf3c875562c1ebffee577b00307dc36e0e12e8480f9f5cc9cb5d89e46b7ad9c8	1493	output/synthetic_sensor_event_robustness_v2/raw/corpora/corpus_12149/lexicon_oracle.json
5c7e4c58533af7ec52755f48c38a8654b32a27a7eb2a93860961065ba6883650	362777	output/synthetic_sensor_event_robustness_v2/raw/corpora/corpus_12149/oracle_episodes.jsonl
a01a4ce4c5c8d1ae1c93bf1522ee19c259c71af3b51fa97113f58fedafe32268	11523	output/synthetic_sensor_event_robustness_v2/raw/corpora/corpus_12149/shuffled_donor_map.json
e892d6d51c93fee13a0e930348f980740e9afa8c2c0e2ee5a8e2933dbbc105ed	4068213	output/synthetic_sensor_event_robustness_v2/raw/corpora/corpus_12149/visible_episodes.jsonl
5df2d754371142b07b8f19b416b04f7aa673eb59efb3a316be11404b66f765f9	58335	output/synthetic_sensor_event_robustness_v2/raw/corpora/corpus_12157/evaluation_items.jsonl
cd0ed7c629cd7971e69b0b41b1e7a1e34e0f21c7e7a191725d6a06a3598591fb	27636	output/synthetic_sensor_event_robustness_v2/raw/corpora/corpus_12157/evaluation_oracle.jsonl
8161c093069105d63f046e34613c2ea16acc8ed0731783e04592a82dc97b1804	4507	output/synthetic_sensor_event_robustness_v2/raw/corpora/corpus_12157/generation_audit.json
ae7044829d1cc47c6ff8092adbca0e6dcbb8ab2ab6ae27e271d4537c89f8750e	1493	output/synthetic_sensor_event_robustness_v2/raw/corpora/corpus_12157/lexicon_oracle.json
ca954eaece1e806fbcdbe3f11903b2197c81ef57e17695eff1acc9f1765e3f70	362612	output/synthetic_sensor_event_robustness_v2/raw/corpora/corpus_12157/oracle_episodes.jsonl
3fb9118ae7f1922758a2868984f78f2a8a2f9928e796de9247dd4e2bc455c621	11523	output/synthetic_sensor_event_robustness_v2/raw/corpora/corpus_12157/shuffled_donor_map.json
4af34ae45eb94c3b101b04fe71c6bc9c4c97d490a8ae26aedb621663597c73a8	4068228	output/synthetic_sensor_event_robustness_v2/raw/corpora/corpus_12157/visible_episodes.jsonl
ef77ed480976e6ab9d8a15a50a9fc1ee854cb107284300c97e07924c176d34ac	58316	output/synthetic_sensor_event_robustness_v2/raw/corpora/corpus_12161/evaluation_items.jsonl
d2ecfda0fffdf517d445dbb1af911f88eebfbad17a42134fc0bd6db4d75aaf7f	27636	output/synthetic_sensor_event_robustness_v2/raw/corpora/corpus_12161/evaluation_oracle.jsonl
7c2f7d70b5a8c59e543836f8c59b8fc732c3c3fca64553fa9ed2b70f1005d96e	4507	output/synthetic_sensor_event_robustness_v2/raw/corpora/corpus_12161/generation_audit.json
bcc9a1b5609011bcbde854f6f880e7f9a213f1327107aa5532aad1fca56da5fc	1493	output/synthetic_sensor_event_robustness_v2/raw/corpora/corpus_12161/lexicon_oracle.json
7c0c73eb06027b9ecbfa5ea01a059f80157220a8ed60a5cfe1bd616a6a89d6cf	362545	output/synthetic_sensor_event_robustness_v2/raw/corpora/corpus_12161/oracle_episodes.jsonl
ffd01f236fa694234bee70a52e7f7150a8b8f23f06648158740ec1d5c6ee07ff	11523	output/synthetic_sensor_event_robustness_v2/raw/corpora/corpus_12161/shuffled_donor_map.json
040a554c448bd7a21c9625a4d9f651a7818487009c62ead33f8bb1aed0a980f4	4067710	output/synthetic_sensor_event_robustness_v2/raw/corpora/corpus_12161/visible_episodes.jsonl
ad89fb04c82768a9045c71eb678c26ba011cc459a87c58438525e6c43ecf75f5	58336	output/synthetic_sensor_event_robustness_v2/raw/corpora/corpus_12163/evaluation_items.jsonl
5378b443f42f42b4a4a6604f43192788c433233206949c3db6b55d1b996b18d1	27636	output/synthetic_sensor_event_robustness_v2/raw/corpora/corpus_12163/evaluation_oracle.jsonl
edce7425626a106d29d13cd382b32a775b55968405677247429fa2d26f94e686	4508	output/synthetic_sensor_event_robustness_v2/raw/corpora/corpus_12163/generation_audit.json
53b49412e38e482e7eb9e2832a8dee88349f903e69ffe5b60aab5b32ba47f83e	1493	output/synthetic_sensor_event_robustness_v2/raw/corpora/corpus_12163/lexicon_oracle.json
138a484dcf551d3a05e7fd4c3f52ac154911cffaa35fbcd74c7f696947aaa92d	362717	output/synthetic_sensor_event_robustness_v2/raw/corpora/corpus_12163/oracle_episodes.jsonl
e6c8084a4d12909555b87819a9ce5c8b2b00d11244adb655ba16ff3da97907ae	11523	output/synthetic_sensor_event_robustness_v2/raw/corpora/corpus_12163/shuffled_donor_map.json
db2744618cad29a038f00986d89f841d2c6de57ca2b0e7dfefcdcf30bbc9395a	4068905	output/synthetic_sensor_event_robustness_v2/raw/corpora/corpus_12163/visible_episodes.jsonl
8a5c016b3b5bfc9f34408510f4cd300d835f2b25f95fa2b8fd8dd1f58efde570	58296	output/synthetic_sensor_event_robustness_v2/raw/corpora/corpus_12197/evaluation_items.jsonl
690baeb29953f3c29ee16fa4eafba02db356fb637a68e4f50d38150651e3d763	27636	output/synthetic_sensor_event_robustness_v2/raw/corpora/corpus_12197/evaluation_oracle.jsonl
14208bfc805492d0ae6c810fde2d75e19cb65a5d791a9f23b2bba57ea43cd7a0	4506	output/synthetic_sensor_event_robustness_v2/raw/corpora/corpus_12197/generation_audit.json
c0ae46e1e98931cf8d681ac93cb545ef77f858ead40f0457f864dc548c62a4ae	1493	output/synthetic_sensor_event_robustness_v2/raw/corpora/corpus_12197/lexicon_oracle.json
470f1c030887340f450b07a9073edab4b778e4c21abb135a1d58cd3bf60d4cbf	362533	output/synthetic_sensor_event_robustness_v2/raw/corpora/corpus_12197/oracle_episodes.jsonl
21557ad3f27876be8f7c541b126018138be8223fe65d83478646beaded0696c1	11523	output/synthetic_sensor_event_robustness_v2/raw/corpora/corpus_12197/shuffled_donor_map.json
f8919943ccbec89cb5f4c9784d363bd3b8fd442ed41c2e65172c6665a4fb0e88	4067169	output/synthetic_sensor_event_robustness_v2/raw/corpora/corpus_12197/visible_episodes.jsonl
c23967c8107053e9681198c1fb9ce6ecf06afe3164c5398a4da10c9dbc4cb830	58309	output/synthetic_sensor_event_robustness_v2/raw/corpora/corpus_12203/evaluation_items.jsonl
2e4243687050191f5d62177aa40fa06482fee1b6288785eda2a33e7edfc114e3	27636	output/synthetic_sensor_event_robustness_v2/raw/corpora/corpus_12203/evaluation_oracle.jsonl
9e625693f741101cde420ccf04731b23ae53351c491cdf0a1daa8a0a32bd7a24	4507	output/synthetic_sensor_event_robustness_v2/raw/corpora/corpus_12203/generation_audit.json
73cf8cd1e0171b8235d5613ad67f400e9efcf54ff122558f9ceab186dd252f71	1493	output/synthetic_sensor_event_robustness_v2/raw/corpora/corpus_12203/lexicon_oracle.json
e2976d1a39d6fcffea6ec81cf347b6d11807b70dc24a9566743a2135a6b0f517	362630	output/synthetic_sensor_event_robustness_v2/raw/corpora/corpus_12203/oracle_episodes.jsonl
b8ced22826b91dadc20d5108b2a68c840ced2f662dd0f0df83469700d08e0ef7	11523	output/synthetic_sensor_event_robustness_v2/raw/corpora/corpus_12203/shuffled_donor_map.json
7730dca0cf617db0a04a58189e91ff820be733bb5c792da7014c3492efc788b0	4068775	output/synthetic_sensor_event_robustness_v2/raw/corpora/corpus_12203/visible_episodes.jsonl
160559c671df2c1fed9e91fe1c5ae4d9466fd0be8fb3efe6e866597f0e0d3a97	58326	output/synthetic_sensor_event_robustness_v2/raw/corpora/corpus_12211/evaluation_items.jsonl
590fa5887898cf61845cc8f8ef47d4bade2abb86bcf1a48ec474a55b5949d567	27636	output/synthetic_sensor_event_robustness_v2/raw/corpora/corpus_12211/evaluation_oracle.jsonl
b1c06f288c3a2e48eba9a67741e40e156023f09ddf31ee6d8cdb4f2f0e3c2aa7	4493	output/synthetic_sensor_event_robustness_v2/raw/corpora/corpus_12211/generation_audit.json
91cab3aea2c0d76bca1614f6e52ed9a6441fd229602a344d07436f2c7e3f2f71	1493	output/synthetic_sensor_event_robustness_v2/raw/corpora/corpus_12211/lexicon_oracle.json
350c2ed126bad3b38df2a713eb1054334cdff7dfae0e9a593b3f28e49100c64e	362623	output/synthetic_sensor_event_robustness_v2/raw/corpora/corpus_12211/oracle_episodes.jsonl
82b6ccf56a8bd7b1801bd11ea765abd334d891b2a4099b772d3c8ca9235cccdd	11523	output/synthetic_sensor_event_robustness_v2/raw/corpora/corpus_12211/shuffled_donor_map.json
f09e98f376cfe0281ca09c124dddc0a54c2aaf1ad9433854cc8461cc0e7915db	4068077	output/synthetic_sensor_event_robustness_v2/raw/corpora/corpus_12211/visible_episodes.jsonl
00a6882fc08d85ee71af033a01486ac22894892c2682c4bff6dfa6d095cf282a	58312	output/synthetic_sensor_event_robustness_v2/raw/corpora/corpus_12227/evaluation_items.jsonl
1cb521b745e7b43ad87a1cf38183ab122afcbb10cfcaf5babc3aa2249bdcc1c2	27636	output/synthetic_sensor_event_robustness_v2/raw/corpora/corpus_12227/evaluation_oracle.jsonl
5ec2b21c6290a6839937f84219c17509601ddcc31bf3bffeef268a02cb63ca8e	4507	output/synthetic_sensor_event_robustness_v2/raw/corpora/corpus_12227/generation_audit.json
74fad0e4086b787dca9c1c1aaa0a578c5b32e468425223b9879501bbec7cb532	1493	output/synthetic_sensor_event_robustness_v2/raw/corpora/corpus_12227/lexicon_oracle.json
b3a314394655022d672deb8dc2b66511b368a5d44402d6ccce2fc9bb8345b729	362747	output/synthetic_sensor_event_robustness_v2/raw/corpora/corpus_12227/oracle_episodes.jsonl
6138906a927b505c991dd547c86e0a3861af980f9d0b367812e1d48dcd760b8f	11523	output/synthetic_sensor_event_robustness_v2/raw/corpora/corpus_12227/shuffled_donor_map.json
5b48f2f17afe29e06c17feb38d6c4aa6a88a6b835b3a7103dc226d0724f13433	4068695	output/synthetic_sensor_event_robustness_v2/raw/corpora/corpus_12227/visible_episodes.jsonl
c8bc444031266b322220a9cfbe01fe3dcd4cec596bfffc83063c23d87376f447	58300	output/synthetic_sensor_event_robustness_v2/raw/corpora/corpus_12239/evaluation_items.jsonl
7723a30e91a3ea7c6deacc9a0139d28b9409f9b0c1e3398ff9817ec3fdf98c0d	27636	output/synthetic_sensor_event_robustness_v2/raw/corpora/corpus_12239/evaluation_oracle.jsonl
276cc935288bf1c17d7f1e45545b27b68c1529cbbb9f2bbabf28f765b2c6a3ba	4496	output/synthetic_sensor_event_robustness_v2/raw/corpora/corpus_12239/generation_audit.json
7872fb813410ffe7593bf421e5d72dc524603b266ae6f11b4a9df676ad4c39da	1493	output/synthetic_sensor_event_robustness_v2/raw/corpora/corpus_12239/lexicon_oracle.json
a08fdbdd8c2a68523d189943124d8510b29e09480f8ec6e292773faa37246354	362659	output/synthetic_sensor_event_robustness_v2/raw/corpora/corpus_12239/oracle_episodes.jsonl
b9b4dc7d8d7f2895986bd2d76586aa1c5e23df957d80a09b23a30993a77696cf	11523	output/synthetic_sensor_event_robustness_v2/raw/corpora/corpus_12239/shuffled_donor_map.json
0ca07c200d3af85873922a1388d3823fba9e57438162a1d1626f37e418d85a35	4068719	output/synthetic_sensor_event_robustness_v2/raw/corpora/corpus_12239/visible_episodes.jsonl
36bf1c55ededdc152a8e38db0ca7e25a4f7acf9bee301392cbb03b98d025c20b	58299	output/synthetic_sensor_event_robustness_v2/raw/corpora/corpus_12241/evaluation_items.jsonl
da19e93543be571f938c18dc6936611d5268efde348b7778561848769a460889	27636	output/synthetic_sensor_event_robustness_v2/raw/corpora/corpus_12241/evaluation_oracle.jsonl
a530c58b900a3f351903c0f5c5544dbe686f31fe94bd431fb8407cf120b412d5	4496	output/synthetic_sensor_event_robustness_v2/raw/corpora/corpus_12241/generation_audit.json
a463dedb8bed572168851bd619dd50ef95f9497fc85fd5ba64b8a0156a342eff	1493	output/synthetic_sensor_event_robustness_v2/raw/corpora/corpus_12241/lexicon_oracle.json
459ca908fa1190c1575f434603269290af96e6f3d71177996cce13dbf77f5d1c	362565	output/synthetic_sensor_event_robustness_v2/raw/corpora/corpus_12241/oracle_episodes.jsonl
a1f44c9d27f1dc61147b3107655137697ceaa6f4da283071158e7a8ef3f144cc	11523	output/synthetic_sensor_event_robustness_v2/raw/corpora/corpus_12241/shuffled_donor_map.json
8e5378af37bca19123d572a34bbb4dd1d1264eadf81fb3ee4a662f7fc8801ee9	4068826	output/synthetic_sensor_event_robustness_v2/raw/corpora/corpus_12241/visible_episodes.jsonl
f4842a98bfefe4f7f931133dff0fd6a3c8abdb9445947b6b67d8125a327724aa	58311	output/synthetic_sensor_event_robustness_v2/raw/corpora/corpus_12251/evaluation_items.jsonl
e99caaf76d9dd7362e4179b11baef30fa5db4101aad423cf30ca8fdd8b915bab	27636	output/synthetic_sensor_event_robustness_v2/raw/corpora/corpus_12251/evaluation_oracle.jsonl
98084b69180c1e4ecc2150c6b9bf69812cd304e870f1bf5f19480309ee0ae39b	4496	output/synthetic_sensor_event_robustness_v2/raw/corpora/corpus_12251/generation_audit.json
34d5183733e199a7cbb9a3a1e89056a58da71397b14e407bc27b36b18abe74a6	1493	output/synthetic_sensor_event_robustness_v2/raw/corpora/corpus_12251/lexicon_oracle.json
ab29c942e23cc4dbfe5e4a536060b2f166000393f5994d1dcc04c50b050cccb1	362855	output/synthetic_sensor_event_robustness_v2/raw/corpora/corpus_12251/oracle_episodes.jsonl
f46b48082a605c2e4554a754b155eb85b6231a7cb52ef36cd436faec6064738d	11523	output/synthetic_sensor_event_robustness_v2/raw/corpora/corpus_12251/shuffled_donor_map.json
fa65c21f57c61a317858dd0b900ba00c7d38037dad1c131ce50e6b1066073482	4068486	output/synthetic_sensor_event_robustness_v2/raw/corpora/corpus_12251/visible_episodes.jsonl
57eba1a2a1aac1a834d3f76039e5176728f605cc5aa48e61747e484656d94fbe	778328	output/synthetic_sensor_event_robustness_v2/raw/derived_evidence/corpus_12011.jsonl
e130bac8dcc7ad4747f8524f749a7385b855ab633f88b97bb5d8acc8d734aae7	778771	output/synthetic_sensor_event_robustness_v2/raw/derived_evidence/corpus_12037.jsonl
cadf113df3c99ec39284083d084878b8f7499eb8e98abadeee17571be0fb2ecd	778912	output/synthetic_sensor_event_robustness_v2/raw/derived_evidence/corpus_12049.jsonl
b81f26b49fb7fba685ca0cf2ebc65851e8c61ff0152e304d72697c49664caa2f	779050	output/synthetic_sensor_event_robustness_v2/raw/derived_evidence/corpus_12071.jsonl
878fe9452e4603b86617337e535571294a8061ae1f696c03cc3ce0f7d2ac0a7a	778912	output/synthetic_sensor_event_robustness_v2/raw/derived_evidence/corpus_12097.jsonl
a87e2d0a19fe283d9c628872a880183260616ef4a80c1ba2899f522a89b1333a	778253	output/synthetic_sensor_event_robustness_v2/raw/derived_evidence/corpus_12101.jsonl
55a2b644037f961d2426147965177e2310bf09a757552f3536e304d009b68575	778393	output/synthetic_sensor_event_robustness_v2/raw/derived_evidence/corpus_12113.jsonl
e9d06abcc34a93897076130320598021c14f7a30e61f0374c176e87290f6800a	779404	output/synthetic_sensor_event_robustness_v2/raw/derived_evidence/corpus_12119.jsonl
51c5e2f15b79d653f5156bd44c6603ff538b9a6f28cfee2ca7c8d095b55b7459	778749	output/synthetic_sensor_event_robustness_v2/raw/derived_evidence/corpus_12143.jsonl
8c91bf1e194883163228394099260ad983a647b178b9caf11f19988f55993d9b	778611	output/synthetic_sensor_event_robustness_v2/raw/derived_evidence/corpus_12149.jsonl
5567fadb02bc6716f70e6db477d5e3fb16ef4013247ca0c96e20e05486620f2b	779102	output/synthetic_sensor_event_robustness_v2/raw/derived_evidence/corpus_12157.jsonl
386291d589d9d8cae08aa2489dae7457d158399266abeae35f716f5e0b232ffb	778950	output/synthetic_sensor_event_robustness_v2/raw/derived_evidence/corpus_12161.jsonl
f54f126becfa6c315b30403437802e44dbf189aa1dd8439b1ef0891ba04962af	778824	output/synthetic_sensor_event_robustness_v2/raw/derived_evidence/corpus_12163.jsonl
c439f97285984b7306b52c39974ff4515299d91c774b351837d727b18762bf2d	779092	output/synthetic_sensor_event_robustness_v2/raw/derived_evidence/corpus_12197.jsonl
791c002e8e7502afa851786fd51dc9a0e5c6e116eb4e80c2283c328f5ef54d34	779735	output/synthetic_sensor_event_robustness_v2/raw/derived_evidence/corpus_12203.jsonl
18f0ca563ba64195bbb941a2b94882f21c838ecb47fef5a6658927e7a07edd77	779017	output/synthetic_sensor_event_robustness_v2/raw/derived_evidence/corpus_12211.jsonl
f18348911ede02600b0c87fc936a3de3b59ea1907a4ea7f8cdd3815d877824e4	778178	output/synthetic_sensor_event_robustness_v2/raw/derived_evidence/corpus_12227.jsonl
4883ab2c9aa72c6fc108b61da1137d62bfeabb65b0826eb9d63227368140fff5	778888	output/synthetic_sensor_event_robustness_v2/raw/derived_evidence/corpus_12239.jsonl
d35485fe2158c45bd4a3291815088623cba8b930c5d0a18686664fc859e3b696	779026	output/synthetic_sensor_event_robustness_v2/raw/derived_evidence/corpus_12241.jsonl
5cf994c9face4106cfbad34e8c9e04a4fd52dac99dbe7d93cd16fa7bf9691c4c	778718	output/synthetic_sensor_event_robustness_v2/raw/derived_evidence/corpus_12251.jsonl
73901ecc68c7acd3e31e908ada94ef2b6146f74257e037d6fb4014bdaa7826dc	11119406	output/synthetic_sensor_event_robustness_v2/raw/development_runs.jsonl
ad17d340ab587d6ae302ea009fbaf06b42e3c31e39448b7612f6d981e3ca2c57	14420874	output/synthetic_sensor_event_robustness_v2/raw/sensitivity_runs.jsonl
9c4af52e3d8c1be87a9b544264078dea151f7aba0277666bd295140e2cf8e8b2	1479	output/synthetic_sensor_event_robustness_v2/reproducibility.json
963446ee3bd7df2a4de676698234f505a10ded49e2a9b33c53f753f23ae7b01e	10378	output/synthetic_sensor_event_robustness_v2/scientific_report.md
6909239c9ee9ed3ba11c33b1596ced747185930211ed8246c3d27a8e1d0776cb	7844	output/synthetic_sensor_event_robustness_v2/terminal_decision.json
a0e7681d26ea890fea6df9a641f4fee9589b38300d1f6c70f996084becce21b0	1943	output/synthetic_sensor_event_robustness_v2/validation_report.json
10482cabccac5a50fcf0ace5a41d7e8f47120b87a2371f49926667159ffb4700	697	output/synthetic_sensor_event_robustness_v2/validation_report.md
f0f8bb850ee795c83f777132171b24d54d1616688488f330e7ed1817bfa13fd8	58504	output/synthetic_weak_alignment_recovery_v1/aggregate_results.json
c4a6ef04fc2c90d5d8811f4530a1e5f1fbe2ddb23cd11be36fcc0a9362ac546f	466	output/synthetic_weak_alignment_recovery_v1/audits/confirmation_reserve_guard.json
6c11f9b92ed15f6e105dc82157699998168ef654add8d313fbc3604e1d5a2ab5	741	output/synthetic_weak_alignment_recovery_v1/audits/leakage_shortcut_checks.json
a9ad9a8c2fb7843c473b67cd86dcea30d1bd02e891f1cb588b5cafcbb6723faa	405	output/synthetic_weak_alignment_recovery_v1/audits/learnability_controls.json
6116fd59ccb440fb41052737d5e3b28b0e906de86e6e1eb6135dfe512e755a0b	4393	output/synthetic_weak_alignment_recovery_v1/audits/manipulation_checks.json
5bef90aebcde440034c4a22a14d1f2fe1442d8e4f39f610f21c79306144e7a5b	832	output/synthetic_weak_alignment_recovery_v1/audits/modality_withholding_audit.json
de26669faf2f78bda4b9b52edd9a9618693929fd3a89d7341d361be8bd040ac6	21405	output/synthetic_weak_alignment_recovery_v1/audits/pairing_fairness_checks.json
f3132a0ab27dd0d62bec4738db9d298ac5e1d5bc7d084af780f18e22937db0c1	1158	output/synthetic_weak_alignment_recovery_v1/audits/protocol_freeze.json
f3cd4f4951ada8f11ba74c93b06344c84bcd29eac165bc56262319b38656f319	552	output/synthetic_weak_alignment_recovery_v1/confirmation_reserve_manifest.json
998112744687b5a76b8e3303a7c24a62b4b7e15d301d795db89e7c521f3b731b	1734	output/synthetic_weak_alignment_recovery_v1/development_run_manifest.json
5380c7bbc23b0e9ca93bfa0acba0e3669634c50a95ab08b47f6f299381da2f01	4016	output/synthetic_weak_alignment_recovery_v1/freeze_receipt.json
19de1000f0eca2250e63e64a87e9691fce70616bf99f0bef7b80a6eb3b0879ef	4534	output/synthetic_weak_alignment_recovery_v1/frozen_config_snapshot.yaml
82ade872a4fe75bd43b0db3138d4bf98ec8b12ebf00f451a195f0941f28b0f90	12156	output/synthetic_weak_alignment_recovery_v1/frozen_protocol_snapshot.md
5507d369b0569e93021fd76665a346c1ad8c598a858887d1cdf0b7d8a26c55a9	4794	output/synthetic_weak_alignment_recovery_v1/primary_sources_snapshot.json
c2c886a21b49bb627cb51152b4a273e4de70705bcb001d75015c2aae5d39923b	104219	output/synthetic_weak_alignment_recovery_v1/raw/corpora/corpus_1103/evaluation_items.jsonl
281cca97c0c9a06bb48b52c253b6a867f634149dc2477a22c852c8475ac5a6cc	44145	output/synthetic_weak_alignment_recovery_v1/raw/corpora/corpus_1103/evaluation_oracle.jsonl
9f23c79639465f21f5a4729e633fd29caf900c22a5a87c53c5a4794c76675666	12894	output/synthetic_weak_alignment_recovery_v1/raw/corpora/corpus_1103/generation_audit.json
50af3a6de47681b9f8f9ee702a4b4611bd7070b230ab7f0f4b45b8e60f42817a	2252	output/synthetic_weak_alignment_recovery_v1/raw/corpora/corpus_1103/lexicon_oracle.json
cf3b0e8503fd360d3f768482cbdf283e67f1950d678d287a4ca1397cf91fe7fe	132946	output/synthetic_weak_alignment_recovery_v1/raw/corpora/corpus_1103/oracle_episodes.jsonl
047d1f8f93c63660c114fd67c6ba8531545c391ccc43261c5930add9440551cf	8643	output/synthetic_weak_alignment_recovery_v1/raw/corpora/corpus_1103/shuffled_donor_map.json
0f848177a194bd3880ed0db0820a838f9d27d26b127f270a1f89458c09896f8b	30134	output/synthetic_weak_alignment_recovery_v1/raw/corpora/corpus_1103/synchronized_side.jsonl
8b9141cc1235ebcd62605f3876a467c1a2e11fdcba39c43ca3071c7e28f3cf15	224055	output/synthetic_weak_alignment_recovery_v1/raw/corpora/corpus_1103/visible_episodes.jsonl
f360c46b6859ad7e6b2392bf965aafcfe7e8a7c887d445d00b0dd865b08bc613	104182	output/synthetic_weak_alignment_recovery_v1/raw/corpora/corpus_2207/evaluation_items.jsonl
1142f929341b24577a9524860fade3b5e7be5b4fe84acda8532912025ea34f5a	44145	output/synthetic_weak_alignment_recovery_v1/raw/corpora/corpus_2207/evaluation_oracle.jsonl
25b70f9c256bd6f815514eef6449b3434dad5171a47858b82dc735ce4f3f989b	12894	output/synthetic_weak_alignment_recovery_v1/raw/corpora/corpus_2207/generation_audit.json
f44b698c505848ba474d27cbb33f65e69f78fc2ba45b1481cded14fd5d33d491	2252	output/synthetic_weak_alignment_recovery_v1/raw/corpora/corpus_2207/lexicon_oracle.json
f2e1a2634905cad3b367de96efc1ce04d48dbc886573ac2e7261d771df934bf4	132991	output/synthetic_weak_alignment_recovery_v1/raw/corpora/corpus_2207/oracle_episodes.jsonl
ff19d1020f8ad83b843c27be10ca2458a66ddbab3a6b20508e5fc01a9bea9456	8643	output/synthetic_weak_alignment_recovery_v1/raw/corpora/corpus_2207/shuffled_donor_map.json
88500a1ebe55896898852f1053e84c8317af1dcbe887845f821b4e81f94c5932	30126	output/synthetic_weak_alignment_recovery_v1/raw/corpora/corpus_2207/synchronized_side.jsonl
5495f77d8b25bb6fc22504512ef094a460071a0c2542d4586faa055c5104af1b	224416	output/synthetic_weak_alignment_recovery_v1/raw/corpora/corpus_2207/visible_episodes.jsonl
bee8b111327fb2e225c4f8e4c6c08f46af8223f5f8c0acef1aea594c8ac3a36c	104161	output/synthetic_weak_alignment_recovery_v1/raw/corpora/corpus_3301/evaluation_items.jsonl
8a118a7abfd762e92516bfec0cf1051b171c0a607e993cda73e6f42440271175	44145	output/synthetic_weak_alignment_recovery_v1/raw/corpora/corpus_3301/evaluation_oracle.jsonl
8d986708f9b3485ef877662364d7dc77252e14f6358c409bfc253c022314e679	12894	output/synthetic_weak_alignment_recovery_v1/raw/corpora/corpus_3301/generation_audit.json
a4da0afefafcc3ed06d5464ccd5b9b9959a6a9223ca111f96833bb6581d262ce	2252	output/synthetic_weak_alignment_recovery_v1/raw/corpora/corpus_3301/lexicon_oracle.json
6f36f659cabedf3067b2ca039071ca502136caf6690376d0f84fe1b4cfcd9963	133011	output/synthetic_weak_alignment_recovery_v1/raw/corpora/corpus_3301/oracle_episodes.jsonl
fe5db8fde70759ad8c75a21d5a24602638b68a6abad988c70e90734677c671e4	8643	output/synthetic_weak_alignment_recovery_v1/raw/corpora/corpus_3301/shuffled_donor_map.json
b75221eda0747363db8626ded4e07e383abf75a5c725b02aae304819f63868da	30116	output/synthetic_weak_alignment_recovery_v1/raw/corpora/corpus_3301/synchronized_side.jsonl
76029061d727aabaee58b2b3f3b8975bfdf3fe4ce74e17a8aec7a6e8a150a904	224123	output/synthetic_weak_alignment_recovery_v1/raw/corpora/corpus_3301/visible_episodes.jsonl
3527cb99e67bd984b17f91ae8eb8021b3a94dc8735a8a9a923da7f30703f40d2	104180	output/synthetic_weak_alignment_recovery_v1/raw/corpora/corpus_4409/evaluation_items.jsonl
8356de7ef103a5f22ab27eade8a18c274dd86ca71144e442548b61d1ebbcf64c	44145	output/synthetic_weak_alignment_recovery_v1/raw/corpora/corpus_4409/evaluation_oracle.jsonl
5dc80504c7eac01b5fa1187d0dca062614a532dfac4b01b79022fc91da189a4f	12894	output/synthetic_weak_alignment_recovery_v1/raw/corpora/corpus_4409/generation_audit.json
03435c0f8d95b78362436457fca76030155ff66fb7bb1c9525980d531aed6241	2252	output/synthetic_weak_alignment_recovery_v1/raw/corpora/corpus_4409/lexicon_oracle.json
2fd4b26cd5e9a60a730bb05ff20a98c3c5a1790573fded3b9bf21e4f63e8b775	133130	output/synthetic_weak_alignment_recovery_v1/raw/corpora/corpus_4409/oracle_episodes.jsonl
eca810dfea4460768e3dc0aeafb75d2e842d74b24b73f3e6855cbcad1d92fcff	8643	output/synthetic_weak_alignment_recovery_v1/raw/corpora/corpus_4409/shuffled_donor_map.json
400313db95e8c68547f329b247cb998b5126fd1e90c310e7b4b28341c0a5b5c0	30116	output/synthetic_weak_alignment_recovery_v1/raw/corpora/corpus_4409/synchronized_side.jsonl
a7d203ad0ed132d4b386b2bf323e30ade26365565aa5dabeff4cb7dc4cc92bb6	224194	output/synthetic_weak_alignment_recovery_v1/raw/corpora/corpus_4409/visible_episodes.jsonl
2d32b46751dbe18d4b26e51ddff28523b7d8068dd857eaaa4e515120bc5e3c6f	727028	output/synthetic_weak_alignment_recovery_v1/raw/development_runs.jsonl
920af4f880b4775214e6f75c9fa9d1edc19397a42fbf5b1140c6f228a122ab19	397558	output/synthetic_weak_alignment_recovery_v1/raw/sensitivity_runs.jsonl
6fbd93e74339a263a5bfc2c4bc7027e28a548cadf4059e5b350689d54c4b56f7	2417	output/synthetic_weak_alignment_recovery_v1/reproducibility.json
e69972d5efd0a443ad3bfd103bc3723ee91df257a8811f5aa925c57007017626	9280	output/synthetic_weak_alignment_recovery_v1/scientific_report.md
91238981b51b4a9a7fde0243a9cec4160c3ac4d572ebbbe7c18def6b809546d1	3406	output/synthetic_weak_alignment_recovery_v1/terminal_decision.json
22b6b578ade8bf9034609a9ab0011bc34f43c9e62c49333a717cdb4d56abe3d7	6087	scripts/__pycache__/run_synthetic_sensor_event_robustness_v2.cpython-312.pyc
db0ca92ffa6d211fd93089ec64fbfa13252339606ca4c97ab3246e449184b475	5400	scripts/__pycache__/run_synthetic_weak_alignment_v1.cpython-312.pyc
68932a2ed1cccbe6cb4b45d4b2c5bdaf47cf5e212f4584ef0f169b32f32ac10d	1123	scripts/run_synthetic_component_robustness_v3.py
2875d9bca276c69b04979b485d3cf68843b49472e57aafaf7c126f085a61eba7	13955	scripts/run_synthetic_development_launch_v1.py
5a83db30c7afdd2111829afa42beed147b561452d1db6e0880218b79d3d0a324	6393	scripts/run_synthetic_identifiability_qualification_v5.py
851f0ba9bc2a30da712c53b8bd61d4bfab29b16f2b3ae47b37a4ee384a271d76	6467	scripts/run_synthetic_identifiability_qualification_v6.py
0f7e42788a6545a937ee1d6afb8ce08e5c069bf90268f6f96bdad4324eff3f01	7297	scripts/run_synthetic_identifiability_qualification_v7.py
d9afdd71f479fade0f0fb927c11dbd42dc111e3cfaa8d4865f9a31895031de35	8615	scripts/run_synthetic_identifiability_qualification_v8.py
c19a0644e283ddf09e804ec2d68feb756f556b7aa8e0f3eb7a34c1ff71f0ff01	3379	scripts/run_synthetic_protocol_fidelity_v4.py
8fe91ddd86ccbc5b6f56e2da9e775c19b362639afd5d0222776ede5791971a1a	4643	scripts/run_synthetic_sensor_event_robustness_v2.py
5d58a81bf83c76614fb3045fccbfd26a039746c1bbc09d96e21da73a17d34dfc	4025	scripts/run_synthetic_weak_alignment_v1.py
54ded5376d288bb7c6333a7a01e6baa0f0cc592c43da2f8edeb5307a351dfafc	25243	tests/__pycache__/test_synthetic_component_robustness_v3.cpython-312-pytest-9.1.1.pyc
4b0884882866977f99a2c4dab0d1c6cee3f87b50ae92738745022a8c235496f4	8400	tests/__pycache__/test_synthetic_component_robustness_v3.cpython-312.pyc
7d07ee83b4cb976f773fefa6c576dc4ff235cac214ef08dacb8dc276b0daedf8	27600	tests/__pycache__/test_synthetic_component_robustness_v3.cpython-314-pytest-9.0.2.pyc
a5d977d59c3adf90862880e01514ca10284640a70d2b8dfcd33641ba709fa5da	69179	tests/__pycache__/test_synthetic_sensor_event_robustness_v2.cpython-312-pytest-9.1.1.pyc
5eb3e9478da4b5a243e80d616ae8120df5d2316b210caee39887c1b5dde14175	27623	tests/__pycache__/test_synthetic_sensor_event_robustness_v2.cpython-312.pyc
18dfd03b36c7d7bcbdb616fbb0559472afc8f6f2c991e2ae086fbc3c2cc4b1a5	77781	tests/__pycache__/test_synthetic_sensor_event_robustness_v2.cpython-314-pytest-9.0.2.pyc
7fd632e47778590e55b849ee072bb55b5fdad4de113e53acf0ebc8c7eecec9c7	41977	tests/__pycache__/test_synthetic_weak_alignment_v1.cpython-312-pytest-9.1.1.pyc
a28b42d76b00573615a2a69691c370526888911ef7716ef4ed5b0a8d83d308d3	47341	tests/__pycache__/test_synthetic_weak_alignment_v1.cpython-314-pytest-9.0.2.pyc
6142d91fcf47cd5b0e98905c69de506c19a054234aea426b6b488eede398f20c	3672	tests/test_synthetic_component_robustness_v3.py
5e93a631ad7531103e6e49161931e214b18e9874888070bc33cc06c405d8dc73	15086	tests/test_synthetic_development_launch_v1.py
04bf49ff8c57405aee3d4c8654bb0afebc0349e7b873170f0e5eb9bec252cd57	16104	tests/test_synthetic_identifiability_qualification_v5.py
5fa338b12e644b414f0f7053c9b1e314fe2f8c1aaa390d74a92467a31c170770	16104	tests/test_synthetic_identifiability_qualification_v6.py
07d25c2527bc767c8be2fa44214e65cffd95390bc071091fe5f42f513947c331	20833	tests/test_synthetic_identifiability_qualification_v7.py
1195b449dbc4cbfd808d2e17f254ad5c05b88df4932ebf059108e90a3e3f8c0f	21794	tests/test_synthetic_identifiability_qualification_v8.py
7a49d05ffcfed7f7acc5fd25bdd5a5057bbe9dbab0458a4b75f2de064e3b7586	18357	tests/test_synthetic_protocol_fidelity_v4.py
2253d4694449ee740c56be49349c0249f43e796f9ed16eec36209182e1c0a556	19757	tests/test_synthetic_sensor_event_robustness_v2.py
ea1f34716785216f534b664bae992da6985ea66ae40efdb1ddb240da6a9bb928	11200	tests/test_synthetic_weak_alignment_v1.py
